Codepoints	Name	Group	Subgroup	Version	Status
1F600	grinning face	Smileys & Emotion	face-smiling	E1.0	fully-qualified
1F603	grinning face with big eyes	Smileys & Emotion	face-smiling	E0.6	fully-qualified
1F604	grinning face with smiling eyes	Smileys & Emotion	face-smiling	E0.6	fully-qualified
1F601	beaming face with smiling eyes	Smileys & Emotion	face-smiling	E0.6	fully-qualified
1F606	grinning squinting face	Smileys & Emotion	face-smiling	E0.6	fully-qualified
1F605	grinning face with sweat	Smileys & Emotion	face-smiling	E0.6	fully-qualified
1F923	rolling on the floor laughing	Smileys & Emotion	face-smiling	E3.0	fully-qualified
1F602	face with tears of joy	Smileys & Emotion	face-smiling	E0.6	fully-qualified
1F642	slightly smiling face	Smileys & Emotion	face-smiling	E1.0	fully-qualified
1F643	upside-down face	Smileys & Emotion	face-smiling	E1.0	fully-qualified
1FAE0	melting face	Smileys & Emotion	face-smiling	E14.0	fully-qualified
1F609	winking face	Smileys & Emotion	face-smiling	E0.6	fully-qualified
1F60A	smiling face with smiling eyes	Smileys & Emotion	face-smiling	E0.6	fully-qualified
1F607	smiling face with halo	Smileys & Emotion	face-smiling	E1.0	fully-qualified
1F970	smiling face with hearts	Smileys & Emotion	face-affection	E11.0	fully-qualified
1F60D	smiling face with heart-eyes	Smileys & Emotion	face-affection	E0.6	fully-qualified
1F929	star-struck	Smileys & Emotion	face-affection	E5.0	fully-qualified
1F618	face blowing a kiss	Smileys & Emotion	face-affection	E0.6	fully-qualified
1F617	kissing face	Smileys & Emotion	face-affection	E1.0	fully-qualified
263A FE0F	smiling face	Smileys & Emotion	face-affection	E0.6	fully-qualified
1F61A	kissing face with closed eyes	Smileys & Emotion	face-affection	E0.6	fully-qualified
1F619	kissing face with smiling eyes	Smileys & Emotion	face-affection	E1.0	fully-qualified
1F972	smiling face with tear	Smileys & Emotion	face-affection	E13.0	fully-qualified
1F60B	face savoring food	Smileys & Emotion	face-tongue	E0.6	fully-qualified
1F61B	face with tongue	Smileys & Emotion	face-tongue	E1.0	fully-qualified
1F61C	winking face with tongue	Smileys & Emotion	face-tongue	E0.6	fully-qualified
1F92A	zany face	Smileys & Emotion	face-tongue	E5.0	fully-qualified
1F61D	squinting face with tongue	Smileys & Emotion	face-tongue	E0.6	fully-qualified
1F911	money-mouth face	Smileys & Emotion	face-tongue	E1.0	fully-qualified
1F917	smiling face with open hands	Smileys & Emotion	face-hand	E1.0	fully-qualified
1F92D	face with hand over mouth	Smileys & Emotion	face-hand	E5.0	fully-qualified
1FAE2	face with open eyes and hand over mouth	Smileys & Emotion	face-hand	E14.0	fully-qualified
1FAE3	face with peeking eye	Smileys & Emotion	face-hand	E14.0	fully-qualified
1F92B	shushing face	Smileys & Emotion	face-hand	E5.0	fully-qualified
1F914	thinking face	Smileys & Emotion	face-hand	E1.0	fully-qualified
1FAE1	saluting face	Smileys & Emotion	face-hand	E14.0	fully-qualified
1F910	zipper-mouth face	Smileys & Emotion	face-neutral-skeptical	E1.0	fully-qualified
1F928	face with raised eyebrow	Smileys & Emotion	face-neutral-skeptical	E5.0	fully-qualified
1F610	neutral face	Smileys & Emotion	face-neutral-skeptical	E0.7	fully-qualified
1F611	expressionless face	Smileys & Emotion	face-neutral-skeptical	E1.0	fully-qualified
1F636	face without mouth	Smileys & Emotion	face-neutral-skeptical	E1.0	fully-qualified
1FAE5	dotted line face	Smileys & Emotion	face-neutral-skeptical	E14.0	fully-qualified
1F636 200D 1F32B FE0F	face in clouds	Smileys & Emotion	face-neutral-skeptical	E13.1	fully-qualified
1F60F	smirking face	Smileys & Emotion	face-neutral-skeptical	E0.6	fully-qualified
1F612	unamused face	Smileys & Emotion	face-neutral-skeptical	E0.6	fully-qualified
1F644	face with rolling eyes	Smileys & Emotion	face-neutral-skeptical	E1.0	fully-qualified
1F62C	grimacing face	Smileys & Emotion	face-neutral-skeptical	E1.0	fully-qualified
1F62E 200D 1F4A8	face exhaling	Smileys & Emotion	face-neutral-skeptical	E13.1	fully-qualified
1F925	lying face	Smileys & Emotion	face-neutral-skeptical	E3.0	fully-qualified
1FAE8	shaking face	Smileys & Emotion	face-neutral-skeptical	E15.0	fully-qualified
1F642 200D 2194 FE0F	head shaking horizontally	Smileys & Emotion	face-neutral-skeptical	E15.1	fully-qualified
1F642 200D 2195 FE0F	head shaking vertically	Smileys & Emotion	face-neutral-skeptical	E15.1	fully-qualified
1F60C	relieved face	Smileys & Emotion	face-sleepy	E0.6	fully-qualified
1F614	pensive face	Smileys & Emotion	face-sleepy	E0.6	fully-qualified
1F62A	sleepy face	Smileys & Emotion	face-sleepy	E0.6	fully-qualified
1F924	drooling face	Smileys & Emotion	face-sleepy	E3.0	fully-qualified
1F634	sleeping face	Smileys & Emotion	face-sleepy	E1.0	fully-qualified
1FAE9	face with bags under eyes	Smileys & Emotion	face-sleepy	E16.0	fully-qualified
1F637	face with medical mask	Smileys & Emotion	face-unwell	E0.6	fully-qualified
1F912	face with thermometer	Smileys & Emotion	face-unwell	E1.0	fully-qualified
1F915	face with head-bandage	Smileys & Emotion	face-unwell	E1.0	fully-qualified
1F922	nauseated face	Smileys & Emotion	face-unwell	E3.0	fully-qualified
1F92E	face vomiting	Smileys & Emotion	face-unwell	E5.0	fully-qualified
1F927	sneezing face	Smileys & Emotion	face-unwell	E3.0	fully-qualified
1F975	hot face	Smileys & Emotion	face-unwell	E11.0	fully-qualified
1F976	cold face	Smileys & Emotion	face-unwell	E11.0	fully-qualified
1F974	woozy face	Smileys & Emotion	face-unwell	E11.0	fully-qualified
1F635	face with crossed-out eyes	Smileys & Emotion	face-unwell	E0.6	fully-qualified
1F635 200D 1F4AB	face with spiral eyes	Smileys & Emotion	face-unwell	E13.1	fully-qualified
1F92F	exploding head	Smileys & Emotion	face-unwell	E5.0	fully-qualified
1F920	cowboy hat face	Smileys & Emotion	face-hat	E3.0	fully-qualified
1F973	partying face	Smileys & Emotion	face-hat	E11.0	fully-qualified
1F978	disguised face	Smileys & Emotion	face-hat	E13.0	fully-qualified
1F60E	smiling face with sunglasses	Smileys & Emotion	face-glasses	E1.0	fully-qualified
1F913	nerd face	Smileys & Emotion	face-glasses	E1.0	fully-qualified
1F9D0	face with monocle	Smileys & Emotion	face-glasses	E5.0	fully-qualified
1F615	confused face	Smileys & Emotion	face-concerned	E1.0	fully-qualified
1FAE4	face with diagonal mouth	Smileys & Emotion	face-concerned	E14.0	fully-qualified
1F61F	worried face	Smileys & Emotion	face-concerned	E1.0	fully-qualified
1F641	slightly frowning face	Smileys & Emotion	face-concerned	E1.0	fully-qualified
2639 FE0F	frowning face	Smileys & Emotion	face-concerned	E0.7	fully-qualified
1F62E	face with open mouth	Smileys & Emotion	face-concerned	E1.0	fully-qualified
1F62F	hushed face	Smileys & Emotion	face-concerned	E1.0	fully-qualified
1F632	astonished face	Smileys & Emotion	face-concerned	E0.6	fully-qualified
1F633	flushed face	Smileys & Emotion	face-concerned	E0.6	fully-qualified
1FAEA	distorted face	Smileys & Emotion	face-concerned	E17.0	fully-qualified
1F97A	pleading face	Smileys & Emotion	face-concerned	E11.0	fully-qualified
1F979	face holding back tears	Smileys & Emotion	face-concerned	E14.0	fully-qualified
1F626	frowning face with open mouth	Smileys & Emotion	face-concerned	E1.0	fully-qualified
1F627	anguished face	Smileys & Emotion	face-concerned	E1.0	fully-qualified
1F628	fearful face	Smileys & Emotion	face-concerned	E0.6	fully-qualified
1F630	anxious face with sweat	Smileys & Emotion	face-concerned	E0.6	fully-qualified
1F625	sad but relieved face	Smileys & Emotion	face-concerned	E0.6	fully-qualified
1F622	crying face	Smileys & Emotion	face-concerned	E0.6	fully-qualified
1F62D	loudly crying face	Smileys & Emotion	face-concerned	E0.6	fully-qualified
1F631	face screaming in fear	Smileys & Emotion	face-concerned	E0.6	fully-qualified
1F616	confounded face	Smileys & Emotion	face-concerned	E0.6	fully-qualified
1F623	persevering face	Smileys & Emotion	face-concerned	E0.6	fully-qualified
1F61E	disappointed face	Smileys & Emotion	face-concerned	E0.6	fully-qualified
1F613	downcast face with sweat	Smileys & Emotion	face-concerned	E0.6	fully-qualified
1F629	weary face	Smileys & Emotion	face-concerned	E0.6	fully-qualified
1F62B	tired face	Smileys & Emotion	face-concerned	E0.6	fully-qualified
1F971	yawning face	Smileys & Emotion	face-concerned	E12.0	fully-qualified
1F624	face with steam from nose	Smileys & Emotion	face-negative	E0.6	fully-qualified
1F621	enraged face	Smileys & Emotion	face-negative	E0.6	fully-qualified
1F620	angry face	Smileys & Emotion	face-negative	E0.6	fully-qualified
1F92C	face with symbols on mouth	Smileys & Emotion	face-negative	E5.0	fully-qualified
1F608	smiling face with horns	Smileys & Emotion	face-negative	E1.0	fully-qualified
1F47F	angry face with horns	Smileys & Emotion	face-negative	E0.6	fully-qualified
1F480	skull	Smileys & Emotion	face-negative	E0.6	fully-qualified
2620 FE0F	skull and crossbones	Smileys & Emotion	face-negative	E1.0	fully-qualified
1F4A9	pile of poo	Smileys & Emotion	face-costume	E0.6	fully-qualified
1F921	clown face	Smileys & Emotion	face-costume	E3.0	fully-qualified
1F479	ogre	Smileys & Emotion	face-costume	E0.6	fully-qualified
1F47A	goblin	Smileys & Emotion	face-costume	E0.6	fully-qualified
1F47B	ghost	Smileys & Emotion	face-costume	E0.6	fully-qualified
1F47D	alien	Smileys & Emotion	face-costume	E0.6	fully-qualified
1F47E	alien monster	Smileys & Emotion	face-costume	E0.6	fully-qualified
1F916	robot	Smileys & Emotion	face-costume	E1.0	fully-qualified
1F63A	grinning cat	Smileys & Emotion	cat-face	E0.6	fully-qualified
1F638	grinning cat with smiling eyes	Smileys & Emotion	cat-face	E0.6	fully-qualified
1F639	cat with tears of joy	Smileys & Emotion	cat-face	E0.6	fully-qualified
1F63B	smiling cat with heart-eyes	Smileys & Emotion	cat-face	E0.6	fully-qualified
1F63C	cat with wry smile	Smileys & Emotion	cat-face	E0.6	fully-qualified
1F63D	kissing cat	Smileys & Emotion	cat-face	E0.6	fully-qualified
1F640	weary cat	Smileys & Emotion	cat-face	E0.6	fully-qualified
1F63F	crying cat	Smileys & Emotion	cat-face	E0.6	fully-qualified
1F63E	pouting cat	Smileys & Emotion	cat-face	E0.6	fully-qualified
1F648	see-no-evil monkey	Smileys & Emotion	monkey-face	E0.6	fully-qualified
1F649	hear-no-evil monkey	Smileys & Emotion	monkey-face	E0.6	fully-qualified
1F64A	speak-no-evil monkey	Smileys & Emotion	monkey-face	E0.6	fully-qualified
1F48C	love letter	Smileys & Emotion	heart	E0.6	fully-qualified
1F498	heart with arrow	Smileys & Emotion	heart	E0.6	fully-qualified
1F49D	heart with ribbon	Smileys & Emotion	heart	E0.6	fully-qualified
1F496	sparkling heart	Smileys & Emotion	heart	E0.6	fully-qualified
1F497	growing heart	Smileys & Emotion	heart	E0.6	fully-qualified
1F493	beating heart	Smileys & Emotion	heart	E0.6	fully-qualified
1F49E	revolving hearts	Smileys & Emotion	heart	E0.6	fully-qualified
1F495	two hearts	Smileys & Emotion	heart	E0.6	fully-qualified
1F49F	heart decoration	Smileys & Emotion	heart	E0.6	fully-qualified
2763 FE0F	heart exclamation	Smileys & Emotion	heart	E1.0	fully-qualified
1F494	broken heart	Smileys & Emotion	heart	E0.6	fully-qualified
2764 FE0F 200D 1F525	heart on fire	Smileys & Emotion	heart	E13.1	fully-qualified
2764 FE0F 200D 1FA79	mending heart	Smileys & Emotion	heart	E13.1	fully-qualified
2764 FE0F	red heart	Smileys & Emotion	heart	E0.6	fully-qualified
1FA77	pink heart	Smileys & Emotion	heart	E15.0	fully-qualified
1F9E1	orange heart	Smileys & Emotion	heart	E5.0	fully-qualified
1F49B	yellow heart	Smileys & Emotion	heart	E0.6	fully-qualified
1F49A	green heart	Smileys & Emotion	heart	E0.6	fully-qualified
1F499	blue heart	Smileys & Emotion	heart	E0.6	fully-qualified
1FA75	light blue heart	Smileys & Emotion	heart	E15.0	fully-qualified
1F49C	purple heart	Smileys & Emotion	heart	E0.6	fully-qualified
1F90E	brown heart	Smileys & Emotion	heart	E12.0	fully-qualified
1F5A4	black heart	Smileys & Emotion	heart	E3.0	fully-qualified
1FA76	grey heart	Smileys & Emotion	heart	E15.0	fully-qualified
1F90D	white heart	Smileys & Emotion	heart	E12.0	fully-qualified
1F48B	kiss mark	Smileys & Emotion	emotion	E0.6	fully-qualified
1F4AF	hundred points	Smileys & Emotion	emotion	E0.6	fully-qualified
1F4A2	anger symbol	Smileys & Emotion	emotion	E0.6	fully-qualified
1FAEF	fight cloud	Smileys & Emotion	emotion	E17.0	fully-qualified
1F4A5	collision	Smileys & Emotion	emotion	E0.6	fully-qualified
1F4AB	dizzy	Smileys & Emotion	emotion	E0.6	fully-qualified
1F4A6	sweat droplets	Smileys & Emotion	emotion	E0.6	fully-qualified
1F4A8	dashing away	Smileys & Emotion	emotion	E0.6	fully-qualified
1F573 FE0F	hole	Smileys & Emotion	emotion	E0.7	fully-qualified
1F4AC	speech balloon	Smileys & Emotion	emotion	E0.6	fully-qualified
1F441 FE0F 200D 1F5E8 FE0F	eye in speech bubble	Smileys & Emotion	emotion	E2.0	fully-qualified
1F5E8 FE0F	left speech bubble	Smileys & Emotion	emotion	E2.0	fully-qualified
1F5EF FE0F	right anger bubble	Smileys & Emotion	emotion	E0.7	fully-qualified
1F4AD	thought balloon	Smileys & Emotion	emotion	E1.0	fully-qualified
1F4A4	ZZZ	Smileys & Emotion	emotion	E0.6	fully-qualified
1F44B	waving hand	People & Body	hand-fingers-open	E0.6	fully-qualified
1F44B 1F3FB	waving hand: light skin tone	People & Body	hand-fingers-open	E1.0	fully-qualified
1F44B 1F3FC	waving hand: medium-light skin tone	People & Body	hand-fingers-open	E1.0	fully-qualified
1F44B 1F3FD	waving hand: medium skin tone	People & Body	hand-fingers-open	E1.0	fully-qualified
1F44B 1F3FE	waving hand: medium-dark skin tone	People & Body	hand-fingers-open	E1.0	fully-qualified
1F44B 1F3FF	waving hand: dark skin tone	People & Body	hand-fingers-open	E1.0	fully-qualified
1F91A	raised back of hand	People & Body	hand-fingers-open	E3.0	fully-qualified
1F91A 1F3FB	raised back of hand: light skin tone	People & Body	hand-fingers-open	E3.0	fully-qualified
1F91A 1F3FC	raised back of hand: medium-light skin tone	People & Body	hand-fingers-open	E3.0	fully-qualified
1F91A 1F3FD	raised back of hand: medium skin tone	People & Body	hand-fingers-open	E3.0	fully-qualified
1F91A 1F3FE	raised back of hand: medium-dark skin tone	People & Body	hand-fingers-open	E3.0	fully-qualified
1F91A 1F3FF	raised back of hand: dark skin tone	People & Body	hand-fingers-open	E3.0	fully-qualified
1F590 FE0F	hand with fingers splayed	People & Body	hand-fingers-open	E0.7	fully-qualified
1F590 1F3FB	hand with fingers splayed: light skin tone	People & Body	hand-fingers-open	E1.0	fully-qualified
1F590 1F3FC	hand with fingers splayed: medium-light skin tone	People & Body	hand-fingers-open	E1.0	fully-qualified
1F590 1F3FD	hand with fingers splayed: medium skin tone	People & Body	hand-fingers-open	E1.0	fully-qualified
1F590 1F3FE	hand with fingers splayed: medium-dark skin tone	People & Body	hand-fingers-open	E1.0	fully-qualified
1F590 1F3FF	hand with fingers splayed: dark skin tone	People & Body	hand-fingers-open	E1.0	fully-qualified
270B	raised hand	People & Body	hand-fingers-open	E0.6	fully-qualified
270B 1F3FB	raised hand: light skin tone	People & Body	hand-fingers-open	E1.0	fully-qualified
270B 1F3FC	raised hand: medium-light skin tone	People & Body	hand-fingers-open	E1.0	fully-qualified
270B 1F3FD	raised hand: medium skin tone	People & Body	hand-fingers-open	E1.0	fully-qualified
270B 1F3FE	raised hand: medium-dark skin tone	People & Body	hand-fingers-open	E1.0	fully-qualified
270B 1F3FF	raised hand: dark skin tone	People & Body	hand-fingers-open	E1.0	fully-qualified
1F596	vulcan salute	People & Body	hand-fingers-open	E1.0	fully-qualified
1F596 1F3FB	vulcan salute: light skin tone	People & Body	hand-fingers-open	E1.0	fully-qualified
1F596 1F3FC	vulcan salute: medium-light skin tone	People & Body	hand-fingers-open	E1.0	fully-qualified
1F596 1F3FD	vulcan salute: medium skin tone	People & Body	hand-fingers-open	E1.0	fully-qualified
1F596 1F3FE	vulcan salute: medium-dark skin tone	People & Body	hand-fingers-open	E1.0	fully-qualified
1F596 1F3FF	vulcan salute: dark skin tone	People & Body	hand-fingers-open	E1.0	fully-qualified
1FAF1	rightwards hand	People & Body	hand-fingers-open	E14.0	fully-qualified
1FAF1 1F3FB	rightwards hand: light skin tone	People & Body	hand-fingers-open	E14.0	fully-qualified
1FAF1 1F3FC	rightwards hand: medium-light skin tone	People & Body	hand-fingers-open	E14.0	fully-qualified
1FAF1 1F3FD	rightwards hand: medium skin tone	People & Body	hand-fingers-open	E14.0	fully-qualified
1FAF1 1F3FE	rightwards hand: medium-dark skin tone	People & Body	hand-fingers-open	E14.0	fully-qualified
1FAF1 1F3FF	rightwards hand: dark skin tone	People & Body	hand-fingers-open	E14.0	fully-qualified
1FAF2	leftwards hand	People & Body	hand-fingers-open	E14.0	fully-qualified
1FAF2 1F3FB	leftwards hand: light skin tone	People & Body	hand-fingers-open	E14.0	fully-qualified
1FAF2 1F3FC	leftwards hand: medium-light skin tone	People & Body	hand-fingers-open	E14.0	fully-qualified
1FAF2 1F3FD	leftwards hand: medium skin tone	People & Body	hand-fingers-open	E14.0	fully-qualified
1FAF2 1F3FE	leftwards hand: medium-dark skin tone	People & Body	hand-fingers-open	E14.0	fully-qualified
1FAF2 1F3FF	leftwards hand: dark skin tone	People & Body	hand-fingers-open	E14.0	fully-qualified
1FAF3	palm down hand	People & Body	hand-fingers-open	E14.0	fully-qualified
1FAF3 1F3FB	palm down hand: light skin tone	People & Body	hand-fingers-open	E14.0	fully-qualified
1FAF3 1F3FC	palm down hand: medium-light skin tone	People & Body	hand-fingers-open	E14.0	fully-qualified
1FAF3 1F3FD	palm down hand: medium skin tone	People & Body	hand-fingers-open	E14.0	fully-qualified
1FAF3 1F3FE	palm down hand: medium-dark skin tone	People & Body	hand-fingers-open	E14.0	fully-qualified
1FAF3 1F3FF	palm down hand: dark skin tone	People & Body	hand-fingers-open	E14.0	fully-qualified
1FAF4	palm up hand	People & Body	hand-fingers-open	E14.0	fully-qualified
1FAF4 1F3FB	palm up hand: light skin tone	People & Body	hand-fingers-open	E14.0	fully-qualified
1FAF4 1F3FC	palm up hand: medium-light skin tone	People & Body	hand-fingers-open	E14.0	fully-qualified
1FAF4 1F3FD	palm up hand: medium skin tone	People & Body	hand-fingers-open	E14.0	fully-qualified
1FAF4 1F3FE	palm up hand: medium-dark skin tone	People & Body	hand-fingers-open	E14.0	fully-qualified
1FAF4 1F3FF	palm up hand: dark skin tone	People & Body	hand-fingers-open	E14.0	fully-qualified
1FAF7	leftwards pushing hand	People & Body	hand-fingers-open	E15.0	fully-qualified
1FAF7 1F3FB	leftwards pushing hand: light skin tone	People & Body	hand-fingers-open	E15.0	fully-qualified
1FAF7 1F3FC	leftwards pushing hand: medium-light skin tone	People & Body	hand-fingers-open	E15.0	fully-qualified
1FAF7 1F3FD	leftwards pushing hand: medium skin tone	People & Body	hand-fingers-open	E15.0	fully-qualified
1FAF7 1F3FE	leftwards pushing hand: medium-dark skin tone	People & Body	hand-fingers-open	E15.0	fully-qualified
1FAF7 1F3FF	leftwards pushing hand: dark skin tone	People & Body	hand-fingers-open	E15.0	fully-qualified
1FAF8	rightwards pushing hand	People & Body	hand-fingers-open	E15.0	fully-qualified
1FAF8 1F3FB	rightwards pushing hand: light skin tone	People & Body	hand-fingers-open	E15.0	fully-qualified
1FAF8 1F3FC	rightwards pushing hand: medium-light skin tone	People & Body	hand-fingers-open	E15.0	fully-qualified
1FAF8 1F3FD	rightwards pushing hand: medium skin tone	People & Body	hand-fingers-open	E15.0	fully-qualified
1FAF8 1F3FE	rightwards pushing hand: medium-dark skin tone	People & Body	hand-fingers-open	E15.0	fully-qualified
1FAF8 1F3FF	rightwards pushing hand: dark skin tone	People & Body	hand-fingers-open	E15.0	fully-qualified
1F44C	OK hand	People & Body	hand-fingers-partial	E0.6	fully-qualified
1F44C 1F3FB	OK hand: light skin tone	People & Body	hand-fingers-partial	E1.0	fully-qualified
1F44C 1F3FC	OK hand: medium-light skin tone	People & Body	hand-fingers-partial	E1.0	fully-qualified
1F44C 1F3FD	OK hand: medium skin tone	People & Body	hand-fingers-partial	E1.0	fully-qualified
1F44C 1F3FE	OK hand: medium-dark skin tone	People & Body	hand-fingers-partial	E1.0	fully-qualified
1F44C 1F3FF	OK hand: dark skin tone	People & Body	hand-fingers-partial	E1.0	fully-qualified
1F90C	pinched fingers	People & Body	hand-fingers-partial	E13.0	fully-qualified
1F90C 1F3FB	pinched fingers: light skin tone	People & Body	hand-fingers-partial	E13.0	fully-qualified
1F90C 1F3FC	pinched fingers: medium-light skin tone	People & Body	hand-fingers-partial	E13.0	fully-qualified
1F90C 1F3FD	pinched fingers: medium skin tone	People & Body	hand-fingers-partial	E13.0	fully-qualified
1F90C 1F3FE	pinched fingers: medium-dark skin tone	People & Body	hand-fingers-partial	E13.0	fully-qualified
1F90C 1F3FF	pinched fingers: dark skin tone	People & Body	hand-fingers-partial	E13.0	fully-qualified
1F90F	pinching hand	People & Body	hand-fingers-partial	E12.0	fully-qualified
1F90F 1F3FB	pinching hand: light skin tone	People & Body	hand-fingers-partial	E12.0	fully-qualified
1F90F 1F3FC	pinching hand: medium-light skin tone	People & Body	hand-fingers-partial	E12.0	fully-qualified
1F90F 1F3FD	pinching hand: medium skin tone	People & Body	hand-fingers-partial	E12.0	fully-qualified
1F90F 1F3FE	pinching hand: medium-dark skin tone	People & Body	hand-fingers-partial	E12.0	fully-qualified
1F90F 1F3FF	pinching hand: dark skin tone	People & Body	hand-fingers-partial	E12.0	fully-qualified
270C FE0F	victory hand	People & Body	hand-fingers-partial	E0.6	fully-qualified
270C 1F3FB	victory hand: light skin tone	People & Body	hand-fingers-partial	E1.0	fully-qualified
270C 1F3FC	victory hand: medium-light skin tone	People & Body	hand-fingers-partial	E1.0	fully-qualified
270C 1F3FD	victory hand: medium skin tone	People & Body	hand-fingers-partial	E1.0	fully-qualified
270C 1F3FE	victory hand: medium-dark skin tone	People & Body	hand-fingers-partial	E1.0	fully-qualified
270C 1F3FF	victory hand: dark skin tone	People & Body	hand-fingers-partial	E1.0	fully-qualified
1F91E	crossed fingers	People & Body	hand-fingers-partial	E3.0	fully-qualified
1F91E 1F3FB	crossed fingers: light skin tone	People & Body	hand-fingers-partial	E3.0	fully-qualified
1F91E 1F3FC	crossed fingers: medium-light skin tone	People & Body	hand-fingers-partial	E3.0	fully-qualified
1F91E 1F3FD	crossed fingers: medium skin tone	People & Body	hand-fingers-partial	E3.0	fully-qualified
1F91E 1F3FE	crossed fingers: medium-dark skin tone	People & Body	hand-fingers-partial	E3.0	fully-qualified
1F91E 1F3FF	crossed fingers: dark skin tone	People & Body	hand-fingers-partial	E3.0	fully-qualified
1FAF0	hand with index finger and thumb crossed	People & Body	hand-fingers-partial	E14.0	fully-qualified
1FAF0 1F3FB	hand with index finger and thumb crossed: light skin tone	People & Body	hand-fingers-partial	E14.0	fully-qualified
1FAF0 1F3FC	hand with index finger and thumb crossed: medium-light skin tone	People & Body	hand-fingers-partial	E14.0	fully-qualified
1FAF0 1F3FD	hand with index finger and thumb crossed: medium skin tone	People & Body	hand-fingers-partial	E14.0	fully-qualified
1FAF0 1F3FE	hand with index finger and thumb crossed: medium-dark skin tone	People & Body	hand-fingers-partial	E14.0	fully-qualified
1FAF0 1F3FF	hand with index finger and thumb crossed: dark skin tone	People & Body	hand-fingers-partial	E14.0	fully-qualified
1F91F	love-you gesture	People & Body	hand-fingers-partial	E5.0	fully-qualified
1F91F 1F3FB	love-you gesture: light skin tone	People & Body	hand-fingers-partial	E5.0	fully-qualified
1F91F 1F3FC	love-you gesture: medium-light skin tone	People & Body	hand-fingers-partial	E5.0	fully-qualified
1F91F 1F3FD	love-you gesture: medium skin tone	People & Body	hand-fingers-partial	E5.0	fully-qualified
1F91F 1F3FE	love-you gesture: medium-dark skin tone	People & Body	hand-fingers-partial	E5.0	fully-qualified
1F91F 1F3FF	love-you gesture: dark skin tone	People & Body	hand-fingers-partial	E5.0	fully-qualified
1F918	sign of the horns	People & Body	hand-fingers-partial	E1.0	fully-qualified
1F918 1F3FB	sign of the horns: light skin tone	People & Body	hand-fingers-partial	E1.0	fully-qualified
1F918 1F3FC	sign of the horns: medium-light skin tone	People & Body	hand-fingers-partial	E1.0	fully-qualified
1F918 1F3FD	sign of the horns: medium skin tone	People & Body	hand-fingers-partial	E1.0	fully-qualified
1F918 1F3FE	sign of the horns: medium-dark skin tone	People & Body	hand-fingers-partial	E1.0	fully-qualified
1F918 1F3FF	sign of the horns: dark skin tone	People & Body	hand-fingers-partial	E1.0	fully-qualified
1F919	call me hand	People & Body	hand-fingers-partial	E3.0	fully-qualified
1F919 1F3FB	call me hand: light skin tone	People & Body	hand-fingers-partial	E3.0	fully-qualified
1F919 1F3FC	call me hand: medium-light skin tone	People & Body	hand-fingers-partial	E3.0	fully-qualified
1F919 1F3FD	call me hand: medium skin tone	People & Body	hand-fingers-partial	E3.0	fully-qualified
1F919 1F3FE	call me hand: medium-dark skin tone	People & Body	hand-fingers-partial	E3.0	fully-qualified
1F919 1F3FF	call me hand: dark skin tone	People & Body	hand-fingers-partial	E3.0	fully-qualified
1F448	backhand index pointing left	People & Body	hand-single-finger	E0.6	fully-qualified
1F448 1F3FB	backhand index pointing left: light skin tone	People & Body	hand-single-finger	E1.0	fully-qualified
1F448 1F3FC	backhand index pointing left: medium-light skin tone	People & Body	hand-single-finger	E1.0	fully-qualified
1F448 1F3FD	backhand index pointing left: medium skin tone	People & Body	hand-single-finger	E1.0	fully-qualified
1F448 1F3FE	backhand index pointing left: medium-dark skin tone	People & Body	hand-single-finger	E1.0	fully-qualified
1F448 1F3FF	backhand index pointing left: dark skin tone	People & Body	hand-single-finger	E1.0	fully-qualified
1F449	backhand index pointing right	People & Body	hand-single-finger	E0.6	fully-qualified
1F449 1F3FB	backhand index pointing right: light skin tone	People & Body	hand-single-finger	E1.0	fully-qualified
1F449 1F3FC	backhand index pointing right: medium-light skin tone	People & Body	hand-single-finger	E1.0	fully-qualified
1F449 1F3FD	backhand index pointing right: medium skin tone	People & Body	hand-single-finger	E1.0	fully-qualified
1F449 1F3FE	backhand index pointing right: medium-dark skin tone	People & Body	hand-single-finger	E1.0	fully-qualified
1F449 1F3FF	backhand index pointing right: dark skin tone	People & Body	hand-single-finger	E1.0	fully-qualified
1F446	backhand index pointing up	People & Body	hand-single-finger	E0.6	fully-qualified
1F446 1F3FB	backhand index pointing up: light skin tone	People & Body	hand-single-finger	E1.0	fully-qualified
1F446 1F3FC	backhand index pointing up: medium-light skin tone	People & Body	hand-single-finger	E1.0	fully-qualified
1F446 1F3FD	backhand index pointing up: medium skin tone	People & Body	hand-single-finger	E1.0	fully-qualified
1F446 1F3FE	backhand index pointing up: medium-dark skin tone	People & Body	hand-single-finger	E1.0	fully-qualified
1F446 1F3FF	backhand index pointing up: dark skin tone	People & Body	hand-single-finger	E1.0	fully-qualified
1F595	middle finger	People & Body	hand-single-finger	E1.0	fully-qualified
1F595 1F3FB	middle finger: light skin tone	People & Body	hand-single-finger	E1.0	fully-qualified
1F595 1F3FC	middle finger: medium-light skin tone	People & Body	hand-single-finger	E1.0	fully-qualified
1F595 1F3FD	middle finger: medium skin tone	People & Body	hand-single-finger	E1.0	fully-qualified
1F595 1F3FE	middle finger: medium-dark skin tone	People & Body	hand-single-finger	E1.0	fully-qualified
1F595 1F3FF	middle finger: dark skin tone	People & Body	hand-single-finger	E1.0	fully-qualified
1F447	backhand index pointing down	People & Body	hand-single-finger	E0.6	fully-qualified
1F447 1F3FB	backhand index pointing down: light skin tone	People & Body	hand-single-finger	E1.0	fully-qualified
1F447 1F3FC	backhand index pointing down: medium-light skin tone	People & Body	hand-single-finger	E1.0	fully-qualified
1F447 1F3FD	backhand index pointing down: medium skin tone	People & Body	hand-single-finger	E1.0	fully-qualified
1F447 1F3FE	backhand index pointing down: medium-dark skin tone	People & Body	hand-single-finger	E1.0	fully-qualified
1F447 1F3FF	backhand index pointing down: dark skin tone	People & Body	hand-single-finger	E1.0	fully-qualified
261D FE0F	index pointing up	People & Body	hand-single-finger	E0.6	fully-qualified
261D 1F3FB	index pointing up: light skin tone	People & Body	hand-single-finger	E1.0	fully-qualified
261D 1F3FC	index pointing up: medium-light skin tone	People & Body	hand-single-finger	E1.0	fully-qualified
261D 1F3FD	index pointing up: medium skin tone	People & Body	hand-single-finger	E1.0	fully-qualified
261D 1F3FE	index pointing up: medium-dark skin tone	People & Body	hand-single-finger	E1.0	fully-qualified
261D 1F3FF	index pointing up: dark skin tone	People & Body	hand-single-finger	E1.0	fully-qualified
1FAF5	index pointing at the viewer	People & Body	hand-single-finger	E14.0	fully-qualified
1FAF5 1F3FB	index pointing at the viewer: light skin tone	People & Body	hand-single-finger	E14.0	fully-qualified
1FAF5 1F3FC	index pointing at the viewer: medium-light skin tone	People & Body	hand-single-finger	E14.0	fully-qualified
1FAF5 1F3FD	index pointing at the viewer: medium skin tone	People & Body	hand-single-finger	E14.0	fully-qualified
1FAF5 1F3FE	index pointing at the viewer: medium-dark skin tone	People & Body	hand-single-finger	E14.0	fully-qualified
1FAF5 1F3FF	index pointing at the viewer: dark skin tone	People & Body	hand-single-finger	E14.0	fully-qualified
1F44D	thumbs up	People & Body	hand-fingers-closed	E0.6	fully-qualified
1F44D 1F3FB	thumbs up: light skin tone	People & Body	hand-fingers-closed	E1.0	fully-qualified
1F44D 1F3FC	thumbs up: medium-light skin tone	People & Body	hand-fingers-closed	E1.0	fully-qualified
1F44D 1F3FD	thumbs up: medium skin tone	People & Body	hand-fingers-closed	E1.0	fully-qualified
1F44D 1F3FE	thumbs up: medium-dark skin tone	People & Body	hand-fingers-closed	E1.0	fully-qualified
1F44D 1F3FF	thumbs up: dark skin tone	People & Body	hand-fingers-closed	E1.0	fully-qualified
1F44E	thumbs down	People & Body	hand-fingers-closed	E0.6	fully-qualified
1F44E 1F3FB	thumbs down: light skin tone	People & Body	hand-fingers-closed	E1.0	fully-qualified
1F44E 1F3FC	thumbs down: medium-light skin tone	People & Body	hand-fingers-closed	E1.0	fully-qualified
1F44E 1F3FD	thumbs down: medium skin tone	People & Body	hand-fingers-closed	E1.0	fully-qualified
1F44E 1F3FE	thumbs down: medium-dark skin tone	People & Body	hand-fingers-closed	E1.0	fully-qualified
1F44E 1F3FF	thumbs down: dark skin tone	People & Body	hand-fingers-closed	E1.0	fully-qualified
270A	raised fist	People & Body	hand-fingers-closed	E0.6	fully-qualified
270A 1F3FB	raised fist: light skin tone	People & Body	hand-fingers-closed	E1.0	fully-qualified
270A 1F3FC	raised fist: medium-light skin tone	People & Body	hand-fingers-closed	E1.0	fully-qualified
270A 1F3FD	raised fist: medium skin tone	People & Body	hand-fingers-closed	E1.0	fully-qualified
270A 1F3FE	raised fist: medium-dark skin tone	People & Body	hand-fingers-closed	E1.0	fully-qualified
270A 1F3FF	raised fist: dark skin tone	People & Body	hand-fingers-closed	E1.0	fully-qualified
1F44A	oncoming fist	People & Body	hand-fingers-closed	E0.6	fully-qualified
1F44A 1F3FB	oncoming fist: light skin tone	People & Body	hand-fingers-closed	E1.0	fully-qualified
1F44A 1F3FC	oncoming fist: medium-light skin tone	People & Body	hand-fingers-closed	E1.0	fully-qualified
1F44A 1F3FD	oncoming fist: medium skin tone	People & Body	hand-fingers-closed	E1.0	fully-qualified
1F44A 1F3FE	oncoming fist: medium-dark skin tone	People & Body	hand-fingers-closed	E1.0	fully-qualified
1F44A 1F3FF	oncoming fist: dark skin tone	People & Body	hand-fingers-closed	E1.0	fully-qualified
1F91B	left-facing fist	People & Body	hand-fingers-closed	E3.0	fully-qualified
1F91B 1F3FB	left-facing fist: light skin tone	People & Body	hand-fingers-closed	E3.0	fully-qualified
1F91B 1F3FC	left-facing fist: medium-light skin tone	People & Body	hand-fingers-closed	E3.0	fully-qualified
1F91B 1F3FD	left-facing fist: medium skin tone	People & Body	hand-fingers-closed	E3.0	fully-qualified
1F91B 1F3FE	left-facing fist: medium-dark skin tone	People & Body	hand-fingers-closed	E3.0	fully-qualified
1F91B 1F3FF	left-facing fist: dark skin tone	People & Body	hand-fingers-closed	E3.0	fully-qualified
1F91C	right-facing fist	People & Body	hand-fingers-closed	E3.0	fully-qualified
1F91C 1F3FB	right-facing fist: light skin tone	People & Body	hand-fingers-closed	E3.0	fully-qualified
1F91C 1F3FC	right-facing fist: medium-light skin tone	People & Body	hand-fingers-closed	E3.0	fully-qualified
1F91C 1F3FD	right-facing fist: medium skin tone	People & Body	hand-fingers-closed	E3.0	fully-qualified
1F91C 1F3FE	right-facing fist: medium-dark skin tone	People & Body	hand-fingers-closed	E3.0	fully-qualified
1F91C 1F3FF	right-facing fist: dark skin tone	People & Body	hand-fingers-closed	E3.0	fully-qualified
1F44F	clapping hands	People & Body	hands	E0.6	fully-qualified
1F44F 1F3FB	clapping hands: light skin tone	People & Body	hands	E1.0	fully-qualified
1F44F 1F3FC	clapping hands: medium-light skin tone	People & Body	hands	E1.0	fully-qualified
1F44F 1F3FD	clapping hands: medium skin tone	People & Body	hands	E1.0	fully-qualified
1F44F 1F3FE	clapping hands: medium-dark skin tone	People & Body	hands	E1.0	fully-qualified
1F44F 1F3FF	clapping hands: dark skin tone	People & Body	hands	E1.0	fully-qualified
1F64C	raising hands	People & Body	hands	E0.6	fully-qualified
1F64C 1F3FB	raising hands: light skin tone	People & Body	hands	E1.0	fully-qualified
1F64C 1F3FC	raising hands: medium-light skin tone	People & Body	hands	E1.0	fully-qualified
1F64C 1F3FD	raising hands: medium skin tone	People & Body	hands	E1.0	fully-qualified
1F64C 1F3FE	raising hands: medium-dark skin tone	People & Body	hands	E1.0	fully-qualified
1F64C 1F3FF	raising hands: dark skin tone	People & Body	hands	E1.0	fully-qualified
1FAF6	heart hands	People & Body	hands	E14.0	fully-qualified
1FAF6 1F3FB	heart hands: light skin tone	People & Body	hands	E14.0	fully-qualified
1FAF6 1F3FC	heart hands: medium-light skin tone	People & Body	hands	E14.0	fully-qualified
1FAF6 1F3FD	heart hands: medium skin tone	People & Body	hands	E14.0	fully-qualified
1FAF6 1F3FE	heart hands: medium-dark skin tone	People & Body	hands	E14.0	fully-qualified
1FAF6 1F3FF	heart hands: dark skin tone	People & Body	hands	E14.0	fully-qualified
1F450	open hands	People & Body	hands	E0.6	fully-qualified
1F450 1F3FB	open hands: light skin tone	People & Body	hands	E1.0	fully-qualified
1F450 1F3FC	open hands: medium-light skin tone	People & Body	hands	E1.0	fully-qualified
1F450 1F3FD	open hands: medium skin tone	People & Body	hands	E1.0	fully-qualified
1F450 1F3FE	open hands: medium-dark skin tone	People & Body	hands	E1.0	fully-qualified
1F450 1F3FF	open hands: dark skin tone	People & Body	hands	E1.0	fully-qualified
1F932	palms up together	People & Body	hands	E5.0	fully-qualified
1F932 1F3FB	palms up together: light skin tone	People & Body	hands	E5.0	fully-qualified
1F932 1F3FC	palms up together: medium-light skin tone	People & Body	hands	E5.0	fully-qualified
1F932 1F3FD	palms up together: medium skin tone	People & Body	hands	E5.0	fully-qualified
1F932 1F3FE	palms up together: medium-dark skin tone	People & Body	hands	E5.0	fully-qualified
1F932 1F3FF	palms up together: dark skin tone	People & Body	hands	E5.0	fully-qualified
1F91D	handshake	People & Body	hands	E3.0	fully-qualified
1F91D 1F3FB	handshake: light skin tone	People & Body	hands	E14.0	fully-qualified
1F91D 1F3FC	handshake: medium-light skin tone	People & Body	hands	E14.0	fully-qualified
1F91D 1F3FD	handshake: medium skin tone	People & Body	hands	E14.0	fully-qualified
1F91D 1F3FE	handshake: medium-dark skin tone	People & Body	hands	E14.0	fully-qualified
1F91D 1F3FF	handshake: dark skin tone	People & Body	hands	E14.0	fully-qualified
1FAF1 1F3FB 200D 1FAF2 1F3FC	handshake: light skin tone, medium-light skin tone	People & Body	hands	E14.0	fully-qualified
1FAF1 1F3FB 200D 1FAF2 1F3FD	handshake: light skin tone, medium skin tone	People & Body	hands	E14.0	fully-qualified
1FAF1 1F3FB 200D 1FAF2 1F3FE	handshake: light skin tone, medium-dark skin tone	People & Body	hands	E14.0	fully-qualified
1FAF1 1F3FB 200D 1FAF2 1F3FF	handshake: light skin tone, dark skin tone	People & Body	hands	E14.0	fully-qualified
1FAF1 1F3FC 200D 1FAF2 1F3FB	handshake: medium-light skin tone, light skin tone	People & Body	hands	E14.0	fully-qualified
1FAF1 1F3FC 200D 1FAF2 1F3FD	handshake: medium-light skin tone, medium skin tone	People & Body	hands	E14.0	fully-qualified
1FAF1 1F3FC 200D 1FAF2 1F3FE	handshake: medium-light skin tone, medium-dark skin tone	People & Body	hands	E14.0	fully-qualified
1FAF1 1F3FC 200D 1FAF2 1F3FF	handshake: medium-light skin tone, dark skin tone	People & Body	hands	E14.0	fully-qualified
1FAF1 1F3FD 200D 1FAF2 1F3FB	handshake: medium skin tone, light skin tone	People & Body	hands	E14.0	fully-qualified
1FAF1 1F3FD 200D 1FAF2 1F3FC	handshake: medium skin tone, medium-light skin tone	People & Body	hands	E14.0	fully-qualified
1FAF1 1F3FD 200D 1FAF2 1F3FE	handshake: medium skin tone, medium-dark skin tone	People & Body	hands	E14.0	fully-qualified
1FAF1 1F3FD 200D 1FAF2 1F3FF	handshake: medium skin tone, dark skin tone	People & Body	hands	E14.0	fully-qualified
1FAF1 1F3FE 200D 1FAF2 1F3FB	handshake: medium-dark skin tone, light skin tone	People & Body	hands	E14.0	fully-qualified
1FAF1 1F3FE 200D 1FAF2 1F3FC	handshake: medium-dark skin tone, medium-light skin tone	People & Body	hands	E14.0	fully-qualified
1FAF1 1F3FE 200D 1FAF2 1F3FD	handshake: medium-dark skin tone, medium skin tone	People & Body	hands	E14.0	fully-qualified
1FAF1 1F3FE 200D 1FAF2 1F3FF	handshake: medium-dark skin tone, dark skin tone	People & Body	hands	E14.0	fully-qualified
1FAF1 1F3FF 200D 1FAF2 1F3FB	handshake: dark skin tone, light skin tone	People & Body	hands	E14.0	fully-qualified
1FAF1 1F3FF 200D 1FAF2 1F3FC	handshake: dark skin tone, medium-light skin tone	People & Body	hands	E14.0	fully-qualified
1FAF1 1F3FF 200D 1FAF2 1F3FD	handshake: dark skin tone, medium skin tone	People & Body	hands	E14.0	fully-qualified
1FAF1 1F3FF 200D 1FAF2 1F3FE	handshake: dark skin tone, medium-dark skin tone	People & Body	hands	E14.0	fully-qualified
1F64F	folded hands	People & Body	hands	E0.6	fully-qualified
1F64F 1F3FB	folded hands: light skin tone	People & Body	hands	E1.0	fully-qualified
1F64F 1F3FC	folded hands: medium-light skin tone	People & Body	hands	E1.0	fully-qualified
1F64F 1F3FD	folded hands: medium skin tone	People & Body	hands	E1.0	fully-qualified
1F64F 1F3FE	folded hands: medium-dark skin tone	People & Body	hands	E1.0	fully-qualified
1F64F 1F3FF	folded hands: dark skin tone	People & Body	hands	E1.0	fully-qualified
270D FE0F	writing hand	People & Body	hand-prop	E0.7	fully-qualified
270D 1F3FB	writing hand: light skin tone	People & Body	hand-prop	E1.0	fully-qualified
270D 1F3FC	writing hand: medium-light skin tone	People & Body	hand-prop	E1.0	fully-qualified
270D 1F3FD	writing hand: medium skin tone	People & Body	hand-prop	E1.0	fully-qualified
270D 1F3FE	writing hand: medium-dark skin tone	People & Body	hand-prop	E1.0	fully-qualified
270D 1F3FF	writing hand: dark skin tone	People & Body	hand-prop	E1.0	fully-qualified
1F485	nail polish	People & Body	hand-prop	E0.6	fully-qualified
1F485 1F3FB	nail polish: light skin tone	People & Body	hand-prop	E1.0	fully-qualified
1F485 1F3FC	nail polish: medium-light skin tone	People & Body	hand-prop	E1.0	fully-qualified
1F485 1F3FD	nail polish: medium skin tone	People & Body	hand-prop	E1.0	fully-qualified
1F485 1F3FE	nail polish: medium-dark skin tone	People & Body	hand-prop	E1.0	fully-qualified
1F485 1F3FF	nail polish: dark skin tone	People & Body	hand-prop	E1.0	fully-qualified
1F933	selfie	People & Body	hand-prop	E3.0	fully-qualified
1F933 1F3FB	selfie: light skin tone	People & Body	hand-prop	E3.0	fully-qualified
1F933 1F3FC	selfie: medium-light skin tone	People & Body	hand-prop	E3.0	fully-qualified
1F933 1F3FD	selfie: medium skin tone	People & Body	hand-prop	E3.0	fully-qualified
1F933 1F3FE	selfie: medium-dark skin tone	People & Body	hand-prop	E3.0	fully-qualified
1F933 1F3FF	selfie: dark skin tone	People & Body	hand-prop	E3.0	fully-qualified
1F4AA	flexed biceps	People & Body	body-parts	E0.6	fully-qualified
1F4AA 1F3FB	flexed biceps: light skin tone	People & Body	body-parts	E1.0	fully-qualified
1F4AA 1F3FC	flexed biceps: medium-light skin tone	People & Body	body-parts	E1.0	fully-qualified
1F4AA 1F3FD	flexed biceps: medium skin tone	People & Body	body-parts	E1.0	fully-qualified
1F4AA 1F3FE	flexed biceps: medium-dark skin tone	People & Body	body-parts	E1.0	fully-qualified
1F4AA 1F3FF	flexed biceps: dark skin tone	People & Body	body-parts	E1.0	fully-qualified
1F9BE	mechanical arm	People & Body	body-parts	E12.0	fully-qualified
1F9BF	mechanical leg	People & Body	body-parts	E12.0	fully-qualified
1F9B5	leg	People & Body	body-parts	E11.0	fully-qualified
1F9B5 1F3FB	leg: light skin tone	People & Body	body-parts	E11.0	fully-qualified
1F9B5 1F3FC	leg: medium-light skin tone	People & Body	body-parts	E11.0	fully-qualified
1F9B5 1F3FD	leg: medium skin tone	People & Body	body-parts	E11.0	fully-qualified
1F9B5 1F3FE	leg: medium-dark skin tone	People & Body	body-parts	E11.0	fully-qualified
1F9B5 1F3FF	leg: dark skin tone	People & Body	body-parts	E11.0	fully-qualified
1F9B6	foot	People & Body	body-parts	E11.0	fully-qualified
1F9B6 1F3FB	foot: light skin tone	People & Body	body-parts	E11.0	fully-qualified
1F9B6 1F3FC	foot: medium-light skin tone	People & Body	body-parts	E11.0	fully-qualified
1F9B6 1F3FD	foot: medium skin tone	People & Body	body-parts	E11.0	fully-qualified
1F9B6 1F3FE	foot: medium-dark skin tone	People & Body	body-parts	E11.0	fully-qualified
1F9B6 1F3FF	foot: dark skin tone	People & Body	body-parts	E11.0	fully-qualified
1F442	ear	People & Body	body-parts	E0.6	fully-qualified
1F442 1F3FB	ear: light skin tone	People & Body	body-parts	E1.0	fully-qualified
1F442 1F3FC	ear: medium-light skin tone	People & Body	body-parts	E1.0	fully-qualified
1F442 1F3FD	ear: medium skin tone	People & Body	body-parts	E1.0	fully-qualified
1F442 1F3FE	ear: medium-dark skin tone	People & Body	body-parts	E1.0	fully-qualified
1F442 1F3FF	ear: dark skin tone	People & Body	body-parts	E1.0	fully-qualified
1F9BB	ear with hearing aid	People & Body	body-parts	E12.0	fully-qualified
1F9BB 1F3FB	ear with hearing aid: light skin tone	People & Body	body-parts	E12.0	fully-qualified
1F9BB 1F3FC	ear with hearing aid: medium-light skin tone	People & Body	body-parts	E12.0	fully-qualified
1F9BB 1F3FD	ear with hearing aid: medium skin tone	People & Body	body-parts	E12.0	fully-qualified
1F9BB 1F3FE	ear with hearing aid: medium-dark skin tone	People & Body	body-parts	E12.0	fully-qualified
1F9BB 1F3FF	ear with hearing aid: dark skin tone	People & Body	body-parts	E12.0	fully-qualified
1F443	nose	People & Body	body-parts	E0.6	fully-qualified
1F443 1F3FB	nose: light skin tone	People & Body	body-parts	E1.0	fully-qualified
1F443 1F3FC	nose: medium-light skin tone	People & Body	body-parts	E1.0	fully-qualified
1F443 1F3FD	nose: medium skin tone	People & Body	body-parts	E1.0	fully-qualified
1F443 1F3FE	nose: medium-dark skin tone	People & Body	body-parts	E1.0	fully-qualified
1F443 1F3FF	nose: dark skin tone	People & Body	body-parts	E1.0	fully-qualified
1F9E0	brain	People & Body	body-parts	E5.0	fully-qualified
1FAC0	anatomical heart	People & Body	body-parts	E13.0	fully-qualified
1FAC1	lungs	People & Body	body-parts	E13.0	fully-qualified
1F9B7	tooth	People & Body	body-parts	E11.0	fully-qualified
1F9B4	bone	People & Body	body-parts	E11.0	fully-qualified
1F440	eyes	People & Body	body-parts	E0.6	fully-qualified
1F441 FE0F	eye	People & Body	body-parts	E0.7	fully-qualified
1F445	tongue	People & Body	body-parts	E0.6	fully-qualified
1F444	mouth	People & Body	body-parts	E0.6	fully-qualified
1FAE6	biting lip	People & Body	body-parts	E14.0	fully-qualified
1F476	baby	People & Body	person	E0.6	fully-qualified
1F476 1F3FB	baby: light skin tone	People & Body	person	E1.0	fully-qualified
1F476 1F3FC	baby: medium-light skin tone	People & Body	person	E1.0	fully-qualified
1F476 1F3FD	baby: medium skin tone	People & Body	person	E1.0	fully-qualified
1F476 1F3FE	baby: medium-dark skin tone	People & Body	person	E1.0	fully-qualified
1F476 1F3FF	baby: dark skin tone	People & Body	person	E1.0	fully-qualified
1F9D2	child	People & Body	person	E5.0	fully-qualified
1F9D2 1F3FB	child: light skin tone	People & Body	person	E5.0	fully-qualified
1F9D2 1F3FC	child: medium-light skin tone	People & Body	person	E5.0	fully-qualified
1F9D2 1F3FD	child: medium skin tone	People & Body	person	E5.0	fully-qualified
1F9D2 1F3FE	child: medium-dark skin tone	People & Body	person	E5.0	fully-qualified
1F9D2 1F3FF	child: dark skin tone	People & Body	person	E5.0	fully-qualified
1F466	boy	People & Body	person	E0.6	fully-qualified
1F466 1F3FB	boy: light skin tone	People & Body	person	E1.0	fully-qualified
1F466 1F3FC	boy: medium-light skin tone	People & Body	person	E1.0	fully-qualified
1F466 1F3FD	boy: medium skin tone	People & Body	person	E1.0	fully-qualified
1F466 1F3FE	boy: medium-dark skin tone	People & Body	person	E1.0	fully-qualified
1F466 1F3FF	boy: dark skin tone	People & Body	person	E1.0	fully-qualified
1F467	girl	People & Body	person	E0.6	fully-qualified
1F467 1F3FB	girl: light skin tone	People & Body	person	E1.0	fully-qualified
1F467 1F3FC	girl: medium-light skin tone	People & Body	person	E1.0	fully-qualified
1F467 1F3FD	girl: medium skin tone	People & Body	person	E1.0	fully-qualified
1F467 1F3FE	girl: medium-dark skin tone	People & Body	person	E1.0	fully-qualified
1F467 1F3FF	girl: dark skin tone	People & Body	person	E1.0	fully-qualified
1F9D1	person	People & Body	person	E5.0	fully-qualified
1F9D1 1F3FB	person: light skin tone	People & Body	person	E5.0	fully-qualified
1F9D1 1F3FC	person: medium-light skin tone	People & Body	person	E5.0	fully-qualified
1F9D1 1F3FD	person: medium skin tone	People & Body	person	E5.0	fully-qualified
1F9D1 1F3FE	person: medium-dark skin tone	People & Body	person	E5.0	fully-qualified
1F9D1 1F3FF	person: dark skin tone	People & Body	person	E5.0	fully-qualified
1F471	person: blond hair	People & Body	person	E0.6	fully-qualified
1F471 1F3FB	person: light skin tone, blond hair	People & Body	person	E1.0	fully-qualified
1F471 1F3FC	person: medium-light skin tone, blond hair	People & Body	person	E1.0	fully-qualified
1F471 1F3FD	person: medium skin tone, blond hair	People & Body	person	E1.0	fully-qualified
1F471 1F3FE	person: medium-dark skin tone, blond hair	People & Body	person	E1.0	fully-qualified
1F471 1F3FF	person: dark skin tone, blond hair	People & Body	person	E1.0	fully-qualified
1F468	man	People & Body	person	E0.6	fully-qualified
1F468 1F3FB	man: light skin tone	People & Body	person	E1.0	fully-qualified
1F468 1F3FC	man: medium-light skin tone	People & Body	person	E1.0	fully-qualified
1F468 1F3FD	man: medium skin tone	People & Body	person	E1.0	fully-qualified
1F468 1F3FE	man: medium-dark skin tone	People & Body	person	E1.0	fully-qualified
1F468 1F3FF	man: dark skin tone	People & Body	person	E1.0	fully-qualified
1F9D4	person: beard	People & Body	person	E5.0	fully-qualified
1F9D4 1F3FB	person: light skin tone, beard	People & Body	person	E5.0	fully-qualified
1F9D4 1F3FC	person: medium-light skin tone, beard	People & Body	person	E5.0	fully-qualified
1F9D4 1F3FD	person: medium skin tone, beard	People & Body	person	E5.0	fully-qualified
1F9D4 1F3FE	person: medium-dark skin tone, beard	People & Body	person	E5.0	fully-qualified
1F9D4 1F3FF	person: dark skin tone, beard	People & Body	person	E5.0	fully-qualified
1F9D4 200D 2642 FE0F	man: beard	People & Body	person	E13.1	fully-qualified
1F9D4 1F3FB 200D 2642 FE0F	man: light skin tone, beard	People & Body	person	E13.1	fully-qualified
1F9D4 1F3FC 200D 2642 FE0F	man: medium-light skin tone, beard	People & Body	person	E13.1	fully-qualified
1F9D4 1F3FD 200D 2642 FE0F	man: medium skin tone, beard	People & Body	person	E13.1	fully-qualified
1F9D4 1F3FE 200D 2642 FE0F	man: medium-dark skin tone, beard	People & Body	person	E13.1	fully-qualified
1F9D4 1F3FF 200D 2642 FE0F	man: dark skin tone, beard	People & Body	person	E13.1	fully-qualified
1F9D4 200D 2640 FE0F	woman: beard	People & Body	person	E13.1	fully-qualified
1F9D4 1F3FB 200D 2640 FE0F	woman: light skin tone, beard	People & Body	person	E13.1	fully-qualified
1F9D4 1F3FC 200D 2640 FE0F	woman: medium-light skin tone, beard	People & Body	person	E13.1	fully-qualified
1F9D4 1F3FD 200D 2640 FE0F	woman: medium skin tone, beard	People & Body	person	E13.1	fully-qualified
1F9D4 1F3FE 200D 2640 FE0F	woman: medium-dark skin tone, beard	People & Body	person	E13.1	fully-qualified
1F9D4 1F3FF 200D 2640 FE0F	woman: dark skin tone, beard	People & Body	person	E13.1	fully-qualified
1F468 200D 1F9B0	man: red hair	People & Body	person	E11.0	fully-qualified
1F468 1F3FB 200D 1F9B0	man: light skin tone, red hair	People & Body	person	E11.0	fully-qualified
1F468 1F3FC 200D 1F9B0	man: medium-light skin tone, red hair	People & Body	person	E11.0	fully-qualified
1F468 1F3FD 200D 1F9B0	man: medium skin tone, red hair	People & Body	person	E11.0	fully-qualified
1F468 1F3FE 200D 1F9B0	man: medium-dark skin tone, red hair	People & Body	person	E11.0	fully-qualified
1F468 1F3FF 200D 1F9B0	man: dark skin tone, red hair	People & Body	person	E11.0	fully-qualified
1F468 200D 1F9B1	man: curly hair	People & Body	person	E11.0	fully-qualified
1F468 1F3FB 200D 1F9B1	man: light skin tone, curly hair	People & Body	person	E11.0	fully-qualified
1F468 1F3FC 200D 1F9B1	man: medium-light skin tone, curly hair	People & Body	person	E11.0	fully-qualified
1F468 1F3FD 200D 1F9B1	man: medium skin tone, curly hair	People & Body	person	E11.0	fully-qualified
1F468 1F3FE 200D 1F9B1	man: medium-dark skin tone, curly hair	People & Body	person	E11.0	fully-qualified
1F468 1F3FF 200D 1F9B1	man: dark skin tone, curly hair	People & Body	person	E11.0	fully-qualified
1F468 200D 1F9B3	man: white hair	People & Body	person	E11.0	fully-qualified
1F468 1F3FB 200D 1F9B3	man: light skin tone, white hair	People & Body	person	E11.0	fully-qualified
1F468 1F3FC 200D 1F9B3	man: medium-light skin tone, white hair	People & Body	person	E11.0	fully-qualified
1F468 1F3FD 200D 1F9B3	man: medium skin tone, white hair	People & Body	person	E11.0	fully-qualified
1F468 1F3FE 200D 1F9B3	man: medium-dark skin tone, white hair	People & Body	person	E11.0	fully-qualified
1F468 1F3FF 200D 1F9B3	man: dark skin tone, white hair	People & Body	person	E11.0	fully-qualified
1F468 200D 1F9B2	man: bald	People & Body	person	E11.0	fully-qualified
1F468 1F3FB 200D 1F9B2	man: light skin tone, bald	People & Body	person	E11.0	fully-qualified
1F468 1F3FC 200D 1F9B2	man: medium-light skin tone, bald	People & Body	person	E11.0	fully-qualified
1F468 1F3FD 200D 1F9B2	man: medium skin tone, bald	People & Body	person	E11.0	fully-qualified
1F468 1F3FE 200D 1F9B2	man: medium-dark skin tone, bald	People & Body	person	E11.0	fully-qualified
1F468 1F3FF 200D 1F9B2	man: dark skin tone, bald	People & Body	person	E11.0	fully-qualified
1F469	woman	People & Body	person	E0.6	fully-qualified
1F469 1F3FB	woman: light skin tone	People & Body	person	E1.0	fully-qualified
1F469 1F3FC	woman: medium-light skin tone	People & Body	person	E1.0	fully-qualified
1F469 1F3FD	woman: medium skin tone	People & Body	person	E1.0	fully-qualified
1F469 1F3FE	woman: medium-dark skin tone	People & Body	person	E1.0	fully-qualified
1F469 1F3FF	woman: dark skin tone	People & Body	person	E1.0	fully-qualified
1F469 200D 1F9B0	woman: red hair	People & Body	person	E11.0	fully-qualified
1F469 1F3FB 200D 1F9B0	woman: light skin tone, red hair	People & Body	person	E11.0	fully-qualified
1F469 1F3FC 200D 1F9B0	woman: medium-light skin tone, red hair	People & Body	person	E11.0	fully-qualified
1F469 1F3FD 200D 1F9B0	woman: medium skin tone, red hair	People & Body	person	E11.0	fully-qualified
1F469 1F3FE 200D 1F9B0	woman: medium-dark skin tone, red hair	People & Body	person	E11.0	fully-qualified
1F469 1F3FF 200D 1F9B0	woman: dark skin tone, red hair	People & Body	person	E11.0	fully-qualified
1F9D1 200D 1F9B0	person: red hair	People & Body	person	E12.1	fully-qualified
1F9D1 1F3FB 200D 1F9B0	person: light skin tone, red hair	People & Body	person	E12.1	fully-qualified
1F9D1 1F3FC 200D 1F9B0	person: medium-light skin tone, red hair	People & Body	person	E12.1	fully-qualified
1F9D1 1F3FD 200D 1F9B0	person: medium skin tone, red hair	People & Body	person	E12.1	fully-qualified
1F9D1 1F3FE 200D 1F9B0	person: medium-dark skin tone, red hair	People & Body	person	E12.1	fully-qualified
1F9D1 1F3FF 200D 1F9B0	person: dark skin tone, red hair	People & Body	person	E12.1	fully-qualified
1F469 200D 1F9B1	woman: curly hair	People & Body	person	E11.0	fully-qualified
1F469 1F3FB 200D 1F9B1	woman: light skin tone, curly hair	People & Body	person	E11.0	fully-qualified
1F469 1F3FC 200D 1F9B1	woman: medium-light skin tone, curly hair	People & Body	person	E11.0	fully-qualified
1F469 1F3FD 200D 1F9B1	woman: medium skin tone, curly hair	People & Body	person	E11.0	fully-qualified
1F469 1F3FE 200D 1F9B1	woman: medium-dark skin tone, curly hair	People & Body	person	E11.0	fully-qualified
1F469 1F3FF 200D 1F9B1	woman: dark skin tone, curly hair	People & Body	person	E11.0	fully-qualified
1F9D1 200D 1F9B1	person: curly hair	People & Body	person	E12.1	fully-qualified
1F9D1 1F3FB 200D 1F9B1	person: light skin tone, curly hair	People & Body	person	E12.1	fully-qualified
1F9D1 1F3FC 200D 1F9B1	person: medium-light skin tone, curly hair	People & Body	person	E12.1	fully-qualified
1F9D1 1F3FD 200D 1F9B1	person: medium skin tone, curly hair	People & Body	person	E12.1	fully-qualified
1F9D1 1F3FE 200D 1F9B1	person: medium-dark skin tone, curly hair	People & Body	person	E12.1	fully-qualified
1F9D1 1F3FF 200D 1F9B1	person: dark skin tone, curly hair	People & Body	person	E12.1	fully-qualified
1F469 200D 1F9B3	woman: white hair	People & Body	person	E11.0	fully-qualified
1F469 1F3FB 200D 1F9B3	woman: light skin tone, white hair	People & Body	person	E11.0	fully-qualified
1F469 1F3FC 200D 1F9B3	woman: medium-light skin tone, white hair	People & Body	person	E11.0	fully-qualified
1F469 1F3FD 200D 1F9B3	woman: medium skin tone, white hair	People & Body	person	E11.0	fully-qualified
1F469 1F3FE 200D 1F9B3	woman: medium-dark skin tone, white hair	People & Body	person	E11.0	fully-qualified
1F469 1F3FF 200D 1F9B3	woman: dark skin tone, white hair	People & Body	person	E11.0	fully-qualified
1F9D1 200D 1F9B3	person: white hair	People & Body	person	E12.1	fully-qualified
1F9D1 1F3FB 200D 1F9B3	person: light skin tone, white hair	People & Body	person	E12.1	fully-qualified
1F9D1 1F3FC 200D 1F9B3	person: medium-light skin tone, white hair	People & Body	person	E12.1	fully-qualified
1F9D1 1F3FD 200D 1F9B3	person: medium skin tone, white hair	People & Body	person	E12.1	fully-qualified
1F9D1 1F3FE 200D 1F9B3	person: medium-dark skin tone, white hair	People & Body	person	E12.1	fully-qualified
1F9D1 1F3FF 200D 1F9B3	person: dark skin tone, white hair	People & Body	person	E12.1	fully-qualified
1F469 200D 1F9B2	woman: bald	People & Body	person	E11.0	fully-qualified
1F469 1F3FB 200D 1F9B2	woman: light skin tone, bald	People & Body	person	E11.0	fully-qualified
1F469 1F3FC 200D 1F9B2	woman: medium-light skin tone, bald	People & Body	person	E11.0	fully-qualified
1F469 1F3FD 200D 1F9B2	woman: medium skin tone, bald	People & Body	person	E11.0	fully-qualified
1F469 1F3FE 200D 1F9B2	woman: medium-dark skin tone, bald	People & Body	person	E11.0	fully-qualified
1F469 1F3FF 200D 1F9B2	woman: dark skin tone, bald	People & Body	person	E11.0	fully-qualified
1F9D1 200D 1F9B2	person: bald	People & Body	person	E12.1	fully-qualified
1F9D1 1F3FB 200D 1F9B2	person: light skin tone, bald	People & Body	person	E12.1	fully-qualified
1F9D1 1F3FC 200D 1F9B2	person: medium-light skin tone, bald	People & Body	person	E12.1	fully-qualified
1F9D1 1F3FD 200D 1F9B2	person: medium skin tone, bald	People & Body	person	E12.1	fully-qualified
1F9D1 1F3FE 200D 1F9B2	person: medium-dark skin tone, bald	People & Body	person	E12.1	fully-qualified
1F9D1 1F3FF 200D 1F9B2	person: dark skin tone, bald	People & Body	person	E12.1	fully-qualified
1F471 200D 2640 FE0F	woman: blond hair	People & Body	person	E4.0	fully-qualified
1F471 1F3FB 200D 2640 FE0F	woman: light skin tone, blond hair	People & Body	person	E4.0	fully-qualified
1F471 1F3FC 200D 2640 FE0F	woman: medium-light skin tone, blond hair	People & Body	person	E4.0	fully-qualified
1F471 1F3FD 200D 2640 FE0F	woman: medium skin tone, blond hair	People & Body	person	E4.0	fully-qualified
1F471 1F3FE 200D 2640 FE0F	woman: medium-dark skin tone, blond hair	People & Body	person	E4.0	fully-qualified
1F471 1F3FF 200D 2640 FE0F	woman: dark skin tone, blond hair	People & Body	person	E4.0	fully-qualified
1F471 200D 2642 FE0F	man: blond hair	People & Body	person	E4.0	fully-qualified
1F471 1F3FB 200D 2642 FE0F	man: light skin tone, blond hair	People & Body	person	E4.0	fully-qualified
1F471 1F3FC 200D 2642 FE0F	man: medium-light skin tone, blond hair	People & Body	person	E4.0	fully-qualified
1F471 1F3FD 200D 2642 FE0F	man: medium skin tone, blond hair	People & Body	person	E4.0	fully-qualified
1F471 1F3FE 200D 2642 FE0F	man: medium-dark skin tone, blond hair	People & Body	person	E4.0	fully-qualified
1F471 1F3FF 200D 2642 FE0F	man: dark skin tone, blond hair	People & Body	person	E4.0	fully-qualified
1F9D3	older person	People & Body	person	E5.0	fully-qualified
1F9D3 1F3FB	older person: light skin tone	People & Body	person	E5.0	fully-qualified
1F9D3 1F3FC	older person: medium-light skin tone	People & Body	person	E5.0	fully-qualified
1F9D3 1F3FD	older person: medium skin tone	People & Body	person	E5.0	fully-qualified
1F9D3 1F3FE	older person: medium-dark skin tone	People & Body	person	E5.0	fully-qualified
1F9D3 1F3FF	older person: dark skin tone	People & Body	person	E5.0	fully-qualified
1F474	old man	People & Body	person	E0.6	fully-qualified
1F474 1F3FB	old man: light skin tone	People & Body	person	E1.0	fully-qualified
1F474 1F3FC	old man: medium-light skin tone	People & Body	person	E1.0	fully-qualified
1F474 1F3FD	old man: medium skin tone	People & Body	person	E1.0	fully-qualified
1F474 1F3FE	old man: medium-dark skin tone	People & Body	person	E1.0	fully-qualified
1F474 1F3FF	old man: dark skin tone	People & Body	person	E1.0	fully-qualified
1F475	old woman	People & Body	person	E0.6	fully-qualified
1F475 1F3FB	old woman: light skin tone	People & Body	person	E1.0	fully-qualified
1F475 1F3FC	old woman: medium-light skin tone	People & Body	person	E1.0	fully-qualified
1F475 1F3FD	old woman: medium skin tone	People & Body	person	E1.0	fully-qualified
1F475 1F3FE	old woman: medium-dark skin tone	People & Body	person	E1.0	fully-qualified
1F475 1F3FF	old woman: dark skin tone	People & Body	person	E1.0	fully-qualified
1F64D	person frowning	People & Body	person-gesture	E0.6	fully-qualified
1F64D 1F3FB	person frowning: light skin tone	People & Body	person-gesture	E1.0	fully-qualified
1F64D 1F3FC	person frowning: medium-light skin tone	People & Body	person-gesture	E1.0	fully-qualified
1F64D 1F3FD	person frowning: medium skin tone	People & Body	person-gesture	E1.0	fully-qualified
1F64D 1F3FE	person frowning: medium-dark skin tone	People & Body	person-gesture	E1.0	fully-qualified
1F64D 1F3FF	person frowning: dark skin tone	People & Body	person-gesture	E1.0	fully-qualified
1F64D 200D 2642 FE0F	man frowning	People & Body	person-gesture	E4.0	fully-qualified
1F64D 1F3FB 200D 2642 FE0F	man frowning: light skin tone	People & Body	person-gesture	E4.0	fully-qualified
1F64D 1F3FC 200D 2642 FE0F	man frowning: medium-light skin tone	People & Body	person-gesture	E4.0	fully-qualified
1F64D 1F3FD 200D 2642 FE0F	man frowning: medium skin tone	People & Body	person-gesture	E4.0	fully-qualified
1F64D 1F3FE 200D 2642 FE0F	man frowning: medium-dark skin tone	People & Body	person-gesture	E4.0	fully-qualified
1F64D 1F3FF 200D 2642 FE0F	man frowning: dark skin tone	People & Body	person-gesture	E4.0	fully-qualified
1F64D 200D 2640 FE0F	woman frowning	People & Body	person-gesture	E4.0	fully-qualified
1F64D 1F3FB 200D 2640 FE0F	woman frowning: light skin tone	People & Body	person-gesture	E4.0	fully-qualified
1F64D 1F3FC 200D 2640 FE0F	woman frowning: medium-light skin tone	People & Body	person-gesture	E4.0	fully-qualified
1F64D 1F3FD 200D 2640 FE0F	woman frowning: medium skin tone	People & Body	person-gesture	E4.0	fully-qualified
1F64D 1F3FE 200D 2640 FE0F	woman frowning: medium-dark skin tone	People & Body	person-gesture	E4.0	fully-qualified
1F64D 1F3FF 200D 2640 FE0F	woman frowning: dark skin tone	People & Body	person-gesture	E4.0	fully-qualified
1F64E	person pouting	People & Body	person-gesture	E0.6	fully-qualified
1F64E 1F3FB	person pouting: light skin tone	People & Body	person-gesture	E1.0	fully-qualified
1F64E 1F3FC	person pouting: medium-light skin tone	People & Body	person-gesture	E1.0	fully-qualified
1F64E 1F3FD	person pouting: medium skin tone	People & Body	person-gesture	E1.0	fully-qualified
1F64E 1F3FE	person pouting: medium-dark skin tone	People & Body	person-gesture	E1.0	fully-qualified
1F64E 1F3FF	person pouting: dark skin tone	People & Body	person-gesture	E1.0	fully-qualified
1F64E 200D 2642 FE0F	man pouting	People & Body	person-gesture	E4.0	fully-qualified
1F64E 1F3FB 200D 2642 FE0F	man pouting: light skin tone	People & Body	person-gesture	E4.0	fully-qualified
1F64E 1F3FC 200D 2642 FE0F	man pouting: medium-light skin tone	People & Body	person-gesture	E4.0	fully-qualified
1F64E 1F3FD 200D 2642 FE0F	man pouting: medium skin tone	People & Body	person-gesture	E4.0	fully-qualified
1F64E 1F3FE 200D 2642 FE0F	man pouting: medium-dark skin tone	People & Body	person-gesture	E4.0	fully-qualified
1F64E 1F3FF 200D 2642 FE0F	man pouting: dark skin tone	People & Body	person-gesture	E4.0	fully-qualified
1F64E 200D 2640 FE0F	woman pouting	People & Body	person-gesture	E4.0	fully-qualified
1F64E 1F3FB 200D 2640 FE0F	woman pouting: light skin tone	People & Body	person-gesture	E4.0	fully-qualified
1F64E 1F3FC 200D 2640 FE0F	woman pouting: medium-light skin tone	People & Body	person-gesture	E4.0	fully-qualified
1F64E 1F3FD 200D 2640 FE0F	woman pouting: medium skin tone	People & Body	person-gesture	E4.0	fully-qualified
1F64E 1F3FE 200D 2640 FE0F	woman pouting: medium-dark skin tone	People & Body	person-gesture	E4.0	fully-qualified
1F64E 1F3FF 200D 2640 FE0F	woman pouting: dark skin tone	People & Body	person-gesture	E4.0	fully-qualified
1F645	person gesturing NO	People & Body	person-gesture	E0.6	fully-qualified
1F645 1F3FB	person gesturing NO: light skin tone	People & Body	person-gesture	E1.0	fully-qualified
1F645 1F3FC	person gesturing NO: medium-light skin tone	People & Body	person-gesture	E1.0	fully-qualified
1F645 1F3FD	person gesturing NO: medium skin tone	People & Body	person-gesture	E1.0	fully-qualified
1F645 1F3FE	person gesturing NO: medium-dark skin tone	People & Body	person-gesture	E1.0	fully-qualified
1F645 1F3FF	person gesturing NO: dark skin tone	People & Body	person-gesture	E1.0	fully-qualified
1F645 200D 2642 FE0F	man gesturing NO	People & Body	person-gesture	E4.0	fully-qualified
1F645 1F3FB 200D 2642 FE0F	man gesturing NO: light skin tone	People & Body	person-gesture	E4.0	fully-qualified
1F645 1F3FC 200D 2642 FE0F	man gesturing NO: medium-light skin tone	People & Body	person-gesture	E4.0	fully-qualified
1F645 1F3FD 200D 2642 FE0F	man gesturing NO: medium skin tone	People & Body	person-gesture	E4.0	fully-qualified
1F645 1F3FE 200D 2642 FE0F	man gesturing NO: medium-dark skin tone	People & Body	person-gesture	E4.0	fully-qualified
1F645 1F3FF 200D 2642 FE0F	man gesturing NO: dark skin tone	People & Body	person-gesture	E4.0	fully-qualified
1F645 200D 2640 FE0F	woman gesturing NO	People & Body	person-gesture	E4.0	fully-qualified
1F645 1F3FB 200D 2640 FE0F	woman gesturing NO: light skin tone	People & Body	person-gesture	E4.0	fully-qualified
1F645 1F3FC 200D 2640 FE0F	woman gesturing NO: medium-light skin tone	People & Body	person-gesture	E4.0	fully-qualified
1F645 1F3FD 200D 2640 FE0F	woman gesturing NO: medium skin tone	People & Body	person-gesture	E4.0	fully-qualified
1F645 1F3FE 200D 2640 FE0F	woman gesturing NO: medium-dark skin tone	People & Body	person-gesture	E4.0	fully-qualified
1F645 1F3FF 200D 2640 FE0F	woman gesturing NO: dark skin tone	People & Body	person-gesture	E4.0	fully-qualified
1F646	person gesturing OK	People & Body	person-gesture	E0.6	fully-qualified
1F646 1F3FB	person gesturing OK: light skin tone	People & Body	person-gesture	E1.0	fully-qualified
1F646 1F3FC	person gesturing OK: medium-light skin tone	People & Body	person-gesture	E1.0	fully-qualified
1F646 1F3FD	person gesturing OK: medium skin tone	People & Body	person-gesture	E1.0	fully-qualified
1F646 1F3FE	person gesturing OK: medium-dark skin tone	People & Body	person-gesture	E1.0	fully-qualified
1F646 1F3FF	person gesturing OK: dark skin tone	People & Body	person-gesture	E1.0	fully-qualified
1F646 200D 2642 FE0F	man gesturing OK	People & Body	person-gesture	E4.0	fully-qualified
1F646 1F3FB 200D 2642 FE0F	man gesturing OK: light skin tone	People & Body	person-gesture	E4.0	fully-qualified
1F646 1F3FC 200D 2642 FE0F	man gesturing OK: medium-light skin tone	People & Body	person-gesture	E4.0	fully-qualified
1F646 1F3FD 200D 2642 FE0F	man gesturing OK: medium skin tone	People & Body	person-gesture	E4.0	fully-qualified
1F646 1F3FE 200D 2642 FE0F	man gesturing OK: medium-dark skin tone	People & Body	person-gesture	E4.0	fully-qualified
1F646 1F3FF 200D 2642 FE0F	man gesturing OK: dark skin tone	People & Body	person-gesture	E4.0	fully-qualified
1F646 200D 2640 FE0F	woman gesturing OK	People & Body	person-gesture	E4.0	fully-qualified
1F646 1F3FB 200D 2640 FE0F	woman gesturing OK: light skin tone	People & Body	person-gesture	E4.0	fully-qualified
1F646 1F3FC 200D 2640 FE0F	woman gesturing OK: medium-light skin tone	People & Body	person-gesture	E4.0	fully-qualified
1F646 1F3FD 200D 2640 FE0F	woman gesturing OK: medium skin tone	People & Body	person-gesture	E4.0	fully-qualified
1F646 1F3FE 200D 2640 FE0F	woman gesturing OK: medium-dark skin tone	People & Body	person-gesture	E4.0	fully-qualified
1F646 1F3FF 200D 2640 FE0F	woman gesturing OK: dark skin tone	People & Body	person-gesture	E4.0	fully-qualified
1F481	person tipping hand	People & Body	person-gesture	E0.6	fully-qualified
1F481 1F3FB	person tipping hand: light skin tone	People & Body	person-gesture	E1.0	fully-qualified
1F481 1F3FC	person tipping hand: medium-light skin tone	People & Body	person-gesture	E1.0	fully-qualified
1F481 1F3FD	person tipping hand: medium skin tone	People & Body	person-gesture	E1.0	fully-qualified
1F481 1F3FE	person tipping hand: medium-dark skin tone	People & Body	person-gesture	E1.0	fully-qualified
1F481 1F3FF	person tipping hand: dark skin tone	People & Body	person-gesture	E1.0	fully-qualified
1F481 200D 2642 FE0F	man tipping hand	People & Body	person-gesture	E4.0	fully-qualified
1F481 1F3FB 200D 2642 FE0F	man tipping hand: light skin tone	People & Body	person-gesture	E4.0	fully-qualified
1F481 1F3FC 200D 2642 FE0F	man tipping hand: medium-light skin tone	People & Body	person-gesture	E4.0	fully-qualified
1F481 1F3FD 200D 2642 FE0F	man tipping hand: medium skin tone	People & Body	person-gesture	E4.0	fully-qualified
1F481 1F3FE 200D 2642 FE0F	man tipping hand: medium-dark skin tone	People & Body	person-gesture	E4.0	fully-qualified
1F481 1F3FF 200D 2642 FE0F	man tipping hand: dark skin tone	People & Body	person-gesture	E4.0	fully-qualified
1F481 200D 2640 FE0F	woman tipping hand	People & Body	person-gesture	E4.0	fully-qualified
1F481 1F3FB 200D 2640 FE0F	woman tipping hand: light skin tone	People & Body	person-gesture	E4.0	fully-qualified
1F481 1F3FC 200D 2640 FE0F	woman tipping hand: medium-light skin tone	People & Body	person-gesture	E4.0	fully-qualified
1F481 1F3FD 200D 2640 FE0F	woman tipping hand: medium skin tone	People & Body	person-gesture	E4.0	fully-qualified
1F481 1F3FE 200D 2640 FE0F	woman tipping hand: medium-dark skin tone	People & Body	person-gesture	E4.0	fully-qualified
1F481 1F3FF 200D 2640 FE0F	woman tipping hand: dark skin tone	People & Body	person-gesture	E4.0	fully-qualified
1F64B	person raising hand	People & Body	person-gesture	E0.6	fully-qualified
1F64B 1F3FB	person raising hand: light skin tone	People & Body	person-gesture	E1.0	fully-qualified
1F64B 1F3FC	person raising hand: medium-light skin tone	People & Body	person-gesture	E1.0	fully-qualified
1F64B 1F3FD	person raising hand: medium skin tone	People & Body	person-gesture	E1.0	fully-qualified
1F64B 1F3FE	person raising hand: medium-dark skin tone	People & Body	person-gesture	E1.0	fully-qualified
1F64B 1F3FF	person raising hand: dark skin tone	People & Body	person-gesture	E1.0	fully-qualified
1F64B 200D 2642 FE0F	man raising hand	People & Body	person-gesture	E4.0	fully-qualified
1F64B 1F3FB 200D 2642 FE0F	man raising hand: light skin tone	People & Body	person-gesture	E4.0	fully-qualified
1F64B 1F3FC 200D 2642 FE0F	man raising hand: medium-light skin tone	People & Body	person-gesture	E4.0	fully-qualified
1F64B 1F3FD 200D 2642 FE0F	man raising hand: medium skin tone	People & Body	person-gesture	E4.0	fully-qualified
1F64B 1F3FE 200D 2642 FE0F	man raising hand: medium-dark skin tone	People & Body	person-gesture	E4.0	fully-qualified
1F64B 1F3FF 200D 2642 FE0F	man raising hand: dark skin tone	People & Body	person-gesture	E4.0	fully-qualified
1F64B 200D 2640 FE0F	woman raising hand	People & Body	person-gesture	E4.0	fully-qualified
1F64B 1F3FB 200D 2640 FE0F	woman raising hand: light skin tone	People & Body	person-gesture	E4.0	fully-qualified
1F64B 1F3FC 200D 2640 FE0F	woman raising hand: medium-light skin tone	People & Body	person-gesture	E4.0	fully-qualified
1F64B 1F3FD 200D 2640 FE0F	woman raising hand: medium skin tone	People & Body	person-gesture	E4.0	fully-qualified
1F64B 1F3FE 200D 2640 FE0F	woman raising hand: medium-dark skin tone	People & Body	person-gesture	E4.0	fully-qualified
1F64B 1F3FF 200D 2640 FE0F	woman raising hand: dark skin tone	People & Body	person-gesture	E4.0	fully-qualified
1F9CF	deaf person	People & Body	person-gesture	E12.0	fully-qualified
1F9CF 1F3FB	deaf person: light skin tone	People & Body	person-gesture	E12.0	fully-qualified
1F9CF 1F3FC	deaf person: medium-light skin tone	People & Body	person-gesture	E12.0	fully-qualified
1F9CF 1F3FD	deaf person: medium skin tone	People & Body	person-gesture	E12.0	fully-qualified
1F9CF 1F3FE	deaf person: medium-dark skin tone	People & Body	person-gesture	E12.0	fully-qualified
1F9CF 1F3FF	deaf person: dark skin tone	People & Body	person-gesture	E12.0	fully-qualified
1F9CF 200D 2642 FE0F	deaf man	People & Body	person-gesture	E12.0	fully-qualified
1F9CF 1F3FB 200D 2642 FE0F	deaf man: light skin tone	People & Body	person-gesture	E12.0	fully-qualified
1F9CF 1F3FC 200D 2642 FE0F	deaf man: medium-light skin tone	People & Body	person-gesture	E12.0	fully-qualified
1F9CF 1F3FD 200D 2642 FE0F	deaf man: medium skin tone	People & Body	person-gesture	E12.0	fully-qualified
1F9CF 1F3FE 200D 2642 FE0F	deaf man: medium-dark skin tone	People & Body	person-gesture	E12.0	fully-qualified
1F9CF 1F3FF 200D 2642 FE0F	deaf man: dark skin tone	People & Body	person-gesture	E12.0	fully-qualified
1F9CF 200D 2640 FE0F	deaf woman	People & Body	person-gesture	E12.0	fully-qualified
1F9CF 1F3FB 200D 2640 FE0F	deaf woman: light skin tone	People & Body	person-gesture	E12.0	fully-qualified
1F9CF 1F3FC 200D 2640 FE0F	deaf woman: medium-light skin tone	People & Body	person-gesture	E12.0	fully-qualified
1F9CF 1F3FD 200D 2640 FE0F	deaf woman: medium skin tone	People & Body	person-gesture	E12.0	fully-qualified
1F9CF 1F3FE 200D 2640 FE0F	deaf woman: medium-dark skin tone	People & Body	person-gesture	E12.0	fully-qualified
1F9CF 1F3FF 200D 2640 FE0F	deaf woman: dark skin tone	People & Body	person-gesture	E12.0	fully-qualified
1F647	person bowing	People & Body	person-gesture	E0.6	fully-qualified
1F647 1F3FB	person bowing: light skin tone	People & Body	person-gesture	E1.0	fully-qualified
1F647 1F3FC	person bowing: medium-light skin tone	People & Body	person-gesture	E1.0	fully-qualified
1F647 1F3FD	person bowing: medium skin tone	People & Body	person-gesture	E1.0	fully-qualified
1F647 1F3FE	person bowing: medium-dark skin tone	People & Body	person-gesture	E1.0	fully-qualified
1F647 1F3FF	person bowing: dark skin tone	People & Body	person-gesture	E1.0	fully-qualified
1F647 200D 2642 FE0F	man bowing	People & Body	person-gesture	E4.0	fully-qualified
1F647 1F3FB 200D 2642 FE0F	man bowing: light skin tone	People & Body	person-gesture	E4.0	fully-qualified
1F647 1F3FC 200D 2642 FE0F	man bowing: medium-light skin tone	People & Body	person-gesture	E4.0	fully-qualified
1F647 1F3FD 200D 2642 FE0F	man bowing: medium skin tone	People & Body	person-gesture	E4.0	fully-qualified
1F647 1F3FE 200D 2642 FE0F	man bowing: medium-dark skin tone	People & Body	person-gesture	E4.0	fully-qualified
1F647 1F3FF 200D 2642 FE0F	man bowing: dark skin tone	People & Body	person-gesture	E4.0	fully-qualified
1F647 200D 2640 FE0F	woman bowing	People & Body	person-gesture	E4.0	fully-qualified
1F647 1F3FB 200D 2640 FE0F	woman bowing: light skin tone	People & Body	person-gesture	E4.0	fully-qualified
1F647 1F3FC 200D 2640 FE0F	woman bowing: medium-light skin tone	People & Body	person-gesture	E4.0	fully-qualified
1F647 1F3FD 200D 2640 FE0F	woman bowing: medium skin tone	People & Body	person-gesture	E4.0	fully-qualified
1F647 1F3FE 200D 2640 FE0F	woman bowing: medium-dark skin tone	People & Body	person-gesture	E4.0	fully-qualified
1F647 1F3FF 200D 2640 FE0F	woman bowing: dark skin tone	People & Body	person-gesture	E4.0	fully-qualified
1F926	person facepalming	People & Body	person-gesture	E3.0	fully-qualified
1F926 1F3FB	person facepalming: light skin tone	People & Body	person-gesture	E3.0	fully-qualified
1F926 1F3FC	person facepalming: medium-light skin tone	People & Body	person-gesture	E3.0	fully-qualified
1F926 1F3FD	person facepalming: medium skin tone	People & Body	person-gesture	E3.0	fully-qualified
1F926 1F3FE	person facepalming: medium-dark skin tone	People & Body	person-gesture	E3.0	fully-qualified
1F926 1F3FF	person facepalming: dark skin tone	People & Body	person-gesture	E3.0	fully-qualified
1F926 200D 2642 FE0F	man facepalming	People & Body	person-gesture	E4.0	fully-qualified
1F926 1F3FB 200D 2642 FE0F	man facepalming: light skin tone	People & Body	person-gesture	E4.0	fully-qualified
1F926 1F3FC 200D 2642 FE0F	man facepalming: medium-light skin tone	People & Body	person-gesture	E4.0	fully-qualified
1F926 1F3FD 200D 2642 FE0F	man facepalming: medium skin tone	People & Body	person-gesture	E4.0	fully-qualified
1F926 1F3FE 200D 2642 FE0F	man facepalming: medium-dark skin tone	People & Body	person-gesture	E4.0	fully-qualified
1F926 1F3FF 200D 2642 FE0F	man facepalming: dark skin tone	People & Body	person-gesture	E4.0	fully-qualified
1F926 200D 2640 FE0F	woman facepalming	People & Body	person-gesture	E4.0	fully-qualified
1F926 1F3FB 200D 2640 FE0F	woman facepalming: light skin tone	People & Body	person-gesture	E4.0	fully-qualified
1F926 1F3FC 200D 2640 FE0F	woman facepalming: medium-light skin tone	People & Body	person-gesture	E4.0	fully-qualified
1F926 1F3FD 200D 2640 FE0F	woman facepalming: medium skin tone	People & Body	person-gesture	E4.0	fully-qualified
1F926 1F3FE 200D 2640 FE0F	woman facepalming: medium-dark skin tone	People & Body	person-gesture	E4.0	fully-qualified
1F926 1F3FF 200D 2640 FE0F	woman facepalming: dark skin tone	People & Body	person-gesture	E4.0	fully-qualified
1F937	person shrugging	People & Body	person-gesture	E3.0	fully-qualified
1F937 1F3FB	person shrugging: light skin tone	People & Body	person-gesture	E3.0	fully-qualified
1F937 1F3FC	person shrugging: medium-light skin tone	People & Body	person-gesture	E3.0	fully-qualified
1F937 1F3FD	person shrugging: medium skin tone	People & Body	person-gesture	E3.0	fully-qualified
1F937 1F3FE	person shrugging: medium-dark skin tone	People & Body	person-gesture	E3.0	fully-qualified
1F937 1F3FF	person shrugging: dark skin tone	People & Body	person-gesture	E3.0	fully-qualified
1F937 200D 2642 FE0F	man shrugging	People & Body	person-gesture	E4.0	fully-qualified
1F937 1F3FB 200D 2642 FE0F	man shrugging: light skin tone	People & Body	person-gesture	E4.0	fully-qualified
1F937 1F3FC 200D 2642 FE0F	man shrugging: medium-light skin tone	People & Body	person-gesture	E4.0	fully-qualified
1F937 1F3FD 200D 2642 FE0F	man shrugging: medium skin tone	People & Body	person-gesture	E4.0	fully-qualified
1F937 1F3FE 200D 2642 FE0F	man shrugging: medium-dark skin tone	People & Body	person-gesture	E4.0	fully-qualified
1F937 1F3FF 200D 2642 FE0F	man shrugging: dark skin tone	People & Body	person-gesture	E4.0	fully-qualified
1F937 200D 2640 FE0F	woman shrugging	People & Body	person-gesture	E4.0	fully-qualified
1F937 1F3FB 200D 2640 FE0F	woman shrugging: light skin tone	People & Body	person-gesture	E4.0	fully-qualified
1F937 1F3FC 200D 2640 FE0F	woman shrugging: medium-light skin tone	People & Body	person-gesture	E4.0	fully-qualified
1F937 1F3FD 200D 2640 FE0F	woman shrugging: medium skin tone	People & Body	person-gesture	E4.0	fully-qualified
1F937 1F3FE 200D 2640 FE0F	woman shrugging: medium-dark skin tone	People & Body	person-gesture	E4.0	fully-qualified
1F937 1F3FF 200D 2640 FE0F	woman shrugging: dark skin tone	People & Body	person-gesture	E4.0	fully-qualified
1F9D1 200D 2695 FE0F	health worker	People & Body	person-role	E12.1	fully-qualified
1F9D1 1F3FB 200D 2695 FE0F	health worker: light skin tone	People & Body	person-role	E12.1	fully-qualified
1F9D1 1F3FC 200D 2695 FE0F	health worker: medium-light skin tone	People & Body	person-role	E12.1	fully-qualified
1F9D1 1F3FD 200D 2695 FE0F	health worker: medium skin tone	People & Body	person-role	E12.1	fully-qualified
1F9D1 1F3FE 200D 2695 FE0F	health worker: medium-dark skin tone	People & Body	person-role	E12.1	fully-qualified
1F9D1 1F3FF 200D 2695 FE0F	health worker: dark skin tone	People & Body	person-role	E12.1	fully-qualified
1F468 200D 2695 FE0F	man health worker	People & Body	person-role	E4.0	fully-qualified
1F468 1F3FB 200D 2695 FE0F	man health worker: light skin tone	People & Body	person-role	E4.0	fully-qualified
1F468 1F3FC 200D 2695 FE0F	man health worker: medium-light skin tone	People & Body	person-role	E4.0	fully-qualified
1F468 1F3FD 200D 2695 FE0F	man health worker: medium skin tone	People & Body	person-role	E4.0	fully-qualified
1F468 1F3FE 200D 2695 FE0F	man health worker: medium-dark skin tone	People & Body	person-role	E4.0	fully-qualified
1F468 1F3FF 200D 2695 FE0F	man health worker: dark skin tone	People & Body	person-role	E4.0	fully-qualified
1F469 200D 2695 FE0F	woman health worker	People & Body	person-role	E4.0	fully-qualified
1F469 1F3FB 200D 2695 FE0F	woman health worker: light skin tone	People & Body	person-role	E4.0	fully-qualified
1F469 1F3FC 200D 2695 FE0F	woman health worker: medium-light skin tone	People & Body	person-role	E4.0	fully-qualified
1F469 1F3FD 200D 2695 FE0F	woman health worker: medium skin tone	People & Body	person-role	E4.0	fully-qualified
1F469 1F3FE 200D 2695 FE0F	woman health worker: medium-dark skin tone	People & Body	person-role	E4.0	fully-qualified
1F469 1F3FF 200D 2695 FE0F	woman health worker: dark skin tone	People & Body	person-role	E4.0	fully-qualified
1F9D1 200D 1F393	student	People & Body	person-role	E12.1	fully-qualified
1F9D1 1F3FB 200D 1F393	student: light skin tone	People & Body	person-role	E12.1	fully-qualified
1F9D1 1F3FC 200D 1F393	student: medium-light skin tone	People & Body	person-role	E12.1	fully-qualified
1F9D1 1F3FD 200D 1F393	student: medium skin tone	People & Body	person-role	E12.1	fully-qualified
1F9D1 1F3FE 200D 1F393	student: medium-dark skin tone	People & Body	person-role	E12.1	fully-qualified
1F9D1 1F3FF 200D 1F393	student: dark skin tone	People & Body	person-role	E12.1	fully-qualified
1F468 200D 1F393	man student	People & Body	person-role	E4.0	fully-qualified
1F468 1F3FB 200D 1F393	man student: light skin tone	People & Body	person-role	E4.0	fully-qualified
1F468 1F3FC 200D 1F393	man student: medium-light skin tone	People & Body	person-role	E4.0	fully-qualified
1F468 1F3FD 200D 1F393	man student: medium skin tone	People & Body	person-role	E4.0	fully-qualified
1F468 1F3FE 200D 1F393	man student: medium-dark skin tone	People & Body	person-role	E4.0	fully-qualified
1F468 1F3FF 200D 1F393	man student: dark skin tone	People & Body	person-role	E4.0	fully-qualified
1F469 200D 1F393	woman student	People & Body	person-role	E4.0	fully-qualified
1F469 1F3FB 200D 1F393	woman student: light skin tone	People & Body	person-role	E4.0	fully-qualified
1F469 1F3FC 200D 1F393	woman student: medium-light skin tone	People & Body	person-role	E4.0	fully-qualified
1F469 1F3FD 200D 1F393	woman student: medium skin tone	People & Body	person-role	E4.0	fully-qualified
1F469 1F3FE 200D 1F393	woman student: medium-dark skin tone	People & Body	person-role	E4.0	fully-qualified
1F469 1F3FF 200D 1F393	woman student: dark skin tone	People & Body	person-role	E4.0	fully-qualified
1F9D1 200D 1F3EB	teacher	People & Body	person-role	E12.1	fully-qualified
1F9D1 1F3FB 200D 1F3EB	teacher: light skin tone	People & Body	person-role	E12.1	fully-qualified
1F9D1 1F3FC 200D 1F3EB	teacher: medium-light skin tone	People & Body	person-role	E12.1	fully-qualified
1F9D1 1F3FD 200D 1F3EB	teacher: medium skin tone	People & Body	person-role	E12.1	fully-qualified
1F9D1 1F3FE 200D 1F3EB	teacher: medium-dark skin tone	People & Body	person-role	E12.1	fully-qualified
1F9D1 1F3FF 200D 1F3EB	teacher: dark skin tone	People & Body	person-role	E12.1	fully-qualified
1F468 200D 1F3EB	man teacher	People & Body	person-role	E4.0	fully-qualified
1F468 1F3FB 200D 1F3EB	man teacher: light skin tone	People & Body	person-role	E4.0	fully-qualified
1F468 1F3FC 200D 1F3EB	man teacher: medium-light skin tone	People & Body	person-role	E4.0	fully-qualified
1F468 1F3FD 200D 1F3EB	man teacher: medium skin tone	People & Body	person-role	E4.0	fully-qualified
1F468 1F3FE 200D 1F3EB	man teacher: medium-dark skin tone	People & Body	person-role	E4.0	fully-qualified
1F468 1F3FF 200D 1F3EB	man teacher: dark skin tone	People & Body	person-role	E4.0	fully-qualified
1F469 200D 1F3EB	woman teacher	People & Body	person-role	E4.0	fully-qualified
1F469 1F3FB 200D 1F3EB	woman teacher: light skin tone	People & Body	person-role	E4.0	fully-qualified
1F469 1F3FC 200D 1F3EB	woman teacher: medium-light skin tone	People & Body	person-role	E4.0	fully-qualified
1F469 1F3FD 200D 1F3EB	woman teacher: medium skin tone	People & Body	person-role	E4.0	fully-qualified
1F469 1F3FE 200D 1F3EB	woman teacher: medium-dark skin tone	People & Body	person-role	E4.0	fully-qualified
1F469 1F3FF 200D 1F3EB	woman teacher: dark skin tone	People & Body	person-role	E4.0	fully-qualified
1F9D1 200D 2696 FE0F	judge	People & Body	person-role	E12.1	fully-qualified
1F9D1 1F3FB 200D 2696 FE0F	judge: light skin tone	People & Body	person-role	E12.1	fully-qualified
1F9D1 1F3FC 200D 2696 FE0F	judge: medium-light skin tone	People & Body	person-role	E12.1	fully-qualified
1F9D1 1F3FD 200D 2696 FE0F	judge: medium skin tone	People & Body	person-role	E12.1	fully-qualified
1F9D1 1F3FE 200D 2696 FE0F	judge: medium-dark skin tone	People & Body	person-role	E12.1	fully-qualified
1F9D1 1F3FF 200D 2696 FE0F	judge: dark skin tone	People & Body	person-role	E12.1	fully-qualified
1F468 200D 2696 FE0F	man judge	People & Body	person-role	E4.0	fully-qualified
1F468 1F3FB 200D 2696 FE0F	man judge: light skin tone	People & Body	person-role	E4.0	fully-qualified
1F468 1F3FC 200D 2696 FE0F	man judge: medium-light skin tone	People & Body	person-role	E4.0	fully-qualified
1F468 1F3FD 200D 2696 FE0F	man judge: medium skin tone	People & Body	person-role	E4.0	fully-qualified
1F468 1F3FE 200D 2696 FE0F	man judge: medium-dark skin tone	People & Body	person-role	E4.0	fully-qualified
1F468 1F3FF 200D 2696 FE0F	man judge: dark skin tone	People & Body	person-role	E4.0	fully-qualified
1F469 200D 2696 FE0F	woman judge	People & Body	person-role	E4.0	fully-qualified
1F469 1F3FB 200D 2696 FE0F	woman judge: light skin tone	People & Body	person-role	E4.0	fully-qualified
1F469 1F3FC 200D 2696 FE0F	woman judge: medium-light skin tone	People & Body	person-role	E4.0	fully-qualified
1F469 1F3FD 200D 2696 FE0F	woman judge: medium skin tone	People & Body	person-role	E4.0	fully-qualified
1F469 1F3FE 200D 2696 FE0F	woman judge: medium-dark skin tone	People & Body	person-role	E4.0	fully-qualified
1F469 1F3FF 200D 2696 FE0F	woman judge: dark skin tone	People & Body	person-role	E4.0	fully-qualified
1F9D1 200D 1F33E	farmer	People & Body	person-role	E12.1	fully-qualified
1F9D1 1F3FB 200D 1F33E	farmer: light skin tone	People & Body	person-role	E12.1	fully-qualified
1F9D1 1F3FC 200D 1F33E	farmer: medium-light skin tone	People & Body	person-role	E12.1	fully-qualified
1F9D1 1F3FD 200D 1F33E	farmer: medium skin tone	People & Body	person-role	E12.1	fully-qualified
1F9D1 1F3FE 200D 1F33E	farmer: medium-dark skin tone	People & Body	person-role	E12.1	fully-qualified
1F9D1 1F3FF 200D 1F33E	farmer: dark skin tone	People & Body	person-role	E12.1	fully-qualified
1F468 200D 1F33E	man farmer	People & Body	person-role	E4.0	fully-qualified
1F468 1F3FB 200D 1F33E	man farmer: light skin tone	People & Body	person-role	E4.0	fully-qualified
1F468 1F3FC 200D 1F33E	man farmer: medium-light skin tone	People & Body	person-role	E4.0	fully-qualified
1F468 1F3FD 200D 1F33E	man farmer: medium skin tone	People & Body	person-role	E4.0	fully-qualified
1F468 1F3FE 200D 1F33E	man farmer: medium-dark skin tone	People & Body	person-role	E4.0	fully-qualified
1F468 1F3FF 200D 1F33E	man farmer: dark skin tone	People & Body	person-role	E4.0	fully-qualified
1F469 200D 1F33E	woman farmer	People & Body	person-role	E4.0	fully-qualified
1F469 1F3FB 200D 1F33E	woman farmer: light skin tone	People & Body	person-role	E4.0	fully-qualified
1F469 1F3FC 200D 1F33E	woman farmer: medium-light skin tone	People & Body	person-role	E4.0	fully-qualified
1F469 1F3FD 200D 1F33E	woman farmer: medium skin tone	People & Body	person-role	E4.0	fully-qualified
1F469 1F3FE 200D 1F33E	woman farmer: medium-dark skin tone	People & Body	person-role	E4.0	fully-qualified
1F469 1F3FF 200D 1F33E	woman farmer: dark skin tone	People & Body	person-role	E4.0	fully-qualified
1F9D1 200D 1F373	cook	People & Body	person-role	E12.1	fully-qualified
1F9D1 1F3FB 200D 1F373	cook: light skin tone	People & Body	person-role	E12.1	fully-qualified
1F9D1 1F3FC 200D 1F373	cook: medium-light skin tone	People & Body	person-role	E12.1	fully-qualified
1F9D1 1F3FD 200D 1F373	cook: medium skin tone	People & Body	person-role	E12.1	fully-qualified
1F9D1 1F3FE 200D 1F373	cook: medium-dark skin tone	People & Body	person-role	E12.1	fully-qualified
1F9D1 1F3FF 200D 1F373	cook: dark skin tone	People & Body	person-role	E12.1	fully-qualified
1F468 200D 1F373	man cook	People & Body	person-role	E4.0	fully-qualified
1F468 1F3FB 200D 1F373	man cook: light skin tone	People & Body	person-role	E4.0	fully-qualified
1F468 1F3FC 200D 1F373	man cook: medium-light skin tone	People & Body	person-role	E4.0	fully-qualified
1F468 1F3FD 200D 1F373	man cook: medium skin tone	People & Body	person-role	E4.0	fully-qualified
1F468 1F3FE 200D 1F373	man cook: medium-dark skin tone	People & Body	person-role	E4.0	fully-qualified
1F468 1F3FF 200D 1F373	man cook: dark skin tone	People & Body	person-role	E4.0	fully-qualified
1F469 200D 1F373	woman cook	People & Body	person-role	E4.0	fully-qualified
1F469 1F3FB 200D 1F373	woman cook: light skin tone	People & Body	person-role	E4.0	fully-qualified
1F469 1F3FC 200D 1F373	woman cook: medium-light skin tone	People & Body	person-role	E4.0	fully-qualified
1F469 1F3FD 200D 1F373	woman cook: medium skin tone	People & Body	person-role	E4.0	fully-qualified
1F469 1F3FE 200D 1F373	woman cook: medium-dark skin tone	People & Body	person-role	E4.0	fully-qualified
1F469 1F3FF 200D 1F373	woman cook: dark skin tone	People & Body	person-role	E4.0	fully-qualified
1F9D1 200D 1F527	mechanic	People & Body	person-role	E12.1	fully-qualified
1F9D1 1F3FB 200D 1F527	mechanic: light skin tone	People & Body	person-role	E12.1	fully-qualified
1F9D1 1F3FC 200D 1F527	mechanic: medium-light skin tone	People & Body	person-role	E12.1	fully-qualified
1F9D1 1F3FD 200D 1F527	mechanic: medium skin tone	People & Body	person-role	E12.1	fully-qualified
1F9D1 1F3FE 200D 1F527	mechanic: medium-dark skin tone	People & Body	person-role	E12.1	fully-qualified
1F9D1 1F3FF 200D 1F527	mechanic: dark skin tone	People & Body	person-role	E12.1	fully-qualified
1F468 200D 1F527	man mechanic	People & Body	person-role	E4.0	fully-qualified
1F468 1F3FB 200D 1F527	man mechanic: light skin tone	People & Body	person-role	E4.0	fully-qualified
1F468 1F3FC 200D 1F527	man mechanic: medium-light skin tone	People & Body	person-role	E4.0	fully-qualified
1F468 1F3FD 200D 1F527	man mechanic: medium skin tone	People & Body	person-role	E4.0	fully-qualified
1F468 1F3FE 200D 1F527	man mechanic: medium-dark skin tone	People & Body	person-role	E4.0	fully-qualified
1F468 1F3FF 200D 1F527	man mechanic: dark skin tone	People & Body	person-role	E4.0	fully-qualified
1F469 200D 1F527	woman mechanic	People & Body	person-role	E4.0	fully-qualified
1F469 1F3FB 200D 1F527	woman mechanic: light skin tone	People & Body	person-role	E4.0	fully-qualified
1F469 1F3FC 200D 1F527	woman mechanic: medium-light skin tone	People & Body	person-role	E4.0	fully-qualified
1F469 1F3FD 200D 1F527	woman mechanic: medium skin tone	People & Body	person-role	E4.0	fully-qualified
1F469 1F3FE 200D 1F527	woman mechanic: medium-dark skin tone	People & Body	person-role	E4.0	fully-qualified
1F469 1F3FF 200D 1F527	woman mechanic: dark skin tone	People & Body	person-role	E4.0	fully-qualified
1F9D1 200D 1F3ED	factory worker	People & Body	person-role	E12.1	fully-qualified
1F9D1 1F3FB 200D 1F3ED	factory worker: light skin tone	People & Body	person-role	E12.1	fully-qualified
1F9D1 1F3FC 200D 1F3ED	factory worker: medium-light skin tone	People & Body	person-role	E12.1	fully-qualified
1F9D1 1F3FD 200D 1F3ED	factory worker: medium skin tone	People & Body	person-role	E12.1	fully-qualified
1F9D1 1F3FE 200D 1F3ED	factory worker: medium-dark skin tone	People & Body	person-role	E12.1	fully-qualified
1F9D1 1F3FF 200D 1F3ED	factory worker: dark skin tone	People & Body	person-role	E12.1	fully-qualified
1F468 200D 1F3ED	man factory worker	People & Body	person-role	E4.0	fully-qualified
1F468 1F3FB 200D 1F3ED	man factory worker: light skin tone	People & Body	person-role	E4.0	fully-qualified
1F468 1F3FC 200D 1F3ED	man factory worker: medium-light skin tone	People & Body	person-role	E4.0	fully-qualified
1F468 1F3FD 200D 1F3ED	man factory worker: medium skin tone	People & Body	person-role	E4.0	fully-qualified
1F468 1F3FE 200D 1F3ED	man factory worker: medium-dark skin tone	People & Body	person-role	E4.0	fully-qualified
1F468 1F3FF 200D 1F3ED	man factory worker: dark skin tone	People & Body	person-role	E4.0	fully-qualified
1F469 200D 1F3ED	woman factory worker	People & Body	person-role	E4.0	fully-qualified
1F469 1F3FB 200D 1F3ED	woman factory worker: light skin tone	People & Body	person-role	E4.0	fully-qualified
1F469 1F3FC 200D 1F3ED	woman factory worker: medium-light skin tone	People & Body	person-role	E4.0	fully-qualified
1F469 1F3FD 200D 1F3ED	woman factory worker: medium skin tone	People & Body	person-role	E4.0	fully-qualified
1F469 1F3FE 200D 1F3ED	woman factory worker: medium-dark skin tone	People & Body	person-role	E4.0	fully-qualified
1F469 1F3FF 200D 1F3ED	woman factory worker: dark skin tone	People & Body	person-role	E4.0	fully-qualified
1F9D1 200D 1F4BC	office worker	People & Body	person-role	E12.1	fully-qualified
1F9D1 1F3FB 200D 1F4BC	office worker: light skin tone	People & Body	person-role	E12.1	fully-qualified
1F9D1 1F3FC 200D 1F4BC	office worker: medium-light skin tone	People & Body	person-role	E12.1	fully-qualified
1F9D1 1F3FD 200D 1F4BC	office worker: medium skin tone	People & Body	person-role	E12.1	fully-qualified
1F9D1 1F3FE 200D 1F4BC	office worker: medium-dark skin tone	People & Body	person-role	E12.1	fully-qualified
1F9D1 1F3FF 200D 1F4BC	office worker: dark skin tone	People & Body	person-role	E12.1	fully-qualified
1F468 200D 1F4BC	man office worker	People & Body	person-role	E4.0	fully-qualified
1F468 1F3FB 200D 1F4BC	man office worker: light skin tone	People & Body	person-role	E4.0	fully-qualified
1F468 1F3FC 200D 1F4BC	man office worker: medium-light skin tone	People & Body	person-role	E4.0	fully-qualified
1F468 1F3FD 200D 1F4BC	man office worker: medium skin tone	People & Body	person-role	E4.0	fully-qualified
1F468 1F3FE 200D 1F4BC	man office worker: medium-dark skin tone	People & Body	person-role	E4.0	fully-qualified
1F468 1F3FF 200D 1F4BC	man office worker: dark skin tone	People & Body	person-role	E4.0	fully-qualified
1F469 200D 1F4BC	woman office worker	People & Body	person-role	E4.0	fully-qualified
1F469 1F3FB 200D 1F4BC	woman office worker: light skin tone	People & Body	person-role	E4.0	fully-qualified
1F469 1F3FC 200D 1F4BC	woman office worker: medium-light skin tone	People & Body	person-role	E4.0	fully-qualified
1F469 1F3FD 200D 1F4BC	woman office worker: medium skin tone	People & Body	person-role	E4.0	fully-qualified
1F469 1F3FE 200D 1F4BC	woman office worker: medium-dark skin tone	People & Body	person-role	E4.0	fully-qualified
1F469 1F3FF 200D 1F4BC	woman office worker: dark skin tone	People & Body	person-role	E4.0	fully-qualified
1F9D1 200D 1F52C	scientist	People & Body	person-role	E12.1	fully-qualified
1F9D1 1F3FB 200D 1F52C	scientist: light skin tone	People & Body	person-role	E12.1	fully-qualified
1F9D1 1F3FC 200D 1F52C	scientist: medium-light skin tone	People & Body	person-role	E12.1	fully-qualified
1F9D1 1F3FD 200D 1F52C	scientist: medium skin tone	People & Body	person-role	E12.1	fully-qualified
1F9D1 1F3FE 200D 1F52C	scientist: medium-dark skin tone	People & Body	person-role	E12.1	fully-qualified
1F9D1 1F3FF 200D 1F52C	scientist: dark skin tone	People & Body	person-role	E12.1	fully-qualified
1F468 200D 1F52C	man scientist	People & Body	person-role	E4.0	fully-qualified
1F468 1F3FB 200D 1F52C	man scientist: light skin tone	People & Body	person-role	E4.0	fully-qualified
1F468 1F3FC 200D 1F52C	man scientist: medium-light skin tone	People & Body	person-role	E4.0	fully-qualified
1F468 1F3FD 200D 1F52C	man scientist: medium skin tone	People & Body	person-role	E4.0	fully-qualified
1F468 1F3FE 200D 1F52C	man scientist: medium-dark skin tone	People & Body	person-role	E4.0	fully-qualified
1F468 1F3FF 200D 1F52C	man scientist: dark skin tone	People & Body	person-role	E4.0	fully-qualified
1F469 200D 1F52C	woman scientist	People & Body	person-role	E4.0	fully-qualified
1F469 1F3FB 200D 1F52C	woman scientist: light skin tone	People & Body	person-role	E4.0	fully-qualified
1F469 1F3FC 200D 1F52C	woman scientist: medium-light skin tone	People & Body	person-role	E4.0	fully-qualified
1F469 1F3FD 200D 1F52C	woman scientist: medium skin tone	People & Body	person-role	E4.0	fully-qualified
1F469 1F3FE 200D 1F52C	woman scientist: medium-dark skin tone	People & Body	person-role	E4.0	fully-qualified
1F469 1F3FF 200D 1F52C	woman scientist: dark skin tone	People & Body	person-role	E4.0	fully-qualified
1F9D1 200D 1F4BB	technologist	People & Body	person-role	E12.1	fully-qualified
1F9D1 1F3FB 200D 1F4BB	technologist: light skin tone	People & Body	person-role	E12.1	fully-qualified
1F9D1 1F3FC 200D 1F4BB	technologist: medium-light skin tone	People & Body	person-role	E12.1	fully-qualified
1F9D1 1F3FD 200D 1F4BB	technologist: medium skin tone	People & Body	person-role	E12.1	fully-qualified
1F9D1 1F3FE 200D 1F4BB	technologist: medium-dark skin tone	People & Body	person-role	E12.1	fully-qualified
1F9D1 1F3FF 200D 1F4BB	technologist: dark skin tone	People & Body	person-role	E12.1	fully-qualified
1F468 200D 1F4BB	man technologist	People & Body	person-role	E4.0	fully-qualified
1F468 1F3FB 200D 1F4BB	man technologist: light skin tone	People & Body	person-role	E4.0	fully-qualified
1F468 1F3FC 200D 1F4BB	man technologist: medium-light skin tone	People & Body	person-role	E4.0	fully-qualified
1F468 1F3FD 200D 1F4BB	man technologist: medium skin tone	People & Body	person-role	E4.0	fully-qualified
1F468 1F3FE 200D 1F4BB	man technologist: medium-dark skin tone	People & Body	person-role	E4.0	fully-qualified
1F468 1F3FF 200D 1F4BB	man technologist: dark skin tone	People & Body	person-role	E4.0	fully-qualified
1F469 200D 1F4BB	woman technologist	People & Body	person-role	E4.0	fully-qualified
1F469 1F3FB 200D 1F4BB	woman technologist: light skin tone	People & Body	person-role	E4.0	fully-qualified
1F469 1F3FC 200D 1F4BB	woman technologist: medium-light skin tone	People & Body	person-role	E4.0	fully-qualified
1F469 1F3FD 200D 1F4BB	woman technologist: medium skin tone	People & Body	person-role	E4.0	fully-qualified
1F469 1F3FE 200D 1F4BB	woman technologist: medium-dark skin tone	People & Body	person-role	E4.0	fully-qualified
1F469 1F3FF 200D 1F4BB	woman technologist: dark skin tone	People & Body	person-role	E4.0	fully-qualified
1F9D1 200D 1F3A4	singer	People & Body	person-role	E12.1	fully-qualified
1F9D1 1F3FB 200D 1F3A4	singer: light skin tone	People & Body	person-role	E12.1	fully-qualified
1F9D1 1F3FC 200D 1F3A4	singer: medium-light skin tone	People & Body	person-role	E12.1	fully-qualified
1F9D1 1F3FD 200D 1F3A4	singer: medium skin tone	People & Body	person-role	E12.1	fully-qualified
1F9D1 1F3FE 200D 1F3A4	singer: medium-dark skin tone	People & Body	person-role	E12.1	fully-qualified
1F9D1 1F3FF 200D 1F3A4	singer: dark skin tone	People & Body	person-role	E12.1	fully-qualified
1F468 200D 1F3A4	man singer	People & Body	person-role	E4.0	fully-qualified
1F468 1F3FB 200D 1F3A4	man singer: light skin tone	People & Body	person-role	E4.0	fully-qualified
1F468 1F3FC 200D 1F3A4	man singer: medium-light skin tone	People & Body	person-role	E4.0	fully-qualified
1F468 1F3FD 200D 1F3A4	man singer: medium skin tone	People & Body	person-role	E4.0	fully-qualified
1F468 1F3FE 200D 1F3A4	man singer: medium-dark skin tone	People & Body	person-role	E4.0	fully-qualified
1F468 1F3FF 200D 1F3A4	man singer: dark skin tone	People & Body	person-role	E4.0	fully-qualified
1F469 200D 1F3A4	woman singer	People & Body	person-role	E4.0	fully-qualified
1F469 1F3FB 200D 1F3A4	woman singer: light skin tone	People & Body	person-role	E4.0	fully-qualified
1F469 1F3FC 200D 1F3A4	woman singer: medium-light skin tone	People & Body	person-role	E4.0	fully-qualified
1F469 1F3FD 200D 1F3A4	woman singer: medium skin tone	People & Body	person-role	E4.0	fully-qualified
1F469 1F3FE 200D 1F3A4	woman singer: medium-dark skin tone	People & Body	person-role	E4.0	fully-qualified
1F469 1F3FF 200D 1F3A4	woman singer: dark skin tone	People & Body	person-role	E4.0	fully-qualified
1F9D1 200D 1F3A8	artist	People & Body	person-role	E12.1	fully-qualified
1F9D1 1F3FB 200D 1F3A8	artist: light skin tone	People & Body	person-role	E12.1	fully-qualified
1F9D1 1F3FC 200D 1F3A8	artist: medium-light skin tone	People & Body	person-role	E12.1	fully-qualified
1F9D1 1F3FD 200D 1F3A8	artist: medium skin tone	People & Body	person-role	E12.1	fully-qualified
1F9D1 1F3FE 200D 1F3A8	artist: medium-dark skin tone	People & Body	person-role	E12.1	fully-qualified
1F9D1 1F3FF 200D 1F3A8	artist: dark skin tone	People & Body	person-role	E12.1	fully-qualified
1F468 200D 1F3A8	man artist	People & Body	person-role	E4.0	fully-qualified
1F468 1F3FB 200D 1F3A8	man artist: light skin tone	People & Body	person-role	E4.0	fully-qualified
1F468 1F3FC 200D 1F3A8	man artist: medium-light skin tone	People & Body	person-role	E4.0	fully-qualified
1F468 1F3FD 200D 1F3A8	man artist: medium skin tone	People & Body	person-role	E4.0	fully-qualified
1F468 1F3FE 200D 1F3A8	man artist: medium-dark skin tone	People & Body	person-role	E4.0	fully-qualified
1F468 1F3FF 200D 1F3A8	man artist: dark skin tone	People & Body	person-role	E4.0	fully-qualified
1F469 200D 1F3A8	woman artist	People & Body	person-role	E4.0	fully-qualified
1F469 1F3FB 200D 1F3A8	woman artist: light skin tone	People & Body	person-role	E4.0	fully-qualified
1F469 1F3FC 200D 1F3A8	woman artist: medium-light skin tone	People & Body	person-role	E4.0	fully-qualified
1F469 1F3FD 200D 1F3A8	woman artist: medium skin tone	People & Body	person-role	E4.0	fully-qualified
1F469 1F3FE 200D 1F3A8	woman artist: medium-dark skin tone	People & Body	person-role	E4.0	fully-qualified
1F469 1F3FF 200D 1F3A8	woman artist: dark skin tone	People & Body	person-role	E4.0	fully-qualified
1F9D1 200D 2708 FE0F	pilot	People & Body	person-role	E12.1	fully-qualified
1F9D1 1F3FB 200D 2708 FE0F	pilot: light skin tone	People & Body	person-role	E12.1	fully-qualified
1F9D1 1F3FC 200D 2708 FE0F	pilot: medium-light skin tone	People & Body	person-role	E12.1	fully-qualified
1F9D1 1F3FD 200D 2708 FE0F	pilot: medium skin tone	People & Body	person-role	E12.1	fully-qualified
1F9D1 1F3FE 200D 2708 FE0F	pilot: medium-dark skin tone	People & Body	person-role	E12.1	fully-qualified
1F9D1 1F3FF 200D 2708 FE0F	pilot: dark skin tone	People & Body	person-role	E12.1	fully-qualified
1F468 200D 2708 FE0F	man pilot	People & Body	person-role	E4.0	fully-qualified
1F468 1F3FB 200D 2708 FE0F	man pilot: light skin tone	People & Body	person-role	E4.0	fully-qualified
1F468 1F3FC 200D 2708 FE0F	man pilot: medium-light skin tone	People & Body	person-role	E4.0	fully-qualified
1F468 1F3FD 200D 2708 FE0F	man pilot: medium skin tone	People & Body	person-role	E4.0	fully-qualified
1F468 1F3FE 200D 2708 FE0F	man pilot: medium-dark skin tone	People & Body	person-role	E4.0	fully-qualified
1F468 1F3FF 200D 2708 FE0F	man pilot: dark skin tone	People & Body	person-role	E4.0	fully-qualified
1F469 200D 2708 FE0F	woman pilot	People & Body	person-role	E4.0	fully-qualified
1F469 1F3FB 200D 2708 FE0F	woman pilot: light skin tone	People & Body	person-role	E4.0	fully-qualified
1F469 1F3FC 200D 2708 FE0F	woman pilot: medium-light skin tone	People & Body	person-role	E4.0	fully-qualified
1F469 1F3FD 200D 2708 FE0F	woman pilot: medium skin tone	People & Body	person-role	E4.0	fully-qualified
1F469 1F3FE 200D 2708 FE0F	woman pilot: medium-dark skin tone	People & Body	person-role	E4.0	fully-qualified
1F469 1F3FF 200D 2708 FE0F	woman pilot: dark skin tone	People & Body	person-role	E4.0	fully-qualified
1F9D1 200D 1F680	astronaut	People & Body	person-role	E12.1	fully-qualified
1F9D1 1F3FB 200D 1F680	astronaut: light skin tone	People & Body	person-role	E12.1	fully-qualified
1F9D1 1F3FC 200D 1F680	astronaut: medium-light skin tone	People & Body	person-role	E12.1	fully-qualified
1F9D1 1F3FD 200D 1F680	astronaut: medium skin tone	People & Body	person-role	E12.1	fully-qualified
1F9D1 1F3FE 200D 1F680	astronaut: medium-dark skin tone	People & Body	person-role	E12.1	fully-qualified
1F9D1 1F3FF 200D 1F680	astronaut: dark skin tone	People & Body	person-role	E12.1	fully-qualified
1F468 200D 1F680	man astronaut	People & Body	person-role	E4.0	fully-qualified
1F468 1F3FB 200D 1F680	man astronaut: light skin tone	People & Body	person-role	E4.0	fully-qualified
1F468 1F3FC 200D 1F680	man astronaut: medium-light skin tone	People & Body	person-role	E4.0	fully-qualified
1F468 1F3FD 200D 1F680	man astronaut: medium skin tone	People & Body	person-role	E4.0	fully-qualified
1F468 1F3FE 200D 1F680	man astronaut: medium-dark skin tone	People & Body	person-role	E4.0	fully-qualified
1F468 1F3FF 200D 1F680	man astronaut: dark skin tone	People & Body	person-role	E4.0	fully-qualified
1F469 200D 1F680	woman astronaut	People & Body	person-role	E4.0	fully-qualified
1F469 1F3FB 200D 1F680	woman astronaut: light skin tone	People & Body	person-role	E4.0	fully-qualified
1F469 1F3FC 200D 1F680	woman astronaut: medium-light skin tone	People & Body	person-role	E4.0	fully-qualified
1F469 1F3FD 200D 1F680	woman astronaut: medium skin tone	People & Body	person-role	E4.0	fully-qualified
1F469 1F3FE 200D 1F680	woman astronaut: medium-dark skin tone	People & Body	person-role	E4.0	fully-qualified
1F469 1F3FF 200D 1F680	woman astronaut: dark skin tone	People & Body	person-role	E4.0	fully-qualified
1F9D1 200D 1F692	firefighter	People & Body	person-role	E12.1	fully-qualified
1F9D1 1F3FB 200D 1F692	firefighter: light skin tone	People & Body	person-role	E12.1	fully-qualified
1F9D1 1F3FC 200D 1F692	firefighter: medium-light skin tone	People & Body	person-role	E12.1	fully-qualified
1F9D1 1F3FD 200D 1F692	firefighter: medium skin tone	People & Body	person-role	E12.1	fully-qualified
1F9D1 1F3FE 200D 1F692	firefighter: medium-dark skin tone	People & Body	person-role	E12.1	fully-qualified
1F9D1 1F3FF 200D 1F692	firefighter: dark skin tone	People & Body	person-role	E12.1	fully-qualified
1F468 200D 1F692	man firefighter	People & Body	person-role	E4.0	fully-qualified
1F468 1F3FB 200D 1F692	man firefighter: light skin tone	People & Body	person-role	E4.0	fully-qualified
1F468 1F3FC 200D 1F692	man firefighter: medium-light skin tone	People & Body	person-role	E4.0	fully-qualified
1F468 1F3FD 200D 1F692	man firefighter: medium skin tone	People & Body	person-role	E4.0	fully-qualified
1F468 1F3FE 200D 1F692	man firefighter: medium-dark skin tone	People & Body	person-role	E4.0	fully-qualified
1F468 1F3FF 200D 1F692	man firefighter: dark skin tone	People & Body	person-role	E4.0	fully-qualified
1F469 200D 1F692	woman firefighter	People & Body	person-role	E4.0	fully-qualified
1F469 1F3FB 200D 1F692	woman firefighter: light skin tone	People & Body	person-role	E4.0	fully-qualified
1F469 1F3FC 200D 1F692	woman firefighter: medium-light skin tone	People & Body	person-role	E4.0	fully-qualified
1F469 1F3FD 200D 1F692	woman firefighter: medium skin tone	People & Body	person-role	E4.0	fully-qualified
1F469 1F3FE 200D 1F692	woman firefighter: medium-dark skin tone	People & Body	person-role	E4.0	fully-qualified
1F469 1F3FF 200D 1F692	woman firefighter: dark skin tone	People & Body	person-role	E4.0	fully-qualified
1F46E	police officer	People & Body	person-role	E0.6	fully-qualified
1F46E 1F3FB	police officer: light skin tone	People & Body	person-role	E1.0	fully-qualified
1F46E 1F3FC	police officer: medium-light skin tone	People & Body	person-role	E1.0	fully-qualified
1F46E 1F3FD	police officer: medium skin tone	People & Body	person-role	E1.0	fully-qualified
1F46E 1F3FE	police officer: medium-dark skin tone	People & Body	person-role	E1.0	fully-qualified
1F46E 1F3FF	police officer: dark skin tone	People & Body	person-role	E1.0	fully-qualified
1F46E 200D 2642 FE0F	man police officer	People & Body	person-role	E4.0	fully-qualified
1F46E 1F3FB 200D 2642 FE0F	man police officer: light skin tone	People & Body	person-role	E4.0	fully-qualified
1F46E 1F3FC 200D 2642 FE0F	man police officer: medium-light skin tone	People & Body	person-role	E4.0	fully-qualified
1F46E 1F3FD 200D 2642 FE0F	man police officer: medium skin tone	People & Body	person-role	E4.0	fully-qualified
1F46E 1F3FE 200D 2642 FE0F	man police officer: medium-dark skin tone	People & Body	person-role	E4.0	fully-qualified
1F46E 1F3FF 200D 2642 FE0F	man police officer: dark skin tone	People & Body	person-role	E4.0	fully-qualified
1F46E 200D 2640 FE0F	woman police officer	People & Body	person-role	E4.0	fully-qualified
1F46E 1F3FB 200D 2640 FE0F	woman police officer: light skin tone	People & Body	person-role	E4.0	fully-qualified
1F46E 1F3FC 200D 2640 FE0F	woman police officer: medium-light skin tone	People & Body	person-role	E4.0	fully-qualified
1F46E 1F3FD 200D 2640 FE0F	woman police officer: medium skin tone	People & Body	person-role	E4.0	fully-qualified
1F46E 1F3FE 200D 2640 FE0F	woman police officer: medium-dark skin tone	People & Body	person-role	E4.0	fully-qualified
1F46E 1F3FF 200D 2640 FE0F	woman police officer: dark skin tone	People & Body	person-role	E4.0	fully-qualified
1F575 FE0F	detective	People & Body	person-role	E0.7	fully-qualified
1F575 1F3FB	detective: light skin tone	People & Body	person-role	E2.0	fully-qualified
1F575 1F3FC	detective: medium-light skin tone	People & Body	person-role	E2.0	fully-qualified
1F575 1F3FD	detective: medium skin tone	People & Body	person-role	E2.0	fully-qualified
1F575 1F3FE	detective: medium-dark skin tone	People & Body	person-role	E2.0	fully-qualified
1F575 1F3FF	detective: dark skin tone	People & Body	person-role	E2.0	fully-qualified
1F575 FE0F 200D 2642 FE0F	man detective	People & Body	person-role	E4.0	fully-qualified
1F575 1F3FB 200D 2642 FE0F	man detective: light skin tone	People & Body	person-role	E4.0	fully-qualified
1F575 1F3FC 200D 2642 FE0F	man detective: medium-light skin tone	People & Body	person-role	E4.0	fully-qualified
1F575 1F3FD 200D 2642 FE0F	man detective: medium skin tone	People & Body	person-role	E4.0	fully-qualified
1F575 1F3FE 200D 2642 FE0F	man detective: medium-dark skin tone	People & Body	person-role	E4.0	fully-qualified
1F575 1F3FF 200D 2642 FE0F	man detective: dark skin tone	People & Body	person-role	E4.0	fully-qualified
1F575 FE0F 200D 2640 FE0F	woman detective	People & Body	person-role	E4.0	fully-qualified
1F575 1F3FB 200D 2640 FE0F	woman detective: light skin tone	People & Body	person-role	E4.0	fully-qualified
1F575 1F3FC 200D 2640 FE0F	woman detective: medium-light skin tone	People & Body	person-role	E4.0	fully-qualified
1F575 1F3FD 200D 2640 FE0F	woman detective: medium skin tone	People & Body	person-role	E4.0	fully-qualified
1F575 1F3FE 200D 2640 FE0F	woman detective: medium-dark skin tone	People & Body	person-role	E4.0	fully-qualified
1F575 1F3FF 200D 2640 FE0F	woman detective: dark skin tone	People & Body	person-role	E4.0	fully-qualified
1F482	guard	People & Body	person-role	E0.6	fully-qualified
1F482 1F3FB	guard: light skin tone	People & Body	person-role	E1.0	fully-qualified
1F482 1F3FC	guard: medium-light skin tone	People & Body	person-role	E1.0	fully-qualified
1F482 1F3FD	guard: medium skin tone	People & Body	person-role	E1.0	fully-qualified
1F482 1F3FE	guard: medium-dark skin tone	People & Body	person-role	E1.0	fully-qualified
1F482 1F3FF	guard: dark skin tone	People & Body	person-role	E1.0	fully-qualified
1F482 200D 2642 FE0F	man guard	People & Body	person-role	E4.0	fully-qualified
1F482 1F3FB 200D 2642 FE0F	man guard: light skin tone	People & Body	person-role	E4.0	fully-qualified
1F482 1F3FC 200D 2642 FE0F	man guard: medium-light skin tone	People & Body	person-role	E4.0	fully-qualified
1F482 1F3FD 200D 2642 FE0F	man guard: medium skin tone	People & Body	person-role	E4.0	fully-qualified
1F482 1F3FE 200D 2642 FE0F	man guard: medium-dark skin tone	People & Body	person-role	E4.0	fully-qualified
1F482 1F3FF 200D 2642 FE0F	man guard: dark skin tone	People & Body	person-role	E4.0	fully-qualified
1F482 200D 2640 FE0F	woman guard	People & Body	person-role	E4.0	fully-qualified
1F482 1F3FB 200D 2640 FE0F	woman guard: light skin tone	People & Body	person-role	E4.0	fully-qualified
1F482 1F3FC 200D 2640 FE0F	woman guard: medium-light skin tone	People & Body	person-role	E4.0	fully-qualified
1F482 1F3FD 200D 2640 FE0F	woman guard: medium skin tone	People & Body	person-role	E4.0	fully-qualified
1F482 1F3FE 200D 2640 FE0F	woman guard: medium-dark skin tone	People & Body	person-role	E4.0	fully-qualified
1F482 1F3FF 200D 2640 FE0F	woman guard: dark skin tone	People & Body	person-role	E4.0	fully-qualified
1F977	ninja	People & Body	person-role	E13.0	fully-qualified
1F977 1F3FB	ninja: light skin tone	People & Body	person-role	E13.0	fully-qualified
1F977 1F3FC	ninja: medium-light skin tone	People & Body	person-role	E13.0	fully-qualified
1F977 1F3FD	ninja: medium skin tone	People & Body	person-role	E13.0	fully-qualified
1F977 1F3FE	ninja: medium-dark skin tone	People & Body	person-role	E13.0	fully-qualified
1F977 1F3FF	ninja: dark skin tone	People & Body	person-role	E13.0	fully-qualified
1F477	construction worker	People & Body	person-role	E0.6	fully-qualified
1F477 1F3FB	construction worker: light skin tone	People & Body	person-role	E1.0	fully-qualified
1F477 1F3FC	construction worker: medium-light skin tone	People & Body	person-role	E1.0	fully-qualified
1F477 1F3FD	construction worker: medium skin tone	People & Body	person-role	E1.0	fully-qualified
1F477 1F3FE	construction worker: medium-dark skin tone	People & Body	person-role	E1.0	fully-qualified
1F477 1F3FF	construction worker: dark skin tone	People & Body	person-role	E1.0	fully-qualified
1F477 200D 2642 FE0F	man construction worker	People & Body	person-role	E4.0	fully-qualified
1F477 1F3FB 200D 2642 FE0F	man construction worker: light skin tone	People & Body	person-role	E4.0	fully-qualified
1F477 1F3FC 200D 2642 FE0F	man construction worker: medium-light skin tone	People & Body	person-role	E4.0	fully-qualified
1F477 1F3FD 200D 2642 FE0F	man construction worker: medium skin tone	People & Body	person-role	E4.0	fully-qualified
1F477 1F3FE 200D 2642 FE0F	man construction worker: medium-dark skin tone	People & Body	person-role	E4.0	fully-qualified
1F477 1F3FF 200D 2642 FE0F	man construction worker: dark skin tone	People & Body	person-role	E4.0	fully-qualified
1F477 200D 2640 FE0F	woman construction worker	People & Body	person-role	E4.0	fully-qualified
1F477 1F3FB 200D 2640 FE0F	woman construction worker: light skin tone	People & Body	person-role	E4.0	fully-qualified
1F477 1F3FC 200D 2640 FE0F	woman construction worker: medium-light skin tone	People & Body	person-role	E4.0	fully-qualified
1F477 1F3FD 200D 2640 FE0F	woman construction worker: medium skin tone	People & Body	person-role	E4.0	fully-qualified
1F477 1F3FE 200D 2640 FE0F	woman construction worker: medium-dark skin tone	People & Body	person-role	E4.0	fully-qualified
1F477 1F3FF 200D 2640 FE0F	woman construction worker: dark skin tone	People & Body	person-role	E4.0	fully-qualified
1FAC5	person with crown	People & Body	person-role	E14.0	fully-qualified
1FAC5 1F3FB	person with crown: light skin tone	People & Body	person-role	E14.0	fully-qualified
1FAC5 1F3FC	person with crown: medium-light skin tone	People & Body	person-role	E14.0	fully-qualified
1FAC5 1F3FD	person with crown: medium skin tone	People & Body	person-role	E14.0	fully-qualified
1FAC5 1F3FE	person with crown: medium-dark skin tone	People & Body	person-role	E14.0	fully-qualified
1FAC5 1F3FF	person with crown: dark skin tone	People & Body	person-role	E14.0	fully-qualified
1F934	prince	People & Body	person-role	E3.0	fully-qualified
1F934 1F3FB	prince: light skin tone	People & Body	person-role	E3.0	fully-qualified
1F934 1F3FC	prince: medium-light skin tone	People & Body	person-role	E3.0	fully-qualified
1F934 1F3FD	prince: medium skin tone	People & Body	person-role	E3.0	fully-qualified
1F934 1F3FE	prince: medium-dark skin tone	People & Body	person-role	E3.0	fully-qualified
1F934 1F3FF	prince: dark skin tone	People & Body	person-role	E3.0	fully-qualified
1F478	princess	People & Body	person-role	E0.6	fully-qualified
1F478 1F3FB	princess: light skin tone	People & Body	person-role	E1.0	fully-qualified
1F478 1F3FC	princess: medium-light skin tone	People & Body	person-role	E1.0	fully-qualified
1F478 1F3FD	princess: medium skin tone	People & Body	person-role	E1.0	fully-qualified
1F478 1F3FE	princess: medium-dark skin tone	People & Body	person-role	E1.0	fully-qualified
1F478 1F3FF	princess: dark skin tone	People & Body	person-role	E1.0	fully-qualified
1F473	person wearing turban	People & Body	person-role	E0.6	fully-qualified
1F473 1F3FB	person wearing turban: light skin tone	People & Body	person-role	E1.0	fully-qualified
1F473 1F3FC	person wearing turban: medium-light skin tone	People & Body	person-role	E1.0	fully-qualified
1F473 1F3FD	person wearing turban: medium skin tone	People & Body	person-role	E1.0	fully-qualified
1F473 1F3FE	person wearing turban: medium-dark skin tone	People & Body	person-role	E1.0	fully-qualified
1F473 1F3FF	person wearing turban: dark skin tone	People & Body	person-role	E1.0	fully-qualified
1F473 200D 2642 FE0F	man wearing turban	People & Body	person-role	E4.0	fully-qualified
1F473 1F3FB 200D 2642 FE0F	man wearing turban: light skin tone	People & Body	person-role	E4.0	fully-qualified
1F473 1F3FC 200D 2642 FE0F	man wearing turban: medium-light skin tone	People & Body	person-role	E4.0	fully-qualified
1F473 1F3FD 200D 2642 FE0F	man wearing turban: medium skin tone	People & Body	person-role	E4.0	fully-qualified
1F473 1F3FE 200D 2642 FE0F	man wearing turban: medium-dark skin tone	People & Body	person-role	E4.0	fully-qualified
1F473 1F3FF 200D 2642 FE0F	man wearing turban: dark skin tone	People & Body	person-role	E4.0	fully-qualified
1F473 200D 2640 FE0F	woman wearing turban	People & Body	person-role	E4.0	fully-qualified
1F473 1F3FB 200D 2640 FE0F	woman wearing turban: light skin tone	People & Body	person-role	E4.0	fully-qualified
1F473 1F3FC 200D 2640 FE0F	woman wearing turban: medium-light skin tone	People & Body	person-role	E4.0	fully-qualified
1F473 1F3FD 200D 2640 FE0F	woman wearing turban: medium skin tone	People & Body	person-role	E4.0	fully-qualified
1F473 1F3FE 200D 2640 FE0F	woman wearing turban: medium-dark skin tone	People & Body	person-role	E4.0	fully-qualified
1F473 1F3FF 200D 2640 FE0F	woman wearing turban: dark skin tone	People & Body	person-role	E4.0	fully-qualified
1F472	person with skullcap	People & Body	person-role	E0.6	fully-qualified
1F472 1F3FB	person with skullcap: light skin tone	People & Body	person-role	E1.0	fully-qualified
1F472 1F3FC	person with skullcap: medium-light skin tone	People & Body	person-role	E1.0	fully-qualified
1F472 1F3FD	person with skullcap: medium skin tone	People & Body	person-role	E1.0	fully-qualified
1F472 1F3FE	person with skullcap: medium-dark skin tone	People & Body	person-role	E1.0	fully-qualified
1F472 1F3FF	person with skullcap: dark skin tone	People & Body	person-role	E1.0	fully-qualified
1F9D5	woman with headscarf	People & Body	person-role	E5.0	fully-qualified
1F9D5 1F3FB	woman with headscarf: light skin tone	People & Body	person-role	E5.0	fully-qualified
1F9D5 1F3FC	woman with headscarf: medium-light skin tone	People & Body	person-role	E5.0	fully-qualified
1F9D5 1F3FD	woman with headscarf: medium skin tone	People & Body	person-role	E5.0	fully-qualified
1F9D5 1F3FE	woman with headscarf: medium-dark skin tone	People & Body	person-role	E5.0	fully-qualified
1F9D5 1F3FF	woman with headscarf: dark skin tone	People & Body	person-role	E5.0	fully-qualified
1F935	person in tuxedo	People & Body	person-role	E3.0	fully-qualified
1F935 1F3FB	person in tuxedo: light skin tone	People & Body	person-role	E3.0	fully-qualified
1F935 1F3FC	person in tuxedo: medium-light skin tone	People & Body	person-role	E3.0	fully-qualified
1F935 1F3FD	person in tuxedo: medium skin tone	People & Body	person-role	E3.0	fully-qualified
1F935 1F3FE	person in tuxedo: medium-dark skin tone	People & Body	person-role	E3.0	fully-qualified
1F935 1F3FF	person in tuxedo: dark skin tone	People & Body	person-role	E3.0	fully-qualified
1F935 200D 2642 FE0F	man in tuxedo	People & Body	person-role	E13.0	fully-qualified
1F935 1F3FB 200D 2642 FE0F	man in tuxedo: light skin tone	People & Body	person-role	E13.0	fully-qualified
1F935 1F3FC 200D 2642 FE0F	man in tuxedo: medium-light skin tone	People & Body	person-role	E13.0	fully-qualified
1F935 1F3FD 200D 2642 FE0F	man in tuxedo: medium skin tone	People & Body	person-role	E13.0	fully-qualified
1F935 1F3FE 200D 2642 FE0F	man in tuxedo: medium-dark skin tone	People & Body	person-role	E13.0	fully-qualified
1F935 1F3FF 200D 2642 FE0F	man in tuxedo: dark skin tone	People & Body	person-role	E13.0	fully-qualified
1F935 200D 2640 FE0F	woman in tuxedo	People & Body	person-role	E13.0	fully-qualified
1F935 1F3FB 200D 2640 FE0F	woman in tuxedo: light skin tone	People & Body	person-role	E13.0	fully-qualified
1F935 1F3FC 200D 2640 FE0F	woman in tuxedo: medium-light skin tone	People & Body	person-role	E13.0	fully-qualified
1F935 1F3FD 200D 2640 FE0F	woman in tuxedo: medium skin tone	People & Body	person-role	E13.0	fully-qualified
1F935 1F3FE 200D 2640 FE0F	woman in tuxedo: medium-dark skin tone	People & Body	person-role	E13.0	fully-qualified
1F935 1F3FF 200D 2640 FE0F	woman in tuxedo: dark skin tone	People & Body	person-role	E13.0	fully-qualified
1F470	person with veil	People & Body	person-role	E0.6	fully-qualified
1F470 1F3FB	person with veil: light skin tone	People & Body	person-role	E1.0	fully-qualified
1F470 1F3FC	person with veil: medium-light skin tone	People & Body	person-role	E1.0	fully-qualified
1F470 1F3FD	person with veil: medium skin tone	People & Body	person-role	E1.0	fully-qualified
1F470 1F3FE	person with veil: medium-dark skin tone	People & Body	person-role	E1.0	fully-qualified
1F470 1F3FF	person with veil: dark skin tone	People & Body	person-role	E1.0	fully-qualified
1F470 200D 2642 FE0F	man with veil	People & Body	person-role	E13.0	fully-qualified
1F470 1F3FB 200D 2642 FE0F	man with veil: light skin tone	People & Body	person-role	E13.0	fully-qualified
1F470 1F3FC 200D 2642 FE0F	man with veil: medium-light skin tone	People & Body	person-role	E13.0	fully-qualified
1F470 1F3FD 200D 2642 FE0F	man with veil: medium skin tone	People & Body	person-role	E13.0	fully-qualified
1F470 1F3FE 200D 2642 FE0F	man with veil: medium-dark skin tone	People & Body	person-role	E13.0	fully-qualified
1F470 1F3FF 200D 2642 FE0F	man with veil: dark skin tone	People & Body	person-role	E13.0	fully-qualified
1F470 200D 2640 FE0F	woman with veil	People & Body	person-role	E13.0	fully-qualified
1F470 1F3FB 200D 2640 FE0F	woman with veil: light skin tone	People & Body	person-role	E13.0	fully-qualified
1F470 1F3FC 200D 2640 FE0F	woman with veil: medium-light skin tone	People & Body	person-role	E13.0	fully-qualified
1F470 1F3FD 200D 2640 FE0F	woman with veil: medium skin tone	People & Body	person-role	E13.0	fully-qualified
1F470 1F3FE 200D 2640 FE0F	woman with veil: medium-dark skin tone	People & Body	person-role	E13.0	fully-qualified
1F470 1F3FF 200D 2640 FE0F	woman with veil: dark skin tone	People & Body	person-role	E13.0	fully-qualified
1F930	pregnant woman	People & Body	person-role	E3.0	fully-qualified
1F930 1F3FB	pregnant woman: light skin tone	People & Body	person-role	E3.0	fully-qualified
1F930 1F3FC	pregnant woman: medium-light skin tone	People & Body	person-role	E3.0	fully-qualified
1F930 1F3FD	pregnant woman: medium skin tone	People & Body	person-role	E3.0	fully-qualified
1F930 1F3FE	pregnant woman: medium-dark skin tone	People & Body	person-role	E3.0	fully-qualified
1F930 1F3FF	pregnant woman: dark skin tone	People & Body	person-role	E3.0	fully-qualified
1FAC3	pregnant man	People & Body	person-role	E14.0	fully-qualified
1FAC3 1F3FB	pregnant man: light skin tone	People & Body	person-role	E14.0	fully-qualified
1FAC3 1F3FC	pregnant man: medium-light skin tone	People & Body	person-role	E14.0	fully-qualified
1FAC3 1F3FD	pregnant man: medium skin tone	People & Body	person-role	E14.0	fully-qualified
1FAC3 1F3FE	pregnant man: medium-dark skin tone	People & Body	person-role	E14.0	fully-qualified
1FAC3 1F3FF	pregnant man: dark skin tone	People & Body	person-role	E14.0	fully-qualified
1FAC4	pregnant person	People & Body	person-role	E14.0	fully-qualified
1FAC4 1F3FB	pregnant person: light skin tone	People & Body	person-role	E14.0	fully-qualified
1FAC4 1F3FC	pregnant person: medium-light skin tone	People & Body	person-role	E14.0	fully-qualified
1FAC4 1F3FD	pregnant person: medium skin tone	People & Body	person-role	E14.0	fully-qualified
1FAC4 1F3FE	pregnant person: medium-dark skin tone	People & Body	person-role	E14.0	fully-qualified
1FAC4 1F3FF	pregnant person: dark skin tone	People & Body	person-role	E14.0	fully-qualified
1F931	breast-feeding	People & Body	person-role	E5.0	fully-qualified
1F931 1F3FB	breast-feeding: light skin tone	People & Body	person-role	E5.0	fully-qualified
1F931 1F3FC	breast-feeding: medium-light skin tone	People & Body	person-role	E5.0	fully-qualified
1F931 1F3FD	breast-feeding: medium skin tone	People & Body	person-role	E5.0	fully-qualified
1F931 1F3FE	breast-feeding: medium-dark skin tone	People & Body	person-role	E5.0	fully-qualified
1F931 1F3FF	breast-feeding: dark skin tone	People & Body	person-role	E5.0	fully-qualified
1F469 200D 1F37C	woman feeding baby	People & Body	person-role	E13.0	fully-qualified
1F469 1F3FB 200D 1F37C	woman feeding baby: light skin tone	People & Body	person-role	E13.0	fully-qualified
1F469 1F3FC 200D 1F37C	woman feeding baby: medium-light skin tone	People & Body	person-role	E13.0	fully-qualified
1F469 1F3FD 200D 1F37C	woman feeding baby: medium skin tone	People & Body	person-role	E13.0	fully-qualified
1F469 1F3FE 200D 1F37C	woman feeding baby: medium-dark skin tone	People & Body	person-role	E13.0	fully-qualified
1F469 1F3FF 200D 1F37C	woman feeding baby: dark skin tone	People & Body	person-role	E13.0	fully-qualified
1F468 200D 1F37C	man feeding baby	People & Body	person-role	E13.0	fully-qualified
1F468 1F3FB 200D 1F37C	man feeding baby: light skin tone	People & Body	person-role	E13.0	fully-qualified
1F468 1F3FC 200D 1F37C	man feeding baby: medium-light skin tone	People & Body	person-role	E13.0	fully-qualified
1F468 1F3FD 200D 1F37C	man feeding baby: medium skin tone	People & Body	person-role	E13.0	fully-qualified
1F468 1F3FE 200D 1F37C	man feeding baby: medium-dark skin tone	People & Body	person-role	E13.0	fully-qualified
1F468 1F3FF 200D 1F37C	man feeding baby: dark skin tone	People & Body	person-role	E13.0	fully-qualified
1F9D1 200D 1F37C	person feeding baby	People & Body	person-role	E13.0	fully-qualified
1F9D1 1F3FB 200D 1F37C	person feeding baby: light skin tone	People & Body	person-role	E13.0	fully-qualified
1F9D1 1F3FC 200D 1F37C	person feeding baby: medium-light skin tone	People & Body	person-role	E13.0	fully-qualified
1F9D1 1F3FD 200D 1F37C	person feeding baby: medium skin tone	People & Body	person-role	E13.0	fully-qualified
1F9D1 1F3FE 200D 1F37C	person feeding baby: medium-dark skin tone	People & Body	person-role	E13.0	fully-qualified
1F9D1 1F3FF 200D 1F37C	person feeding baby: dark skin tone	People & Body	person-role	E13.0	fully-qualified
1F47C	baby angel	People & Body	person-fantasy	E0.6	fully-qualified
1F47C 1F3FB	baby angel: light skin tone	People & Body	person-fantasy	E1.0	fully-qualified
1F47C 1F3FC	baby angel: medium-light skin tone	People & Body	person-fantasy	E1.0	fully-qualified
1F47C 1F3FD	baby angel: medium skin tone	People & Body	person-fantasy	E1.0	fully-qualified
1F47C 1F3FE	baby angel: medium-dark skin tone	People & Body	person-fantasy	E1.0	fully-qualified
1F47C 1F3FF	baby angel: dark skin tone	People & Body	person-fantasy	E1.0	fully-qualified
1F385	Santa Claus	People & Body	person-fantasy	E0.6	fully-qualified
1F385 1F3FB	Santa Claus: light skin tone	People & Body	person-fantasy	E1.0	fully-qualified
1F385 1F3FC	Santa Claus: medium-light skin tone	People & Body	person-fantasy	E1.0	fully-qualified
1F385 1F3FD	Santa Claus: medium skin tone	People & Body	person-fantasy	E1.0	fully-qualified
1F385 1F3FE	Santa Claus: medium-dark skin tone	People & Body	person-fantasy	E1.0	fully-qualified
1F385 1F3FF	Santa Claus: dark skin tone	People & Body	person-fantasy	E1.0	fully-qualified
1F936	Mrs. Claus	People & Body	person-fantasy	E3.0	fully-qualified
1F936 1F3FB	Mrs. Claus: light skin tone	People & Body	person-fantasy	E3.0	fully-qualified
1F936 1F3FC	Mrs. Claus: medium-light skin tone	People & Body	person-fantasy	E3.0	fully-qualified
1F936 1F3FD	Mrs. Claus: medium skin tone	People & Body	person-fantasy	E3.0	fully-qualified
1F936 1F3FE	Mrs. Claus: medium-dark skin tone	People & Body	person-fantasy	E3.0	fully-qualified
1F936 1F3FF	Mrs. Claus: dark skin tone	People & Body	person-fantasy	E3.0	fully-qualified
1F9D1 200D 1F384	Mx Claus	People & Body	person-fantasy	E13.0	fully-qualified
1F9D1 1F3FB 200D 1F384	Mx Claus: light skin tone	People & Body	person-fantasy	E13.0	fully-qualified
1F9D1 1F3FC 200D 1F384	Mx Claus: medium-light skin tone	People & Body	person-fantasy	E13.0	fully-qualified
1F9D1 1F3FD 200D 1F384	Mx Claus: medium skin tone	People & Body	person-fantasy	E13.0	fully-qualified
1F9D1 1F3FE 200D 1F384	Mx Claus: medium-dark skin tone	People & Body	person-fantasy	E13.0	fully-qualified
1F9D1 1F3FF 200D 1F384	Mx Claus: dark skin tone	People & Body	person-fantasy	E13.0	fully-qualified
1F9B8	superhero	People & Body	person-fantasy	E11.0	fully-qualified
1F9B8 1F3FB	superhero: light skin tone	People & Body	person-fantasy	E11.0	fully-qualified
1F9B8 1F3FC	superhero: medium-light skin tone	People & Body	person-fantasy	E11.0	fully-qualified
1F9B8 1F3FD	superhero: medium skin tone	People & Body	person-fantasy	E11.0	fully-qualified
1F9B8 1F3FE	superhero: medium-dark skin tone	People & Body	person-fantasy	E11.0	fully-qualified
1F9B8 1F3FF	superhero: dark skin tone	People & Body	person-fantasy	E11.0	fully-qualified
1F9B8 200D 2642 FE0F	man superhero	People & Body	person-fantasy	E11.0	fully-qualified
1F9B8 1F3FB 200D 2642 FE0F	man superhero: light skin tone	People & Body	person-fantasy	E11.0	fully-qualified
1F9B8 1F3FC 200D 2642 FE0F	man superhero: medium-light skin tone	People & Body	person-fantasy	E11.0	fully-qualified
1F9B8 1F3FD 200D 2642 FE0F	man superhero: medium skin tone	People & Body	person-fantasy	E11.0	fully-qualified
1F9B8 1F3FE 200D 2642 FE0F	man superhero: medium-dark skin tone	People & Body	person-fantasy	E11.0	fully-qualified
1F9B8 1F3FF 200D 2642 FE0F	man superhero: dark skin tone	People & Body	person-fantasy	E11.0	fully-qualified
1F9B8 200D 2640 FE0F	woman superhero	People & Body	person-fantasy	E11.0	fully-qualified
1F9B8 1F3FB 200D 2640 FE0F	woman superhero: light skin tone	People & Body	person-fantasy	E11.0	fully-qualified
1F9B8 1F3FC 200D 2640 FE0F	woman superhero: medium-light skin tone	People & Body	person-fantasy	E11.0	fully-qualified
1F9B8 1F3FD 200D 2640 FE0F	woman superhero: medium skin tone	People & Body	person-fantasy	E11.0	fully-qualified
1F9B8 1F3FE 200D 2640 FE0F	woman superhero: medium-dark skin tone	People & Body	person-fantasy	E11.0	fully-qualified
1F9B8 1F3FF 200D 2640 FE0F	woman superhero: dark skin tone	People & Body	person-fantasy	E11.0	fully-qualified
1F9B9	supervillain	People & Body	person-fantasy	E11.0	fully-qualified
1F9B9 1F3FB	supervillain: light skin tone	People & Body	person-fantasy	E11.0	fully-qualified
1F9B9 1F3FC	supervillain: medium-light skin tone	People & Body	person-fantasy	E11.0	fully-qualified
1F9B9 1F3FD	supervillain: medium skin tone	People & Body	person-fantasy	E11.0	fully-qualified
1F9B9 1F3FE	supervillain: medium-dark skin tone	People & Body	person-fantasy	E11.0	fully-qualified
1F9B9 1F3FF	supervillain: dark skin tone	People & Body	person-fantasy	E11.0	fully-qualified
1F9B9 200D 2642 FE0F	man supervillain	People & Body	person-fantasy	E11.0	fully-qualified
1F9B9 1F3FB 200D 2642 FE0F	man supervillain: light skin tone	People & Body	person-fantasy	E11.0	fully-qualified
1F9B9 1F3FC 200D 2642 FE0F	man supervillain: medium-light skin tone	People & Body	person-fantasy	E11.0	fully-qualified
1F9B9 1F3FD 200D 2642 FE0F	man supervillain: medium skin tone	People & Body	person-fantasy	E11.0	fully-qualified
1F9B9 1F3FE 200D 2642 FE0F	man supervillain: medium-dark skin tone	People & Body	person-fantasy	E11.0	fully-qualified
1F9B9 1F3FF 200D 2642 FE0F	man supervillain: dark skin tone	People & Body	person-fantasy	E11.0	fully-qualified
1F9B9 200D 2640 FE0F	woman supervillain	People & Body	person-fantasy	E11.0	fully-qualified
1F9B9 1F3FB 200D 2640 FE0F	woman supervillain: light skin tone	People & Body	person-fantasy	E11.0	fully-qualified
1F9B9 1F3FC 200D 2640 FE0F	woman supervillain: medium-light skin tone	People & Body	person-fantasy	E11.0	fully-qualified
1F9B9 1F3FD 200D 2640 FE0F	woman supervillain: medium skin tone	People & Body	person-fantasy	E11.0	fully-qualified
1F9B9 1F3FE 200D 2640 FE0F	woman supervillain: medium-dark skin tone	People & Body	person-fantasy	E11.0	fully-qualified
1F9B9 1F3FF 200D 2640 FE0F	woman supervillain: dark skin tone	People & Body	person-fantasy	E11.0	fully-qualified
1F9D9	mage	People & Body	person-fantasy	E5.0	fully-qualified
1F9D9 1F3FB	mage: light skin tone	People & Body	person-fantasy	E5.0	fully-qualified
1F9D9 1F3FC	mage: medium-light skin tone	People & Body	person-fantasy	E5.0	fully-qualified
1F9D9 1F3FD	mage: medium skin tone	People & Body	person-fantasy	E5.0	fully-qualified
1F9D9 1F3FE	mage: medium-dark skin tone	People & Body	person-fantasy	E5.0	fully-qualified
1F9D9 1F3FF	mage: dark skin tone	People & Body	person-fantasy	E5.0	fully-qualified
1F9D9 200D 2642 FE0F	man mage	People & Body	person-fantasy	E5.0	fully-qualified
1F9D9 1F3FB 200D 2642 FE0F	man mage: light skin tone	People & Body	person-fantasy	E5.0	fully-qualified
1F9D9 1F3FC 200D 2642 FE0F	man mage: medium-light skin tone	People & Body	person-fantasy	E5.0	fully-qualified
1F9D9 1F3FD 200D 2642 FE0F	man mage: medium skin tone	People & Body	person-fantasy	E5.0	fully-qualified
1F9D9 1F3FE 200D 2642 FE0F	man mage: medium-dark skin tone	People & Body	person-fantasy	E5.0	fully-qualified
1F9D9 1F3FF 200D 2642 FE0F	man mage: dark skin tone	People & Body	person-fantasy	E5.0	fully-qualified
1F9D9 200D 2640 FE0F	woman mage	People & Body	person-fantasy	E5.0	fully-qualified
1F9D9 1F3FB 200D 2640 FE0F	woman mage: light skin tone	People & Body	person-fantasy	E5.0	fully-qualified
1F9D9 1F3FC 200D 2640 FE0F	woman mage: medium-light skin tone	People & Body	person-fantasy	E5.0	fully-qualified
1F9D9 1F3FD 200D 2640 FE0F	woman mage: medium skin tone	People & Body	person-fantasy	E5.0	fully-qualified
1F9D9 1F3FE 200D 2640 FE0F	woman mage: medium-dark skin tone	People & Body	person-fantasy	E5.0	fully-qualified
1F9D9 1F3FF 200D 2640 FE0F	woman mage: dark skin tone	People & Body	person-fantasy	E5.0	fully-qualified
1F9DA	fairy	People & Body	person-fantasy	E5.0	fully-qualified
1F9DA 1F3FB	fairy: light skin tone	People & Body	person-fantasy	E5.0	fully-qualified
1F9DA 1F3FC	fairy: medium-light skin tone	People & Body	person-fantasy	E5.0	fully-qualified
1F9DA 1F3FD	fairy: medium skin tone	People & Body	person-fantasy	E5.0	fully-qualified
1F9DA 1F3FE	fairy: medium-dark skin tone	People & Body	person-fantasy	E5.0	fully-qualified
1F9DA 1F3FF	fairy: dark skin tone	People & Body	person-fantasy	E5.0	fully-qualified
1F9DA 200D 2642 FE0F	man fairy	People & Body	person-fantasy	E5.0	fully-qualified
1F9DA 1F3FB 200D 2642 FE0F	man fairy: light skin tone	People & Body	person-fantasy	E5.0	fully-qualified
1F9DA 1F3FC 200D 2642 FE0F	man fairy: medium-light skin tone	People & Body	person-fantasy	E5.0	fully-qualified
1F9DA 1F3FD 200D 2642 FE0F	man fairy: medium skin tone	People & Body	person-fantasy	E5.0	fully-qualified
1F9DA 1F3FE 200D 2642 FE0F	man fairy: medium-dark skin tone	People & Body	person-fantasy	E5.0	fully-qualified
1F9DA 1F3FF 200D 2642 FE0F	man fairy: dark skin tone	People & Body	person-fantasy	E5.0	fully-qualified
1F9DA 200D 2640 FE0F	woman fairy	People & Body	person-fantasy	E5.0	fully-qualified
1F9DA 1F3FB 200D 2640 FE0F	woman fairy: light skin tone	People & Body	person-fantasy	E5.0	fully-qualified
1F9DA 1F3FC 200D 2640 FE0F	woman fairy: medium-light skin tone	People & Body	person-fantasy	E5.0	fully-qualified
1F9DA 1F3FD 200D 2640 FE0F	woman fairy: medium skin tone	People & Body	person-fantasy	E5.0	fully-qualified
1F9DA 1F3FE 200D 2640 FE0F	woman fairy: medium-dark skin tone	People & Body	person-fantasy	E5.0	fully-qualified
1F9DA 1F3FF 200D 2640 FE0F	woman fairy: dark skin tone	People & Body	person-fantasy	E5.0	fully-qualified
1F9DB	vampire	People & Body	person-fantasy	E5.0	fully-qualified
1F9DB 1F3FB	vampire: light skin tone	People & Body	person-fantasy	E5.0	fully-qualified
1F9DB 1F3FC	vampire: medium-light skin tone	People & Body	person-fantasy	E5.0	fully-qualified
1F9DB 1F3FD	vampire: medium skin tone	People & Body	person-fantasy	E5.0	fully-qualified
1F9DB 1F3FE	vampire: medium-dark skin tone	People & Body	person-fantasy	E5.0	fully-qualified
1F9DB 1F3FF	vampire: dark skin tone	People & Body	person-fantasy	E5.0	fully-qualified
1F9DB 200D 2642 FE0F	man vampire	People & Body	person-fantasy	E5.0	fully-qualified
1F9DB 1F3FB 200D 2642 FE0F	man vampire: light skin tone	People & Body	person-fantasy	E5.0	fully-qualified
1F9DB 1F3FC 200D 2642 FE0F	man vampire: medium-light skin tone	People & Body	person-fantasy	E5.0	fully-qualified
1F9DB 1F3FD 200D 2642 FE0F	man vampire: medium skin tone	People & Body	person-fantasy	E5.0	fully-qualified
1F9DB 1F3FE 200D 2642 FE0F	man vampire: medium-dark skin tone	People & Body	person-fantasy	E5.0	fully-qualified
1F9DB 1F3FF 200D 2642 FE0F	man vampire: dark skin tone	People & Body	person-fantasy	E5.0	fully-qualified
1F9DB 200D 2640 FE0F	woman vampire	People & Body	person-fantasy	E5.0	fully-qualified
1F9DB 1F3FB 200D 2640 FE0F	woman vampire: light skin tone	People & Body	person-fantasy	E5.0	fully-qualified
1F9DB 1F3FC 200D 2640 FE0F	woman vampire: medium-light skin tone	People & Body	person-fantasy	E5.0	fully-qualified
1F9DB 1F3FD 200D 2640 FE0F	woman vampire: medium skin tone	People & Body	person-fantasy	E5.0	fully-qualified
1F9DB 1F3FE 200D 2640 FE0F	woman vampire: medium-dark skin tone	People & Body	person-fantasy	E5.0	fully-qualified
1F9DB 1F3FF 200D 2640 FE0F	woman vampire: dark skin tone	People & Body	person-fantasy	E5.0	fully-qualified
1F9DC	merperson	People & Body	person-fantasy	E5.0	fully-qualified
1F9DC 1F3FB	merperson: light skin tone	People & Body	person-fantasy	E5.0	fully-qualified
1F9DC 1F3FC	merperson: medium-light skin tone	People & Body	person-fantasy	E5.0	fully-qualified
1F9DC 1F3FD	merperson: medium skin tone	People & Body	person-fantasy	E5.0	fully-qualified
1F9DC 1F3FE	merperson: medium-dark skin tone	People & Body	person-fantasy	E5.0	fully-qualified
1F9DC 1F3FF	merperson: dark skin tone	People & Body	person-fantasy	E5.0	fully-qualified
1F9DC 200D 2642 FE0F	merman	People & Body	person-fantasy	E5.0	fully-qualified
1F9DC 1F3FB 200D 2642 FE0F	merman: light skin tone	People & Body	person-fantasy	E5.0	fully-qualified
1F9DC 1F3FC 200D 2642 FE0F	merman: medium-light skin tone	People & Body	person-fantasy	E5.0	fully-qualified
1F9DC 1F3FD 200D 2642 FE0F	merman: medium skin tone	People & Body	person-fantasy	E5.0	fully-qualified
1F9DC 1F3FE 200D 2642 FE0F	merman: medium-dark skin tone	People & Body	person-fantasy	E5.0	fully-qualified
1F9DC 1F3FF 200D 2642 FE0F	merman: dark skin tone	People & Body	person-fantasy	E5.0	fully-qualified
1F9DC 200D 2640 FE0F	mermaid	People & Body	person-fantasy	E5.0	fully-qualified
1F9DC 1F3FB 200D 2640 FE0F	mermaid: light skin tone	People & Body	person-fantasy	E5.0	fully-qualified
1F9DC 1F3FC 200D 2640 FE0F	mermaid: medium-light skin tone	People & Body	person-fantasy	E5.0	fully-qualified
1F9DC 1F3FD 200D 2640 FE0F	mermaid: medium skin tone	People & Body	person-fantasy	E5.0	fully-qualified
1F9DC 1F3FE 200D 2640 FE0F	mermaid: medium-dark skin tone	People & Body	person-fantasy	E5.0	fully-qualified
1F9DC 1F3FF 200D 2640 FE0F	mermaid: dark skin tone	People & Body	person-fantasy	E5.0	fully-qualified
1F9DD	elf	People & Body	person-fantasy	E5.0	fully-qualified
1F9DD 1F3FB	elf: light skin tone	People & Body	person-fantasy	E5.0	fully-qualified
1F9DD 1F3FC	elf: medium-light skin tone	People & Body	person-fantasy	E5.0	fully-qualified
1F9DD 1F3FD	elf: medium skin tone	People & Body	person-fantasy	E5.0	fully-qualified
1F9DD 1F3FE	elf: medium-dark skin tone	People & Body	person-fantasy	E5.0	fully-qualified
1F9DD 1F3FF	elf: dark skin tone	People & Body	person-fantasy	E5.0	fully-qualified
1F9DD 200D 2642 FE0F	man elf	People & Body	person-fantasy	E5.0	fully-qualified
1F9DD 1F3FB 200D 2642 FE0F	man elf: light skin tone	People & Body	person-fantasy	E5.0	fully-qualified
1F9DD 1F3FC 200D 2642 FE0F	man elf: medium-light skin tone	People & Body	person-fantasy	E5.0	fully-qualified
1F9DD 1F3FD 200D 2642 FE0F	man elf: medium skin tone	People & Body	person-fantasy	E5.0	fully-qualified
1F9DD 1F3FE 200D 2642 FE0F	man elf: medium-dark skin tone	People & Body	person-fantasy	E5.0	fully-qualified
1F9DD 1F3FF 200D 2642 FE0F	man elf: dark skin tone	People & Body	person-fantasy	E5.0	fully-qualified
1F9DD 200D 2640 FE0F	woman elf	People & Body	person-fantasy	E5.0	fully-qualified
1F9DD 1F3FB 200D 2640 FE0F	woman elf: light skin tone	People & Body	person-fantasy	E5.0	fully-qualified
1F9DD 1F3FC 200D 2640 FE0F	woman elf: medium-light skin tone	People & Body	person-fantasy	E5.0	fully-qualified
1F9DD 1F3FD 200D 2640 FE0F	woman elf: medium skin tone	People & Body	person-fantasy	E5.0	fully-qualified
1F9DD 1F3FE 200D 2640 FE0F	woman elf: medium-dark skin tone	People & Body	person-fantasy	E5.0	fully-qualified
1F9DD 1F3FF 200D 2640 FE0F	woman elf: dark skin tone	People & Body	person-fantasy	E5.0	fully-qualified
1F9DE	genie	People & Body	person-fantasy	E5.0	fully-qualified
1F9DE 200D 2642 FE0F	man genie	People & Body	person-fantasy	E5.0	fully-qualified
1F9DE 200D 2640 FE0F	woman genie	People & Body	person-fantasy	E5.0	fully-qualified
1F9DF	zombie	People & Body	person-fantasy	E5.0	fully-qualified
1F9DF 200D 2642 FE0F	man zombie	People & Body	person-fantasy	E5.0	fully-qualified
1F9DF 200D 2640 FE0F	woman zombie	People & Body	person-fantasy	E5.0	fully-qualified
1F9CC	troll	People & Body	person-fantasy	E14.0	fully-qualified
1FAC8	hairy creature	People & Body	person-fantasy	E17.0	fully-qualified
1F486	person getting massage	People & Body	person-activity	E0.6	fully-qualified
1F486 1F3FB	person getting massage: light skin tone	People & Body	person-activity	E1.0	fully-qualified
1F486 1F3FC	person getting massage: medium-light skin tone	People & Body	person-activity	E1.0	fully-qualified
1F486 1F3FD	person getting massage: medium skin tone	People & Body	person-activity	E1.0	fully-qualified
1F486 1F3FE	person getting massage: medium-dark skin tone	People & Body	person-activity	E1.0	fully-qualified
1F486 1F3FF	person getting massage: dark skin tone	People & Body	person-activity	E1.0	fully-qualified
1F486 200D 2642 FE0F	man getting massage	People & Body	person-activity	E4.0	fully-qualified
1F486 1F3FB 200D 2642 FE0F	man getting massage: light skin tone	People & Body	person-activity	E4.0	fully-qualified
1F486 1F3FC 200D 2642 FE0F	man getting massage: medium-light skin tone	People & Body	person-activity	E4.0	fully-qualified
1F486 1F3FD 200D 2642 FE0F	man getting massage: medium skin tone	People & Body	person-activity	E4.0	fully-qualified
1F486 1F3FE 200D 2642 FE0F	man getting massage: medium-dark skin tone	People & Body	person-activity	E4.0	fully-qualified
1F486 1F3FF 200D 2642 FE0F	man getting massage: dark skin tone	People & Body	person-activity	E4.0	fully-qualified
1F486 200D 2640 FE0F	woman getting massage	People & Body	person-activity	E4.0	fully-qualified
1F486 1F3FB 200D 2640 FE0F	woman getting massage: light skin tone	People & Body	person-activity	E4.0	fully-qualified
1F486 1F3FC 200D 2640 FE0F	woman getting massage: medium-light skin tone	People & Body	person-activity	E4.0	fully-qualified
1F486 1F3FD 200D 2640 FE0F	woman getting massage: medium skin tone	People & Body	person-activity	E4.0	fully-qualified
1F486 1F3FE 200D 2640 FE0F	woman getting massage: medium-dark skin tone	People & Body	person-activity	E4.0	fully-qualified
1F486 1F3FF 200D 2640 FE0F	woman getting massage: dark skin tone	People & Body	person-activity	E4.0	fully-qualified
1F487	person getting haircut	People & Body	person-activity	E0.6	fully-qualified
1F487 1F3FB	person getting haircut: light skin tone	People & Body	person-activity	E1.0	fully-qualified
1F487 1F3FC	person getting haircut: medium-light skin tone	People & Body	person-activity	E1.0	fully-qualified
1F487 1F3FD	person getting haircut: medium skin tone	People & Body	person-activity	E1.0	fully-qualified
1F487 1F3FE	person getting haircut: medium-dark skin tone	People & Body	person-activity	E1.0	fully-qualified
1F487 1F3FF	person getting haircut: dark skin tone	People & Body	person-activity	E1.0	fully-qualified
1F487 200D 2642 FE0F	man getting haircut	People & Body	person-activity	E4.0	fully-qualified
1F487 1F3FB 200D 2642 FE0F	man getting haircut: light skin tone	People & Body	person-activity	E4.0	fully-qualified
1F487 1F3FC 200D 2642 FE0F	man getting haircut: medium-light skin tone	People & Body	person-activity	E4.0	fully-qualified
1F487 1F3FD 200D 2642 FE0F	man getting haircut: medium skin tone	People & Body	person-activity	E4.0	fully-qualified
1F487 1F3FE 200D 2642 FE0F	man getting haircut: medium-dark skin tone	People & Body	person-activity	E4.0	fully-qualified
1F487 1F3FF 200D 2642 FE0F	man getting haircut: dark skin tone	People & Body	person-activity	E4.0	fully-qualified
1F487 200D 2640 FE0F	woman getting haircut	People & Body	person-activity	E4.0	fully-qualified
1F487 1F3FB 200D 2640 FE0F	woman getting haircut: light skin tone	People & Body	person-activity	E4.0	fully-qualified
1F487 1F3FC 200D 2640 FE0F	woman getting haircut: medium-light skin tone	People & Body	person-activity	E4.0	fully-qualified
1F487 1F3FD 200D 2640 FE0F	woman getting haircut: medium skin tone	People & Body	person-activity	E4.0	fully-qualified
1F487 1F3FE 200D 2640 FE0F	woman getting haircut: medium-dark skin tone	People & Body	person-activity	E4.0	fully-qualified
1F487 1F3FF 200D 2640 FE0F	woman getting haircut: dark skin tone	People & Body	person-activity	E4.0	fully-qualified
1F6B6	person walking	People & Body	person-activity	E0.6	fully-qualified
1F6B6 1F3FB	person walking: light skin tone	People & Body	person-activity	E1.0	fully-qualified
1F6B6 1F3FC	person walking: medium-light skin tone	People & Body	person-activity	E1.0	fully-qualified
1F6B6 1F3FD	person walking: medium skin tone	People & Body	person-activity	E1.0	fully-qualified
1F6B6 1F3FE	person walking: medium-dark skin tone	People & Body	person-activity	E1.0	fully-qualified
1F6B6 1F3FF	person walking: dark skin tone	People & Body	person-activity	E1.0	fully-qualified
1F6B6 200D 2642 FE0F	man walking	People & Body	person-activity	E4.0	fully-qualified
1F6B6 1F3FB 200D 2642 FE0F	man walking: light skin tone	People & Body	person-activity	E4.0	fully-qualified
1F6B6 1F3FC 200D 2642 FE0F	man walking: medium-light skin tone	People & Body	person-activity	E4.0	fully-qualified
1F6B6 1F3FD 200D 2642 FE0F	man walking: medium skin tone	People & Body	person-activity	E4.0	fully-qualified
1F6B6 1F3FE 200D 2642 FE0F	man walking: medium-dark skin tone	People & Body	person-activity	E4.0	fully-qualified
1F6B6 1F3FF 200D 2642 FE0F	man walking: dark skin tone	People & Body	person-activity	E4.0	fully-qualified
1F6B6 200D 2640 FE0F	woman walking	People & Body	person-activity	E4.0	fully-qualified
1F6B6 1F3FB 200D 2640 FE0F	woman walking: light skin tone	People & Body	person-activity	E4.0	fully-qualified
1F6B6 1F3FC 200D 2640 FE0F	woman walking: medium-light skin tone	People & Body	person-activity	E4.0	fully-qualified
1F6B6 1F3FD 200D 2640 FE0F	woman walking: medium skin tone	People & Body	person-activity	E4.0	fully-qualified
1F6B6 1F3FE 200D 2640 FE0F	woman walking: medium-dark skin tone	People & Body	person-activity	E4.0	fully-qualified
1F6B6 1F3FF 200D 2640 FE0F	woman walking: dark skin tone	People & Body	person-activity	E4.0	fully-qualified
1F6B6 200D 27A1 FE0F	person walking facing right	People & Body	person-activity	E15.1	fully-qualified
1F6B6 1F3FB 200D 27A1 FE0F	person walking facing right: light skin tone	People & Body	person-activity	E15.1	fully-qualified
1F6B6 1F3FC 200D 27A1 FE0F	person walking facing right: medium-light skin tone	People & Body	person-activity	E15.1	fully-qualified
1F6B6 1F3FD 200D 27A1 FE0F	person walking facing right: medium skin tone	People & Body	person-activity	E15.1	fully-qualified
1F6B6 1F3FE 200D 27A1 FE0F	person walking facing right: medium-dark skin tone	People & Body	person-activity	E15.1	fully-qualified
1F6B6 1F3FF 200D 27A1 FE0F	person walking facing right: dark skin tone	People & Body	person-activity	E15.1	fully-qualified
1F6B6 200D 2640 FE0F 200D 27A1 FE0F	woman walking facing right	People & Body	person-activity	E15.1	fully-qualified
1F6B6 1F3FB 200D 2640 FE0F 200D 27A1 FE0F	woman walking facing right: light skin tone	People & Body	person-activity	E15.1	fully-qualified
1F6B6 1F3FC 200D 2640 FE0F 200D 27A1 FE0F	woman walking facing right: medium-light skin tone	People & Body	person-activity	E15.1	fully-qualified
1F6B6 1F3FD 200D 2640 FE0F 200D 27A1 FE0F	woman walking facing right: medium skin tone	People & Body	person-activity	E15.1	fully-qualified
1F6B6 1F3FE 200D 2640 FE0F 200D 27A1 FE0F	woman walking facing right: medium-dark skin tone	People & Body	person-activity	E15.1	fully-qualified
1F6B6 1F3FF 200D 2640 FE0F 200D 27A1 FE0F	woman walking facing right: dark skin tone	People & Body	person-activity	E15.1	fully-qualified
1F6B6 200D 2642 FE0F 200D 27A1 FE0F	man walking facing right	People & Body	person-activity	E15.1	fully-qualified
1F6B6 1F3FB 200D 2642 FE0F 200D 27A1 FE0F	man walking facing right: light skin tone	People & Body	person-activity	E15.1	fully-qualified
1F6B6 1F3FC 200D 2642 FE0F 200D 27A1 FE0F	man walking facing right: medium-light skin tone	People & Body	person-activity	E15.1	fully-qualified
1F6B6 1F3FD 200D 2642 FE0F 200D 27A1 FE0F	man walking facing right: medium skin tone	People & Body	person-activity	E15.1	fully-qualified
1F6B6 1F3FE 200D 2642 FE0F 200D 27A1 FE0F	man walking facing right: medium-dark skin tone	People & Body	person-activity	E15.1	fully-qualified
1F6B6 1F3FF 200D 2642 FE0F 200D 27A1 FE0F	man walking facing right: dark skin tone	People & Body	person-activity	E15.1	fully-qualified
1F9CD	person standing	People & Body	person-activity	E12.0	fully-qualified
1F9CD 1F3FB	person standing: light skin tone	People & Body	person-activity	E12.0	fully-qualified
1F9CD 1F3FC	person standing: medium-light skin tone	People & Body	person-activity	E12.0	fully-qualified
1F9CD 1F3FD	person standing: medium skin tone	People & Body	person-activity	E12.0	fully-qualified
1F9CD 1F3FE	person standing: medium-dark skin tone	People & Body	person-activity	E12.0	fully-qualified
1F9CD 1F3FF	person standing: dark skin tone	People & Body	person-activity	E12.0	fully-qualified
1F9CD 200D 2642 FE0F	man standing	People & Body	person-activity	E12.0	fully-qualified
1F9CD 1F3FB 200D 2642 FE0F	man standing: light skin tone	People & Body	person-activity	E12.0	fully-qualified
1F9CD 1F3FC 200D 2642 FE0F	man standing: medium-light skin tone	People & Body	person-activity	E12.0	fully-qualified
1F9CD 1F3FD 200D 2642 FE0F	man standing: medium skin tone	People & Body	person-activity	E12.0	fully-qualified
1F9CD 1F3FE 200D 2642 FE0F	man standing: medium-dark skin tone	People & Body	person-activity	E12.0	fully-qualified
1F9CD 1F3FF 200D 2642 FE0F	man standing: dark skin tone	People & Body	person-activity	E12.0	fully-qualified
1F9CD 200D 2640 FE0F	woman standing	People & Body	person-activity	E12.0	fully-qualified
1F9CD 1F3FB 200D 2640 FE0F	woman standing: light skin tone	People & Body	person-activity	E12.0	fully-qualified
1F9CD 1F3FC 200D 2640 FE0F	woman standing: medium-light skin tone	People & Body	person-activity	E12.0	fully-qualified
1F9CD 1F3FD 200D 2640 FE0F	woman standing: medium skin tone	People & Body	person-activity	E12.0	fully-qualified
1F9CD 1F3FE 200D 2640 FE0F	woman standing: medium-dark skin tone	People & Body	person-activity	E12.0	fully-qualified
1F9CD 1F3FF 200D 2640 FE0F	woman standing: dark skin tone	People & Body	person-activity	E12.0	fully-qualified
1F9CE	person kneeling	People & Body	person-activity	E12.0	fully-qualified
1F9CE 1F3FB	person kneeling: light skin tone	People & Body	person-activity	E12.0	fully-qualified
1F9CE 1F3FC	person kneeling: medium-light skin tone	People & Body	person-activity	E12.0	fully-qualified
1F9CE 1F3FD	person kneeling: medium skin tone	People & Body	person-activity	E12.0	fully-qualified
1F9CE 1F3FE	person kneeling: medium-dark skin tone	People & Body	person-activity	E12.0	fully-qualified
1F9CE 1F3FF	person kneeling: dark skin tone	People & Body	person-activity	E12.0	fully-qualified
1F9CE 200D 2642 FE0F	man kneeling	People & Body	person-activity	E12.0	fully-qualified
1F9CE 1F3FB 200D 2642 FE0F	man kneeling: light skin tone	People & Body	person-activity	E12.0	fully-qualified
1F9CE 1F3FC 200D 2642 FE0F	man kneeling: medium-light skin tone	People & Body	person-activity	E12.0	fully-qualified
1F9CE 1F3FD 200D 2642 FE0F	man kneeling: medium skin tone	People & Body	person-activity	E12.0	fully-qualified
1F9CE 1F3FE 200D 2642 FE0F	man kneeling: medium-dark skin tone	People & Body	person-activity	E12.0	fully-qualified
1F9CE 1F3FF 200D 2642 FE0F	man kneeling: dark skin tone	People & Body	person-activity	E12.0	fully-qualified
1F9CE 200D 2640 FE0F	woman kneeling	People & Body	person-activity	E12.0	fully-qualified
1F9CE 1F3FB 200D 2640 FE0F	woman kneeling: light skin tone	People & Body	person-activity	E12.0	fully-qualified
1F9CE 1F3FC 200D 2640 FE0F	woman kneeling: medium-light skin tone	People & Body	person-activity	E12.0	fully-qualified
1F9CE 1F3FD 200D 2640 FE0F	woman kneeling: medium skin tone	People & Body	person-activity	E12.0	fully-qualified
1F9CE 1F3FE 200D 2640 FE0F	woman kneeling: medium-dark skin tone	People & Body	person-activity	E12.0	fully-qualified
1F9CE 1F3FF 200D 2640 FE0F	woman kneeling: dark skin tone	People & Body	person-activity	E12.0	fully-qualified
1F9CE 200D 27A1 FE0F	person kneeling facing right	People & Body	person-activity	E15.1	fully-qualified
1F9CE 1F3FB 200D 27A1 FE0F	person kneeling facing right: light skin tone	People & Body	person-activity	E15.1	fully-qualified
1F9CE 1F3FC 200D 27A1 FE0F	person kneeling facing right: medium-light skin tone	People & Body	person-activity	E15.1	fully-qualified
1F9CE 1F3FD 200D 27A1 FE0F	person kneeling facing right: medium skin tone	People & Body	person-activity	E15.1	fully-qualified
1F9CE 1F3FE 200D 27A1 FE0F	person kneeling facing right: medium-dark skin tone	People & Body	person-activity	E15.1	fully-qualified
1F9CE 1F3FF 200D 27A1 FE0F	person kneeling facing right: dark skin tone	People & Body	person-activity	E15.1	fully-qualified
1F9CE 200D 2640 FE0F 200D 27A1 FE0F	woman kneeling facing right	People & Body	person-activity	E15.1	fully-qualified
1F9CE 1F3FB 200D 2640 FE0F 200D 27A1 FE0F	woman kneeling facing right: light skin tone	People & Body	person-activity	E15.1	fully-qualified
1F9CE 1F3FC 200D 2640 FE0F 200D 27A1 FE0F	woman kneeling facing right: medium-light skin tone	People & Body	person-activity	E15.1	fully-qualified
1F9CE 1F3FD 200D 2640 FE0F 200D 27A1 FE0F	woman kneeling facing right: medium skin tone	People & Body	person-activity	E15.1	fully-qualified
1F9CE 1F3FE 200D 2640 FE0F 200D 27A1 FE0F	woman kneeling facing right: medium-dark skin tone	People & Body	person-activity	E15.1	fully-qualified
1F9CE 1F3FF 200D 2640 FE0F 200D 27A1 FE0F	woman kneeling facing right: dark skin tone	People & Body	person-activity	E15.1	fully-qualified
1F9CE 200D 2642 FE0F 200D 27A1 FE0F	man kneeling facing right	People & Body	person-activity	E15.1	fully-qualified
1F9CE 1F3FB 200D 2642 FE0F 200D 27A1 FE0F	man kneeling facing right: light skin tone	People & Body	person-activity	E15.1	fully-qualified
1F9CE 1F3FC 200D 2642 FE0F 200D 27A1 FE0F	man kneeling facing right: medium-light skin tone	People & Body	person-activity	E15.1	fully-qualified
1F9CE 1F3FD 200D 2642 FE0F 200D 27A1 FE0F	man kneeling facing right: medium skin tone	People & Body	person-activity	E15.1	fully-qualified
1F9CE 1F3FE 200D 2642 FE0F 200D 27A1 FE0F	man kneeling facing right: medium-dark skin tone	People & Body	person-activity	E15.1	fully-qualified
1F9CE 1F3FF 200D 2642 FE0F 200D 27A1 FE0F	man kneeling facing right: dark skin tone	People & Body	person-activity	E15.1	fully-qualified
1F9D1 200D 1F9AF	person with white cane	People & Body	person-activity	E12.1	fully-qualified
1F9D1 1F3FB 200D 1F9AF	person with white cane: light skin tone	People & Body	person-activity	E12.1	fully-qualified
1F9D1 1F3FC 200D 1F9AF	person with white cane: medium-light skin tone	People & Body	person-activity	E12.1	fully-qualified
1F9D1 1F3FD 200D 1F9AF	person with white cane: medium skin tone	People & Body	person-activity	E12.1	fully-qualified
1F9D1 1F3FE 200D 1F9AF	person with white cane: medium-dark skin tone	People & Body	person-activity	E12.1	fully-qualified
1F9D1 1F3FF 200D 1F9AF	person with white cane: dark skin tone	People & Body	person-activity	E12.1	fully-qualified
1F9D1 200D 1F9AF 200D 27A1 FE0F	person with white cane facing right	People & Body	person-activity	E15.1	fully-qualified
1F9D1 1F3FB 200D 1F9AF 200D 27A1 FE0F	person with white cane facing right: light skin tone	People & Body	person-activity	E15.1	fully-qualified
1F9D1 1F3FC 200D 1F9AF 200D 27A1 FE0F	person with white cane facing right: medium-light skin tone	People & Body	person-activity	E15.1	fully-qualified
1F9D1 1F3FD 200D 1F9AF 200D 27A1 FE0F	person with white cane facing right: medium skin tone	People & Body	person-activity	E15.1	fully-qualified
1F9D1 1F3FE 200D 1F9AF 200D 27A1 FE0F	person with white cane facing right: medium-dark skin tone	People & Body	person-activity	E15.1	fully-qualified
1F9D1 1F3FF 200D 1F9AF 200D 27A1 FE0F	person with white cane facing right: dark skin tone	People & Body	person-activity	E15.1	fully-qualified
1F468 200D 1F9AF	man with white cane	People & Body	person-activity	E12.0	fully-qualified
1F468 1F3FB 200D 1F9AF	man with white cane: light skin tone	People & Body	person-activity	E12.0	fully-qualified
1F468 1F3FC 200D 1F9AF	man with white cane: medium-light skin tone	People & Body	person-activity	E12.0	fully-qualified
1F468 1F3FD 200D 1F9AF	man with white cane: medium skin tone	People & Body	person-activity	E12.0	fully-qualified
1F468 1F3FE 200D 1F9AF	man with white cane: medium-dark skin tone	People & Body	person-activity	E12.0	fully-qualified
1F468 1F3FF 200D 1F9AF	man with white cane: dark skin tone	People & Body	person-activity	E12.0	fully-qualified
1F468 200D 1F9AF 200D 27A1 FE0F	man with white cane facing right	People & Body	person-activity	E15.1	fully-qualified
1F468 1F3FB 200D 1F9AF 200D 27A1 FE0F	man with white cane facing right: light skin tone	People & Body	person-activity	E15.1	fully-qualified
1F468 1F3FC 200D 1F9AF 200D 27A1 FE0F	man with white cane facing right: medium-light skin tone	People & Body	person-activity	E15.1	fully-qualified
1F468 1F3FD 200D 1F9AF 200D 27A1 FE0F	man with white cane facing right: medium skin tone	People & Body	person-activity	E15.1	fully-qualified
1F468 1F3FE 200D 1F9AF 200D 27A1 FE0F	man with white cane facing right: medium-dark skin tone	People & Body	person-activity	E15.1	fully-qualified
1F468 1F3FF 200D 1F9AF 200D 27A1 FE0F	man with white cane facing right: dark skin tone	People & Body	person-activity	E15.1	fully-qualified
1F469 200D 1F9AF	woman with white cane	People & Body	person-activity	E12.0	fully-qualified
1F469 1F3FB 200D 1F9AF	woman with white cane: light skin tone	People & Body	person-activity	E12.0	fully-qualified
1F469 1F3FC 200D 1F9AF	woman with white cane: medium-light skin tone	People & Body	person-activity	E12.0	fully-qualified
1F469 1F3FD 200D 1F9AF	woman with white cane: medium skin tone	People & Body	person-activity	E12.0	fully-qualified
1F469 1F3FE 200D 1F9AF	woman with white cane: medium-dark skin tone	People & Body	person-activity	E12.0	fully-qualified
1F469 1F3FF 200D 1F9AF	woman with white cane: dark skin tone	People & Body	person-activity	E12.0	fully-qualified
1F469 200D 1F9AF 200D 27A1 FE0F	woman with white cane facing right	People & Body	person-activity	E15.1	fully-qualified
1F469 1F3FB 200D 1F9AF 200D 27A1 FE0F	woman with white cane facing right: light skin tone	People & Body	person-activity	E15.1	fully-qualified
1F469 1F3FC 200D 1F9AF 200D 27A1 FE0F	woman with white cane facing right: medium-light skin tone	People & Body	person-activity	E15.1	fully-qualified
1F469 1F3FD 200D 1F9AF 200D 27A1 FE0F	woman with white cane facing right: medium skin tone	People & Body	person-activity	E15.1	fully-qualified
1F469 1F3FE 200D 1F9AF 200D 27A1 FE0F	woman with white cane facing right: medium-dark skin tone	People & Body	person-activity	E15.1	fully-qualified
1F469 1F3FF 200D 1F9AF 200D 27A1 FE0F	woman with white cane facing right: dark skin tone	People & Body	person-activity	E15.1	fully-qualified
1F9D1 200D 1F9BC	person in motorized wheelchair	People & Body	person-activity	E12.1	fully-qualified
1F9D1 1F3FB 200D 1F9BC	person in motorized wheelchair: light skin tone	People & Body	person-activity	E12.1	fully-qualified
1F9D1 1F3FC 200D 1F9BC	person in motorized wheelchair: medium-light skin tone	People & Body	person-activity	E12.1	fully-qualified
1F9D1 1F3FD 200D 1F9BC	person in motorized wheelchair: medium skin tone	People & Body	person-activity	E12.1	fully-qualified
1F9D1 1F3FE 200D 1F9BC	person in motorized wheelchair: medium-dark skin tone	People & Body	person-activity	E12.1	fully-qualified
1F9D1 1F3FF 200D 1F9BC	person in motorized wheelchair: dark skin tone	People & Body	person-activity	E12.1	fully-qualified
1F9D1 200D 1F9BC 200D 27A1 FE0F	person in motorized wheelchair facing right	People & Body	person-activity	E15.1	fully-qualified
1F9D1 1F3FB 200D 1F9BC 200D 27A1 FE0F	person in motorized wheelchair facing right: light skin tone	People & Body	person-activity	E15.1	fully-qualified
1F9D1 1F3FC 200D 1F9BC 200D 27A1 FE0F	person in motorized wheelchair facing right: medium-light skin tone	People & Body	person-activity	E15.1	fully-qualified
1F9D1 1F3FD 200D 1F9BC 200D 27A1 FE0F	person in motorized wheelchair facing right: medium skin tone	People & Body	person-activity	E15.1	fully-qualified
1F9D1 1F3FE 200D 1F9BC 200D 27A1 FE0F	person in motorized wheelchair facing right: medium-dark skin tone	People & Body	person-activity	E15.1	fully-qualified
1F9D1 1F3FF 200D 1F9BC 200D 27A1 FE0F	person in motorized wheelchair facing right: dark skin tone	People & Body	person-activity	E15.1	fully-qualified
1F468 200D 1F9BC	man in motorized wheelchair	People & Body	person-activity	E12.0	fully-qualified
1F468 1F3FB 200D 1F9BC	man in motorized wheelchair: light skin tone	People & Body	person-activity	E12.0	fully-qualified
1F468 1F3FC 200D 1F9BC	man in motorized wheelchair: medium-light skin tone	People & Body	person-activity	E12.0	fully-qualified
1F468 1F3FD 200D 1F9BC	man in motorized wheelchair: medium skin tone	People & Body	person-activity	E12.0	fully-qualified
1F468 1F3FE 200D 1F9BC	man in motorized wheelchair: medium-dark skin tone	People & Body	person-activity	E12.0	fully-qualified
1F468 1F3FF 200D 1F9BC	man in motorized wheelchair: dark skin tone	People & Body	person-activity	E12.0	fully-qualified
1F468 200D 1F9BC 200D 27A1 FE0F	man in motorized wheelchair facing right	People & Body	person-activity	E15.1	fully-qualified
1F468 1F3FB 200D 1F9BC 200D 27A1 FE0F	man in motorized wheelchair facing right: light skin tone	People & Body	person-activity	E15.1	fully-qualified
1F468 1F3FC 200D 1F9BC 200D 27A1 FE0F	man in motorized wheelchair facing right: medium-light skin tone	People & Body	person-activity	E15.1	fully-qualified
1F468 1F3FD 200D 1F9BC 200D 27A1 FE0F	man in motorized wheelchair facing right: medium skin tone	People & Body	person-activity	E15.1	fully-qualified
1F468 1F3FE 200D 1F9BC 200D 27A1 FE0F	man in motorized wheelchair facing right: medium-dark skin tone	People & Body	person-activity	E15.1	fully-qualified
1F468 1F3FF 200D 1F9BC 200D 27A1 FE0F	man in motorized wheelchair facing right: dark skin tone	People & Body	person-activity	E15.1	fully-qualified
1F469 200D 1F9BC	woman in motorized wheelchair	People & Body	person-activity	E12.0	fully-qualified
1F469 1F3FB 200D 1F9BC	woman in motorized wheelchair: light skin tone	People & Body	person-activity	E12.0	fully-qualified
1F469 1F3FC 200D 1F9BC	woman in motorized wheelchair: medium-light skin tone	People & Body	person-activity	E12.0	fully-qualified
1F469 1F3FD 200D 1F9BC	woman in motorized wheelchair: medium skin tone	People & Body	person-activity	E12.0	fully-qualified
1F469 1F3FE 200D 1F9BC	woman in motorized wheelchair: medium-dark skin tone	People & Body	person-activity	E12.0	fully-qualified
1F469 1F3FF 200D 1F9BC	woman in motorized wheelchair: dark skin tone	People & Body	person-activity	E12.0	fully-qualified
1F469 200D 1F9BC 200D 27A1 FE0F	woman in motorized wheelchair facing right	People & Body	person-activity	E15.1	fully-qualified
1F469 1F3FB 200D 1F9BC 200D 27A1 FE0F	woman in motorized wheelchair facing right: light skin tone	People & Body	person-activity	E15.1	fully-qualified
1F469 1F3FC 200D 1F9BC 200D 27A1 FE0F	woman in motorized wheelchair facing right: medium-light skin tone	People & Body	person-activity	E15.1	fully-qualified
1F469 1F3FD 200D 1F9BC 200D 27A1 FE0F	woman in motorized wheelchair facing right: medium skin tone	People & Body	person-activity	E15.1	fully-qualified
1F469 1F3FE 200D 1F9BC 200D 27A1 FE0F	woman in motorized wheelchair facing right: medium-dark skin tone	People & Body	person-activity	E15.1	fully-qualified
1F469 1F3FF 200D 1F9BC 200D 27A1 FE0F	woman in motorized wheelchair facing right: dark skin tone	People & Body	person-activity	E15.1	fully-qualified
1F9D1 200D 1F9BD	person in manual wheelchair	People & Body	person-activity	E12.1	fully-qualified
1F9D1 1F3FB 200D 1F9BD	person in manual wheelchair: light skin tone	People & Body	person-activity	E12.1	fully-qualified
1F9D1 1F3FC 200D 1F9BD	person in manual wheelchair: medium-light skin tone	People & Body	person-activity	E12.1	fully-qualified
1F9D1 1F3FD 200D 1F9BD	person in manual wheelchair: medium skin tone	People & Body	person-activity	E12.1	fully-qualified
1F9D1 1F3FE 200D 1F9BD	person in manual wheelchair: medium-dark skin tone	People & Body	person-activity	E12.1	fully-qualified
1F9D1 1F3FF 200D 1F9BD	person in manual wheelchair: dark skin tone	People & Body	person-activity	E12.1	fully-qualified
1F9D1 200D 1F9BD 200D 27A1 FE0F	person in manual wheelchair facing right	People & Body	person-activity	E15.1	fully-qualified
1F9D1 1F3FB 200D 1F9BD 200D 27A1 FE0F	person in manual wheelchair facing right: light skin tone	People & Body	person-activity	E15.1	fully-qualified
1F9D1 1F3FC 200D 1F9BD 200D 27A1 FE0F	person in manual wheelchair facing right: medium-light skin tone	People & Body	person-activity	E15.1	fully-qualified
1F9D1 1F3FD 200D 1F9BD 200D 27A1 FE0F	person in manual wheelchair facing right: medium skin tone	People & Body	person-activity	E15.1	fully-qualified
1F9D1 1F3FE 200D 1F9BD 200D 27A1 FE0F	person in manual wheelchair facing right: medium-dark skin tone	People & Body	person-activity	E15.1	fully-qualified
1F9D1 1F3FF 200D 1F9BD 200D 27A1 FE0F	person in manual wheelchair facing right: dark skin tone	People & Body	person-activity	E15.1	fully-qualified
1F468 200D 1F9BD	man in manual wheelchair	People & Body	person-activity	E12.0	fully-qualified
1F468 1F3FB 200D 1F9BD	man in manual wheelchair: light skin tone	People & Body	person-activity	E12.0	fully-qualified
1F468 1F3FC 200D 1F9BD	man in manual wheelchair: medium-light skin tone	People & Body	person-activity	E12.0	fully-qualified
1F468 1F3FD 200D 1F9BD	man in manual wheelchair: medium skin tone	People & Body	person-activity	E12.0	fully-qualified
1F468 1F3FE 200D 1F9BD	man in manual wheelchair: medium-dark skin tone	People & Body	person-activity	E12.0	fully-qualified
1F468 1F3FF 200D 1F9BD	man in manual wheelchair: dark skin tone	People & Body	person-activity	E12.0	fully-qualified
1F468 200D 1F9BD 200D 27A1 FE0F	man in manual wheelchair facing right	People & Body	person-activity	E15.1	fully-qualified
1F468 1F3FB 200D 1F9BD 200D 27A1 FE0F	man in manual wheelchair facing right: light skin tone	People & Body	person-activity	E15.1	fully-qualified
1F468 1F3FC 200D 1F9BD 200D 27A1 FE0F	man in manual wheelchair facing right: medium-light skin tone	People & Body	person-activity	E15.1	fully-qualified
1F468 1F3FD 200D 1F9BD 200D 27A1 FE0F	man in manual wheelchair facing right: medium skin tone	People & Body	person-activity	E15.1	fully-qualified
1F468 1F3FE 200D 1F9BD 200D 27A1 FE0F	man in manual wheelchair facing right: medium-dark skin tone	People & Body	person-activity	E15.1	fully-qualified
1F468 1F3FF 200D 1F9BD 200D 27A1 FE0F	man in manual wheelchair facing right: dark skin tone	People & Body	person-activity	E15.1	fully-qualified
1F469 200D 1F9BD	woman in manual wheelchair	People & Body	person-activity	E12.0	fully-qualified
1F469 1F3FB 200D 1F9BD	woman in manual wheelchair: light skin tone	People & Body	person-activity	E12.0	fully-qualified
1F469 1F3FC 200D 1F9BD	woman in manual wheelchair: medium-light skin tone	People & Body	person-activity	E12.0	fully-qualified
1F469 1F3FD 200D 1F9BD	woman in manual wheelchair: medium skin tone	People & Body	person-activity	E12.0	fully-qualified
1F469 1F3FE 200D 1F9BD	woman in manual wheelchair: medium-dark skin tone	People & Body	person-activity	E12.0	fully-qualified
1F469 1F3FF 200D 1F9BD	woman in manual wheelchair: dark skin tone	People & Body	person-activity	E12.0	fully-qualified
1F469 200D 1F9BD 200D 27A1 FE0F	woman in manual wheelchair facing right	People & Body	person-activity	E15.1	fully-qualified
1F469 1F3FB 200D 1F9BD 200D 27A1 FE0F	woman in manual wheelchair facing right: light skin tone	People & Body	person-activity	E15.1	fully-qualified
1F469 1F3FC 200D 1F9BD 200D 27A1 FE0F	woman in manual wheelchair facing right: medium-light skin tone	People & Body	person-activity	E15.1	fully-qualified
1F469 1F3FD 200D 1F9BD 200D 27A1 FE0F	woman in manual wheelchair facing right: medium skin tone	People & Body	person-activity	E15.1	fully-qualified
1F469 1F3FE 200D 1F9BD 200D 27A1 FE0F	woman in manual wheelchair facing right: medium-dark skin tone	People & Body	person-activity	E15.1	fully-qualified
1F469 1F3FF 200D 1F9BD 200D 27A1 FE0F	woman in manual wheelchair facing right: dark skin tone	People & Body	person-activity	E15.1	fully-qualified
1F3C3	person running	People & Body	person-activity	E0.6	fully-qualified
1F3C3 1F3FB	person running: light skin tone	People & Body	person-activity	E1.0	fully-qualified
1F3C3 1F3FC	person running: medium-light skin tone	People & Body	person-activity	E1.0	fully-qualified
1F3C3 1F3FD	person running: medium skin tone	People & Body	person-activity	E1.0	fully-qualified
1F3C3 1F3FE	person running: medium-dark skin tone	People & Body	person-activity	E1.0	fully-qualified
1F3C3 1F3FF	person running: dark skin tone	People & Body	person-activity	E1.0	fully-qualified
1F3C3 200D 2642 FE0F	man running	People & Body	person-activity	E4.0	fully-qualified
1F3C3 1F3FB 200D 2642 FE0F	man running: light skin tone	People & Body	person-activity	E4.0	fully-qualified
1F3C3 1F3FC 200D 2642 FE0F	man running: medium-light skin tone	People & Body	person-activity	E4.0	fully-qualified
1F3C3 1F3FD 200D 2642 FE0F	man running: medium skin tone	People & Body	person-activity	E4.0	fully-qualified
1F3C3 1F3FE 200D 2642 FE0F	man running: medium-dark skin tone	People & Body	person-activity	E4.0	fully-qualified
1F3C3 1F3FF 200D 2642 FE0F	man running: dark skin tone	People & Body	person-activity	E4.0	fully-qualified
1F3C3 200D 2640 FE0F	woman running	People & Body	person-activity	E4.0	fully-qualified
1F3C3 1F3FB 200D 2640 FE0F	woman running: light skin tone	People & Body	person-activity	E4.0	fully-qualified
1F3C3 1F3FC 200D 2640 FE0F	woman running: medium-light skin tone	People & Body	person-activity	E4.0	fully-qualified
1F3C3 1F3FD 200D 2640 FE0F	woman running: medium skin tone	People & Body	person-activity	E4.0	fully-qualified
1F3C3 1F3FE 200D 2640 FE0F	woman running: medium-dark skin tone	People & Body	person-activity	E4.0	fully-qualified
1F3C3 1F3FF 200D 2640 FE0F	woman running: dark skin tone	People & Body	person-activity	E4.0	fully-qualified
1F3C3 200D 27A1 FE0F	person running facing right	People & Body	person-activity	E15.1	fully-qualified
1F3C3 1F3FB 200D 27A1 FE0F	person running facing right: light skin tone	People & Body	person-activity	E15.1	fully-qualified
1F3C3 1F3FC 200D 27A1 FE0F	person running facing right: medium-light skin tone	People & Body	person-activity	E15.1	fully-qualified
1F3C3 1F3FD 200D 27A1 FE0F	person running facing right: medium skin tone	People & Body	person-activity	E15.1	fully-qualified
1F3C3 1F3FE 200D 27A1 FE0F	person running facing right: medium-dark skin tone	People & Body	person-activity	E15.1	fully-qualified
1F3C3 1F3FF 200D 27A1 FE0F	person running facing right: dark skin tone	People & Body	person-activity	E15.1	fully-qualified
1F3C3 200D 2640 FE0F 200D 27A1 FE0F	woman running facing right	People & Body	person-activity	E15.1	fully-qualified
1F3C3 1F3FB 200D 2640 FE0F 200D 27A1 FE0F	woman running facing right: light skin tone	People & Body	person-activity	E15.1	fully-qualified
1F3C3 1F3FC 200D 2640 FE0F 200D 27A1 FE0F	woman running facing right: medium-light skin tone	People & Body	person-activity	E15.1	fully-qualified
1F3C3 1F3FD 200D 2640 FE0F 200D 27A1 FE0F	woman running facing right: medium skin tone	People & Body	person-activity	E15.1	fully-qualified
1F3C3 1F3FE 200D 2640 FE0F 200D 27A1 FE0F	woman running facing right: medium-dark skin tone	People & Body	person-activity	E15.1	fully-qualified
1F3C3 1F3FF 200D 2640 FE0F 200D 27A1 FE0F	woman running facing right: dark skin tone	People & Body	person-activity	E15.1	fully-qualified
1F3C3 200D 2642 FE0F 200D 27A1 FE0F	man running facing right	People & Body	person-activity	E15.1	fully-qualified
1F3C3 1F3FB 200D 2642 FE0F 200D 27A1 FE0F	man running facing right: light skin tone	People & Body	person-activity	E15.1	fully-qualified
1F3C3 1F3FC 200D 2642 FE0F 200D 27A1 FE0F	man running facing right: medium-light skin tone	People & Body	person-activity	E15.1	fully-qualified
1F3C3 1F3FD 200D 2642 FE0F 200D 27A1 FE0F	man running facing right: medium skin tone	People & Body	person-activity	E15.1	fully-qualified
1F3C3 1F3FE 200D 2642 FE0F 200D 27A1 FE0F	man running facing right: medium-dark skin tone	People & Body	person-activity	E15.1	fully-qualified
1F3C3 1F3FF 200D 2642 FE0F 200D 27A1 FE0F	man running facing right: dark skin tone	People & Body	person-activity	E15.1	fully-qualified
1F9D1 200D 1FA70	ballet dancer	People & Body	person-activity	E17.0	fully-qualified
1F9D1 1F3FB 200D 1FA70	ballet dancer: light skin tone	People & Body	person-activity	E17.0	fully-qualified
1F9D1 1F3FC 200D 1FA70	ballet dancer: medium-light skin tone	People & Body	person-activity	E17.0	fully-qualified
1F9D1 1F3FD 200D 1FA70	ballet dancer: medium skin tone	People & Body	person-activity	E17.0	fully-qualified
1F9D1 1F3FE 200D 1FA70	ballet dancer: medium-dark skin tone	People & Body	person-activity	E17.0	fully-qualified
1F9D1 1F3FF 200D 1FA70	ballet dancer: dark skin tone	People & Body	person-activity	E17.0	fully-qualified
1F483	woman dancing	People & Body	person-activity	E0.6	fully-qualified
1F483 1F3FB	woman dancing: light skin tone	People & Body	person-activity	E1.0	fully-qualified
1F483 1F3FC	woman dancing: medium-light skin tone	People & Body	person-activity	E1.0	fully-qualified
1F483 1F3FD	woman dancing: medium skin tone	People & Body	person-activity	E1.0	fully-qualified
1F483 1F3FE	woman dancing: medium-dark skin tone	People & Body	person-activity	E1.0	fully-qualified
1F483 1F3FF	woman dancing: dark skin tone	People & Body	person-activity	E1.0	fully-qualified
1F57A	man dancing	People & Body	person-activity	E3.0	fully-qualified
1F57A 1F3FB	man dancing: light skin tone	People & Body	person-activity	E3.0	fully-qualified
1F57A 1F3FC	man dancing: medium-light skin tone	People & Body	person-activity	E3.0	fully-qualified
1F57A 1F3FD	man dancing: medium skin tone	People & Body	person-activity	E3.0	fully-qualified
1F57A 1F3FE	man dancing: medium-dark skin tone	People & Body	person-activity	E3.0	fully-qualified
1F57A 1F3FF	man dancing: dark skin tone	People & Body	person-activity	E3.0	fully-qualified
1F574 FE0F	person in suit levitating	People & Body	person-activity	E0.7	fully-qualified
1F574 1F3FB	person in suit levitating: light skin tone	People & Body	person-activity	E4.0	fully-qualified
1F574 1F3FC	person in suit levitating: medium-light skin tone	People & Body	person-activity	E4.0	fully-qualified
1F574 1F3FD	person in suit levitating: medium skin tone	People & Body	person-activity	E4.0	fully-qualified
1F574 1F3FE	person in suit levitating: medium-dark skin tone	People & Body	person-activity	E4.0	fully-qualified
1F574 1F3FF	person in suit levitating: dark skin tone	People & Body	person-activity	E4.0	fully-qualified
1F46F	people with bunny ears	People & Body	person-activity	E0.6	fully-qualified
1F46F 1F3FB	people with bunny ears: light skin tone	People & Body	person-activity	E17.0	fully-qualified
1F46F 1F3FC	people with bunny ears: medium-light skin tone	People & Body	person-activity	E17.0	fully-qualified
1F46F 1F3FD	people with bunny ears: medium skin tone	People & Body	person-activity	E17.0	fully-qualified
1F46F 1F3FE	people with bunny ears: medium-dark skin tone	People & Body	person-activity	E17.0	fully-qualified
1F46F 1F3FF	people with bunny ears: dark skin tone	People & Body	person-activity	E17.0	fully-qualified
1F46F 200D 2642 FE0F	men with bunny ears	People & Body	person-activity	E4.0	fully-qualified
1F46F 1F3FB 200D 2642 FE0F	men with bunny ears: light skin tone	People & Body	person-activity	E17.0	fully-qualified
1F46F 1F3FC 200D 2642 FE0F	men with bunny ears: medium-light skin tone	People & Body	person-activity	E17.0	fully-qualified
1F46F 1F3FD 200D 2642 FE0F	men with bunny ears: medium skin tone	People & Body	person-activity	E17.0	fully-qualified
1F46F 1F3FE 200D 2642 FE0F	men with bunny ears: medium-dark skin tone	People & Body	person-activity	E17.0	fully-qualified
1F46F 1F3FF 200D 2642 FE0F	men with bunny ears: dark skin tone	People & Body	person-activity	E17.0	fully-qualified
1F46F 200D 2640 FE0F	women with bunny ears	People & Body	person-activity	E4.0	fully-qualified
1F46F 1F3FB 200D 2640 FE0F	women with bunny ears: light skin tone	People & Body	person-activity	E17.0	fully-qualified
1F46F 1F3FC 200D 2640 FE0F	women with bunny ears: medium-light skin tone	People & Body	person-activity	E17.0	fully-qualified
1F46F 1F3FD 200D 2640 FE0F	women with bunny ears: medium skin tone	People & Body	person-activity	E17.0	fully-qualified
1F46F 1F3FE 200D 2640 FE0F	women with bunny ears: medium-dark skin tone	People & Body	person-activity	E17.0	fully-qualified
1F46F 1F3FF 200D 2640 FE0F	women with bunny ears: dark skin tone	People & Body	person-activity	E17.0	fully-qualified
1F9D1 1F3FB 200D 1F430 200D 1F9D1 1F3FC	people with bunny ears: light skin tone, medium-light skin tone	People & Body	person-activity	E17.0	fully-qualified
1F9D1 1F3FB 200D 1F430 200D 1F9D1 1F3FD	people with bunny ears: light skin tone, medium skin tone	People & Body	person-activity	E17.0	fully-qualified
1F9D1 1F3FB 200D 1F430 200D 1F9D1 1F3FE	people with bunny ears: light skin tone, medium-dark skin tone	People & Body	person-activity	E17.0	fully-qualified
1F9D1 1F3FB 200D 1F430 200D 1F9D1 1F3FF	people with bunny ears: light skin tone, dark skin tone	People & Body	person-activity	E17.0	fully-qualified
1F9D1 1F3FC 200D 1F430 200D 1F9D1 1F3FB	people with bunny ears: medium-light skin tone, light skin tone	People & Body	person-activity	E17.0	fully-qualified
1F9D1 1F3FC 200D 1F430 200D 1F9D1 1F3FD	people with bunny ears: medium-light skin tone, medium skin tone	People & Body	person-activity	E17.0	fully-qualified
1F9D1 1F3FC 200D 1F430 200D 1F9D1 1F3FE	people with bunny ears: medium-light skin tone, medium-dark skin tone	People & Body	person-activity	E17.0	fully-qualified
1F9D1 1F3FC 200D 1F430 200D 1F9D1 1F3FF	people with bunny ears: medium-light skin tone, dark skin tone	People & Body	person-activity	E17.0	fully-qualified
1F9D1 1F3FD 200D 1F430 200D 1F9D1 1F3FB	people with bunny ears: medium skin tone, light skin tone	People & Body	person-activity	E17.0	fully-qualified
1F9D1 1F3FD 200D 1F430 200D 1F9D1 1F3FC	people with bunny ears: medium skin tone, medium-light skin tone	People & Body	person-activity	E17.0	fully-qualified
1F9D1 1F3FD 200D 1F430 200D 1F9D1 1F3FE	people with bunny ears: medium skin tone, medium-dark skin tone	People & Body	person-activity	E17.0	fully-qualified
1F9D1 1F3FD 200D 1F430 200D 1F9D1 1F3FF	people with bunny ears: medium skin tone, dark skin tone	People & Body	person-activity	E17.0	fully-qualified
1F9D1 1F3FE 200D 1F430 200D 1F9D1 1F3FB	people with bunny ears: medium-dark skin tone, light skin tone	People & Body	person-activity	E17.0	fully-qualified
1F9D1 1F3FE 200D 1F430 200D 1F9D1 1F3FC	people with bunny ears: medium-dark skin tone, medium-light skin tone	People & Body	person-activity	E17.0	fully-qualified
1F9D1 1F3FE 200D 1F430 200D 1F9D1 1F3FD	people with bunny ears: medium-dark skin tone, medium skin tone	People & Body	person-activity	E17.0	fully-qualified
1F9D1 1F3FE 200D 1F430 200D 1F9D1 1F3FF	people with bunny ears: medium-dark skin tone, dark skin tone	People & Body	person-activity	E17.0	fully-qualified
1F9D1 1F3FF 200D 1F430 200D 1F9D1 1F3FB	people with bunny ears: dark skin tone, light skin tone	People & Body	person-activity	E17.0	fully-qualified
1F9D1 1F3FF 200D 1F430 200D 1F9D1 1F3FC	people with bunny ears: dark skin tone, medium-light skin tone	People & Body	person-activity	E17.0	fully-qualified
1F9D1 1F3FF 200D 1F430 200D 1F9D1 1F3FD	people with bunny ears: dark skin tone, medium skin tone	People & Body	person-activity	E17.0	fully-qualified
1F9D1 1F3FF 200D 1F430 200D 1F9D1 1F3FE	people with bunny ears: dark skin tone, medium-dark skin tone	People & Body	person-activity	E17.0	fully-qualified
1F468 1F3FB 200D 1F430 200D 1F468 1F3FC	men with bunny ears: light skin tone, medium-light skin tone	People & Body	person-activity	E17.0	fully-qualified
1F468 1F3FB 200D 1F430 200D 1F468 1F3FD	men with bunny ears: light skin tone, medium skin tone	People & Body	person-activity	E17.0	fully-qualified
1F468 1F3FB 200D 1F430 200D 1F468 1F3FE	men with bunny ears: light skin tone, medium-dark skin tone	People & Body	person-activity	E17.0	fully-qualified
1F468 1F3FB 200D 1F430 200D 1F468 1F3FF	men with bunny ears: light skin tone, dark skin tone	People & Body	person-activity	E17.0	fully-qualified
1F468 1F3FC 200D 1F430 200D 1F468 1F3FB	men with bunny ears: medium-light skin tone, light skin tone	People & Body	person-activity	E17.0	fully-qualified
1F468 1F3FC 200D 1F430 200D 1F468 1F3FD	men with bunny ears: medium-light skin tone, medium skin tone	People & Body	person-activity	E17.0	fully-qualified
1F468 1F3FC 200D 1F430 200D 1F468 1F3FE	men with bunny ears: medium-light skin tone, medium-dark skin tone	People & Body	person-activity	E17.0	fully-qualified
1F468 1F3FC 200D 1F430 200D 1F468 1F3FF	men with bunny ears: medium-light skin tone, dark skin tone	People & Body	person-activity	E17.0	fully-qualified
1F468 1F3FD 200D 1F430 200D 1F468 1F3FB	men with bunny ears: medium skin tone, light skin tone	People & Body	person-activity	E17.0	fully-qualified
1F468 1F3FD 200D 1F430 200D 1F468 1F3FC	men with bunny ears: medium skin tone, medium-light skin tone	People & Body	person-activity	E17.0	fully-qualified
1F468 1F3FD 200D 1F430 200D 1F468 1F3FE	men with bunny ears: medium skin tone, medium-dark skin tone	People & Body	person-activity	E17.0	fully-qualified
1F468 1F3FD 200D 1F430 200D 1F468 1F3FF	men with bunny ears: medium skin tone, dark skin tone	People & Body	person-activity	E17.0	fully-qualified
1F468 1F3FE 200D 1F430 200D 1F468 1F3FB	men with bunny ears: medium-dark skin tone, light skin tone	People & Body	person-activity	E17.0	fully-qualified
1F468 1F3FE 200D 1F430 200D 1F468 1F3FC	men with bunny ears: medium-dark skin tone, medium-light skin tone	People & Body	person-activity	E17.0	fully-qualified
1F468 1F3FE 200D 1F430 200D 1F468 1F3FD	men with bunny ears: medium-dark skin tone, medium skin tone	People & Body	person-activity	E17.0	fully-qualified
1F468 1F3FE 200D 1F430 200D 1F468 1F3FF	men with bunny ears: medium-dark skin tone, dark skin tone	People & Body	person-activity	E17.0	fully-qualified
1F468 1F3FF 200D 1F430 200D 1F468 1F3FB	men with bunny ears: dark skin tone, light skin tone	People & Body	person-activity	E17.0	fully-qualified
1F468 1F3FF 200D 1F430 200D 1F468 1F3FC	men with bunny ears: dark skin tone, medium-light skin tone	People & Body	person-activity	E17.0	fully-qualified
1F468 1F3FF 200D 1F430 200D 1F468 1F3FD	men with bunny ears: dark skin tone, medium skin tone	People & Body	person-activity	E17.0	fully-qualified
1F468 1F3FF 200D 1F430 200D 1F468 1F3FE	men with bunny ears: dark skin tone, medium-dark skin tone	People & Body	person-activity	E17.0	fully-qualified
1F469 1F3FB 200D 1F430 200D 1F469 1F3FC	women with bunny ears: light skin tone, medium-light skin tone	People & Body	person-activity	E17.0	fully-qualified
1F469 1F3FB 200D 1F430 200D 1F469 1F3FD	women with bunny ears: light skin tone, medium skin tone	People & Body	person-activity	E17.0	fully-qualified
1F469 1F3FB 200D 1F430 200D 1F469 1F3FE	women with bunny ears: light skin tone, medium-dark skin tone	People & Body	person-activity	E17.0	fully-qualified
1F469 1F3FB 200D 1F430 200D 1F469 1F3FF	women with bunny ears: light skin tone, dark skin tone	People & Body	person-activity	E17.0	fully-qualified
1F469 1F3FC 200D 1F430 200D 1F469 1F3FB	women with bunny ears: medium-light skin tone, light skin tone	People & Body	person-activity	E17.0	fully-qualified
1F469 1F3FC 200D 1F430 200D 1F469 1F3FD	women with bunny ears: medium-light skin tone, medium skin tone	People & Body	person-activity	E17.0	fully-qualified
1F469 1F3FC 200D 1F430 200D 1F469 1F3FE	women with bunny ears: medium-light skin tone, medium-dark skin tone	People & Body	person-activity	E17.0	fully-qualified
1F469 1F3FC 200D 1F430 200D 1F469 1F3FF	women with bunny ears: medium-light skin tone, dark skin tone	People & Body	person-activity	E17.0	fully-qualified
1F469 1F3FD 200D 1F430 200D 1F469 1F3FB	women with bunny ears: medium skin tone, light skin tone	People & Body	person-activity	E17.0	fully-qualified
1F469 1F3FD 200D 1F430 200D 1F469 1F3FC	women with bunny ears: medium skin tone, medium-light skin tone	People & Body	person-activity	E17.0	fully-qualified
1F469 1F3FD 200D 1F430 200D 1F469 1F3FE	women with bunny ears: medium skin tone, medium-dark skin tone	People & Body	person-activity	E17.0	fully-qualified
1F469 1F3FD 200D 1F430 200D 1F469 1F3FF	women with bunny ears: medium skin tone, dark skin tone	People & Body	person-activity	E17.0	fully-qualified
1F469 1F3FE 200D 1F430 200D 1F469 1F3FB	women with bunny ears: medium-dark skin tone, light skin tone	People & Body	person-activity	E17.0	fully-qualified
1F469 1F3FE 200D 1F430 200D 1F469 1F3FC	women with bunny ears: medium-dark skin tone, medium-light skin tone	People & Body	person-activity	E17.0	fully-qualified
1F469 1F3FE 200D 1F430 200D 1F469 1F3FD	women with bunny ears: medium-dark skin tone, medium skin tone	People & Body	person-activity	E17.0	fully-qualified
1F469 1F3FE 200D 1F430 200D 1F469 1F3FF	women with bunny ears: medium-dark skin tone, dark skin tone	People & Body	person-activity	E17.0	fully-qualified
1F469 1F3FF 200D 1F430 200D 1F469 1F3FB	women with bunny ears: dark skin tone, light skin tone	People & Body	person-activity	E17.0	fully-qualified
1F469 1F3FF 200D 1F430 200D 1F469 1F3FC	women with bunny ears: dark skin tone, medium-light skin tone	People & Body	person-activity	E17.0	fully-qualified
1F469 1F3FF 200D 1F430 200D 1F469 1F3FD	women with bunny ears: dark skin tone, medium skin tone	People & Body	person-activity	E17.0	fully-qualified
1F469 1F3FF 200D 1F430 200D 1F469 1F3FE	women with bunny ears: dark skin tone, medium-dark skin tone	People & Body	person-activity	E17.0	fully-qualified
1F9D6	person in steamy room	People & Body	person-activity	E5.0	fully-qualified
1F9D6 1F3FB	person in steamy room: light skin tone	People & Body	person-activity	E5.0	fully-qualified
1F9D6 1F3FC	person in steamy room: medium-light skin tone	People & Body	person-activity	E5.0	fully-qualified
1F9D6 1F3FD	person in steamy room: medium skin tone	People & Body	person-activity	E5.0	fully-qualified
1F9D6 1F3FE	person in steamy room: medium-dark skin tone	People & Body	person-activity	E5.0	fully-qualified
1F9D6 1F3FF	person in steamy room: dark skin tone	People & Body	person-activity	E5.0	fully-qualified
1F9D6 200D 2642 FE0F	man in steamy room	People & Body	person-activity	E5.0	fully-qualified
1F9D6 1F3FB 200D 2642 FE0F	man in steamy room: light skin tone	People & Body	person-activity	E5.0	fully-qualified
1F9D6 1F3FC 200D 2642 FE0F	man in steamy room: medium-light skin tone	People & Body	person-activity	E5.0	fully-qualified
1F9D6 1F3FD 200D 2642 FE0F	man in steamy room: medium skin tone	People & Body	person-activity	E5.0	fully-qualified
1F9D6 1F3FE 200D 2642 FE0F	man in steamy room: medium-dark skin tone	People & Body	person-activity	E5.0	fully-qualified
1F9D6 1F3FF 200D 2642 FE0F	man in steamy room: dark skin tone	People & Body	person-activity	E5.0	fully-qualified
1F9D6 200D 2640 FE0F	woman in steamy room	People & Body	person-activity	E5.0	fully-qualified
1F9D6 1F3FB 200D 2640 FE0F	woman in steamy room: light skin tone	People & Body	person-activity	E5.0	fully-qualified
1F9D6 1F3FC 200D 2640 FE0F	woman in steamy room: medium-light skin tone	People & Body	person-activity	E5.0	fully-qualified
1F9D6 1F3FD 200D 2640 FE0F	woman in steamy room: medium skin tone	People & Body	person-activity	E5.0	fully-qualified
1F9D6 1F3FE 200D 2640 FE0F	woman in steamy room: medium-dark skin tone	People & Body	person-activity	E5.0	fully-qualified
1F9D6 1F3FF 200D 2640 FE0F	woman in steamy room: dark skin tone	People & Body	person-activity	E5.0	fully-qualified
1F9D7	person climbing	People & Body	person-activity	E5.0	fully-qualified
1F9D7 1F3FB	person climbing: light skin tone	People & Body	person-activity	E5.0	fully-qualified
1F9D7 1F3FC	person climbing: medium-light skin tone	People & Body	person-activity	E5.0	fully-qualified
1F9D7 1F3FD	person climbing: medium skin tone	People & Body	person-activity	E5.0	fully-qualified
1F9D7 1F3FE	person climbing: medium-dark skin tone	People & Body	person-activity	E5.0	fully-qualified
1F9D7 1F3FF	person climbing: dark skin tone	People & Body	person-activity	E5.0	fully-qualified
1F9D7 200D 2642 FE0F	man climbing	People & Body	person-activity	E5.0	fully-qualified
1F9D7 1F3FB 200D 2642 FE0F	man climbing: light skin tone	People & Body	person-activity	E5.0	fully-qualified
1F9D7 1F3FC 200D 2642 FE0F	man climbing: medium-light skin tone	People & Body	person-activity	E5.0	fully-qualified
1F9D7 1F3FD 200D 2642 FE0F	man climbing: medium skin tone	People & Body	person-activity	E5.0	fully-qualified
1F9D7 1F3FE 200D 2642 FE0F	man climbing: medium-dark skin tone	People & Body	person-activity	E5.0	fully-qualified
1F9D7 1F3FF 200D 2642 FE0F	man climbing: dark skin tone	People & Body	person-activity	E5.0	fully-qualified
1F9D7 200D 2640 FE0F	woman climbing	People & Body	person-activity	E5.0	fully-qualified
1F9D7 1F3FB 200D 2640 FE0F	woman climbing: light skin tone	People & Body	person-activity	E5.0	fully-qualified
1F9D7 1F3FC 200D 2640 FE0F	woman climbing: medium-light skin tone	People & Body	person-activity	E5.0	fully-qualified
1F9D7 1F3FD 200D 2640 FE0F	woman climbing: medium skin tone	People & Body	person-activity	E5.0	fully-qualified
1F9D7 1F3FE 200D 2640 FE0F	woman climbing: medium-dark skin tone	People & Body	person-activity	E5.0	fully-qualified
1F9D7 1F3FF 200D 2640 FE0F	woman climbing: dark skin tone	People & Body	person-activity	E5.0	fully-qualified
1F93A	person fencing	People & Body	person-sport	E3.0	fully-qualified
1F3C7	horse racing	People & Body	person-sport	E1.0	fully-qualified
1F3C7 1F3FB	horse racing: light skin tone	People & Body	person-sport	E1.0	fully-qualified
1F3C7 1F3FC	horse racing: medium-light skin tone	People & Body	person-sport	E1.0	fully-qualified
1F3C7 1F3FD	horse racing: medium skin tone	People & Body	person-sport	E1.0	fully-qualified
1F3C7 1F3FE	horse racing: medium-dark skin tone	People & Body	person-sport	E1.0	fully-qualified
1F3C7 1F3FF	horse racing: dark skin tone	People & Body	person-sport	E1.0	fully-qualified
26F7 FE0F	skier	People & Body	person-sport	E0.7	fully-qualified
1F3C2	snowboarder	People & Body	person-sport	E0.6	fully-qualified
1F3C2 1F3FB	snowboarder: light skin tone	People & Body	person-sport	E1.0	fully-qualified
1F3C2 1F3FC	snowboarder: medium-light skin tone	People & Body	person-sport	E1.0	fully-qualified
1F3C2 1F3FD	snowboarder: medium skin tone	People & Body	person-sport	E1.0	fully-qualified
1F3C2 1F3FE	snowboarder: medium-dark skin tone	People & Body	person-sport	E1.0	fully-qualified
1F3C2 1F3FF	snowboarder: dark skin tone	People & Body	person-sport	E1.0	fully-qualified
1F3CC FE0F	person golfing	People & Body	person-sport	E0.7	fully-qualified
1F3CC 1F3FB	person golfing: light skin tone	People & Body	person-sport	E4.0	fully-qualified
1F3CC 1F3FC	person golfing: medium-light skin tone	People & Body	person-sport	E4.0	fully-qualified
1F3CC 1F3FD	person golfing: medium skin tone	People & Body	person-sport	E4.0	fully-qualified
1F3CC 1F3FE	person golfing: medium-dark skin tone	People & Body	person-sport	E4.0	fully-qualified
1F3CC 1F3FF	person golfing: dark skin tone	People & Body	person-sport	E4.0	fully-qualified
1F3CC FE0F 200D 2642 FE0F	man golfing	People & Body	person-sport	E4.0	fully-qualified
1F3CC 1F3FB 200D 2642 FE0F	man golfing: light skin tone	People & Body	person-sport	E4.0	fully-qualified
1F3CC 1F3FC 200D 2642 FE0F	man golfing: medium-light skin tone	People & Body	person-sport	E4.0	fully-qualified
1F3CC 1F3FD 200D 2642 FE0F	man golfing: medium skin tone	People & Body	person-sport	E4.0	fully-qualified
1F3CC 1F3FE 200D 2642 FE0F	man golfing: medium-dark skin tone	People & Body	person-sport	E4.0	fully-qualified
1F3CC 1F3FF 200D 2642 FE0F	man golfing: dark skin tone	People & Body	person-sport	E4.0	fully-qualified
1F3CC FE0F 200D 2640 FE0F	woman golfing	People & Body	person-sport	E4.0	fully-qualified
1F3CC 1F3FB 200D 2640 FE0F	woman golfing: light skin tone	People & Body	person-sport	E4.0	fully-qualified
1F3CC 1F3FC 200D 2640 FE0F	woman golfing: medium-light skin tone	People & Body	person-sport	E4.0	fully-qualified
1F3CC 1F3FD 200D 2640 FE0F	woman golfing: medium skin tone	People & Body	person-sport	E4.0	fully-qualified
1F3CC 1F3FE 200D 2640 FE0F	woman golfing: medium-dark skin tone	People & Body	person-sport	E4.0	fully-qualified
1F3CC 1F3FF 200D 2640 FE0F	woman golfing: dark skin tone	People & Body	person-sport	E4.0	fully-qualified
1F3C4	person surfing	People & Body	person-sport	E0.6	fully-qualified
1F3C4 1F3FB	person surfing: light skin tone	People & Body	person-sport	E1.0	fully-qualified
1F3C4 1F3FC	person surfing: medium-light skin tone	People & Body	person-sport	E1.0	fully-qualified
1F3C4 1F3FD	person surfing: medium skin tone	People & Body	person-sport	E1.0	fully-qualified
1F3C4 1F3FE	person surfing: medium-dark skin tone	People & Body	person-sport	E1.0	fully-qualified
1F3C4 1F3FF	person surfing: dark skin tone	People & Body	person-sport	E1.0	fully-qualified
1F3C4 200D 2642 FE0F	man surfing	People & Body	person-sport	E4.0	fully-qualified
1F3C4 1F3FB 200D 2642 FE0F	man surfing: light skin tone	People & Body	person-sport	E4.0	fully-qualified
1F3C4 1F3FC 200D 2642 FE0F	man surfing: medium-light skin tone	People & Body	person-sport	E4.0	fully-qualified
1F3C4 1F3FD 200D 2642 FE0F	man surfing: medium skin tone	People & Body	person-sport	E4.0	fully-qualified
1F3C4 1F3FE 200D 2642 FE0F	man surfing: medium-dark skin tone	People & Body	person-sport	E4.0	fully-qualified
1F3C4 1F3FF 200D 2642 FE0F	man surfing: dark skin tone	People & Body	person-sport	E4.0	fully-qualified
1F3C4 200D 2640 FE0F	woman surfing	People & Body	person-sport	E4.0	fully-qualified
1F3C4 1F3FB 200D 2640 FE0F	woman surfing: light skin tone	People & Body	person-sport	E4.0	fully-qualified
1F3C4 1F3FC 200D 2640 FE0F	woman surfing: medium-light skin tone	People & Body	person-sport	E4.0	fully-qualified
1F3C4 1F3FD 200D 2640 FE0F	woman surfing: medium skin tone	People & Body	person-sport	E4.0	fully-qualified
1F3C4 1F3FE 200D 2640 FE0F	woman surfing: medium-dark skin tone	People & Body	person-sport	E4.0	fully-qualified
1F3C4 1F3FF 200D 2640 FE0F	woman surfing: dark skin tone	People & Body	person-sport	E4.0	fully-qualified
1F6A3	person rowing boat	People & Body	person-sport	E1.0	fully-qualified
1F6A3 1F3FB	person rowing boat: light skin tone	People & Body	person-sport	E1.0	fully-qualified
1F6A3 1F3FC	person rowing boat: medium-light skin tone	People & Body	person-sport	E1.0	fully-qualified
1F6A3 1F3FD	person rowing boat: medium skin tone	People & Body	person-sport	E1.0	fully-qualified
1F6A3 1F3FE	person rowing boat: medium-dark skin tone	People & Body	person-sport	E1.0	fully-qualified
1F6A3 1F3FF	person rowing boat: dark skin tone	People & Body	person-sport	E1.0	fully-qualified
1F6A3 200D 2642 FE0F	man rowing boat	People & Body	person-sport	E4.0	fully-qualified
1F6A3 1F3FB 200D 2642 FE0F	man rowing boat: light skin tone	People & Body	person-sport	E4.0	fully-qualified
1F6A3 1F3FC 200D 2642 FE0F	man rowing boat: medium-light skin tone	People & Body	person-sport	E4.0	fully-qualified
1F6A3 1F3FD 200D 2642 FE0F	man rowing boat: medium skin tone	People & Body	person-sport	E4.0	fully-qualified
1F6A3 1F3FE 200D 2642 FE0F	man rowing boat: medium-dark skin tone	People & Body	person-sport	E4.0	fully-qualified
1F6A3 1F3FF 200D 2642 FE0F	man rowing boat: dark skin tone	People & Body	person-sport	E4.0	fully-qualified
1F6A3 200D 2640 FE0F	woman rowing boat	People & Body	person-sport	E4.0	fully-qualified
1F6A3 1F3FB 200D 2640 FE0F	woman rowing boat: light skin tone	People & Body	person-sport	E4.0	fully-qualified
1F6A3 1F3FC 200D 2640 FE0F	woman rowing boat: medium-light skin tone	People & Body	person-sport	E4.0	fully-qualified
1F6A3 1F3FD 200D 2640 FE0F	woman rowing boat: medium skin tone	People & Body	person-sport	E4.0	fully-qualified
1F6A3 1F3FE 200D 2640 FE0F	woman rowing boat: medium-dark skin tone	People & Body	person-sport	E4.0	fully-qualified
1F6A3 1F3FF 200D 2640 FE0F	woman rowing boat: dark skin tone	People & Body	person-sport	E4.0	fully-qualified
1F3CA	person swimming	People & Body	person-sport	E0.6	fully-qualified
1F3CA 1F3FB	person swimming: light skin tone	People & Body	person-sport	E1.0	fully-qualified
1F3CA 1F3FC	person swimming: medium-light skin tone	People & Body	person-sport	E1.0	fully-qualified
1F3CA 1F3FD	person swimming: medium skin tone	People & Body	person-sport	E1.0	fully-qualified
1F3CA 1F3FE	person swimming: medium-dark skin tone	People & Body	person-sport	E1.0	fully-qualified
1F3CA 1F3FF	person swimming: dark skin tone	People & Body	person-sport	E1.0	fully-qualified
1F3CA 200D 2642 FE0F	man swimming	People & Body	person-sport	E4.0	fully-qualified
1F3CA 1F3FB 200D 2642 FE0F	man swimming: light skin tone	People & Body	person-sport	E4.0	fully-qualified
1F3CA 1F3FC 200D 2642 FE0F	man swimming: medium-light skin tone	People & Body	person-sport	E4.0	fully-qualified
1F3CA 1F3FD 200D 2642 FE0F	man swimming: medium skin tone	People & Body	person-sport	E4.0	fully-qualified
1F3CA 1F3FE 200D 2642 FE0F	man swimming: medium-dark skin tone	People & Body	person-sport	E4.0	fully-qualified
1F3CA 1F3FF 200D 2642 FE0F	man swimming: dark skin tone	People & Body	person-sport	E4.0	fully-qualified
1F3CA 200D 2640 FE0F	woman swimming	People & Body	person-sport	E4.0	fully-qualified
1F3CA 1F3FB 200D 2640 FE0F	woman swimming: light skin tone	People & Body	person-sport	E4.0	fully-qualified
1F3CA 1F3FC 200D 2640 FE0F	woman swimming: medium-light skin tone	People & Body	person-sport	E4.0	fully-qualified
1F3CA 1F3FD 200D 2640 FE0F	woman swimming: medium skin tone	People & Body	person-sport	E4.0	fully-qualified
1F3CA 1F3FE 200D 2640 FE0F	woman swimming: medium-dark skin tone	People & Body	person-sport	E4.0	fully-qualified
1F3CA 1F3FF 200D 2640 FE0F	woman swimming: dark skin tone	People & Body	person-sport	E4.0	fully-qualified
26F9 FE0F	person bouncing ball	People & Body	person-sport	E0.7	fully-qualified
26F9 1F3FB	person bouncing ball: light skin tone	People & Body	person-sport	E2.0	fully-qualified
26F9 1F3FC	person bouncing ball: medium-light skin tone	People & Body	person-sport	E2.0	fully-qualified
26F9 1F3FD	person bouncing ball: medium skin tone	People & Body	person-sport	E2.0	fully-qualified
26F9 1F3FE	person bouncing ball: medium-dark skin tone	People & Body	person-sport	E2.0	fully-qualified
26F9 1F3FF	person bouncing ball: dark skin tone	People & Body	person-sport	E2.0	fully-qualified
26F9 FE0F 200D 2642 FE0F	man bouncing ball	People & Body	person-sport	E4.0	fully-qualified
26F9 1F3FB 200D 2642 FE0F	man bouncing ball: light skin tone	People & Body	person-sport	E4.0	fully-qualified
26F9 1F3FC 200D 2642 FE0F	man bouncing ball: medium-light skin tone	People & Body	person-sport	E4.0	fully-qualified
26F9 1F3FD 200D 2642 FE0F	man bouncing ball: medium skin tone	People & Body	person-sport	E4.0	fully-qualified
26F9 1F3FE 200D 2642 FE0F	man bouncing ball: medium-dark skin tone	People & Body	person-sport	E4.0	fully-qualified
26F9 1F3FF 200D 2642 FE0F	man bouncing ball: dark skin tone	People & Body	person-sport	E4.0	fully-qualified
26F9 FE0F 200D 2640 FE0F	woman bouncing ball	People & Body	person-sport	E4.0	fully-qualified
26F9 1F3FB 200D 2640 FE0F	woman bouncing ball: light skin tone	People & Body	person-sport	E4.0	fully-qualified
26F9 1F3FC 200D 2640 FE0F	woman bouncing ball: medium-light skin tone	People & Body	person-sport	E4.0	fully-qualified
26F9 1F3FD 200D 2640 FE0F	woman bouncing ball: medium skin tone	People & Body	person-sport	E4.0	fully-qualified
26F9 1F3FE 200D 2640 FE0F	woman bouncing ball: medium-dark skin tone	People & Body	person-sport	E4.0	fully-qualified
26F9 1F3FF 200D 2640 FE0F	woman bouncing ball: dark skin tone	People & Body	person-sport	E4.0	fully-qualified
1F3CB FE0F	person lifting weights	People & Body	person-sport	E0.7	fully-qualified
1F3CB 1F3FB	person lifting weights: light skin tone	People & Body	person-sport	E2.0	fully-qualified
1F3CB 1F3FC	person lifting weights: medium-light skin tone	People & Body	person-sport	E2.0	fully-qualified
1F3CB 1F3FD	person lifting weights: medium skin tone	People & Body	person-sport	E2.0	fully-qualified
1F3CB 1F3FE	person lifting weights: medium-dark skin tone	People & Body	person-sport	E2.0	fully-qualified
1F3CB 1F3FF	person lifting weights: dark skin tone	People & Body	person-sport	E2.0	fully-qualified
1F3CB FE0F 200D 2642 FE0F	man lifting weights	People & Body	person-sport	E4.0	fully-qualified
1F3CB 1F3FB 200D 2642 FE0F	man lifting weights: light skin tone	People & Body	person-sport	E4.0	fully-qualified
1F3CB 1F3FC 200D 2642 FE0F	man lifting weights: medium-light skin tone	People & Body	person-sport	E4.0	fully-qualified
1F3CB 1F3FD 200D 2642 FE0F	man lifting weights: medium skin tone	People & Body	person-sport	E4.0	fully-qualified
1F3CB 1F3FE 200D 2642 FE0F	man lifting weights: medium-dark skin tone	People & Body	person-sport	E4.0	fully-qualified
1F3CB 1F3FF 200D 2642 FE0F	man lifting weights: dark skin tone	People & Body	person-sport	E4.0	fully-qualified
1F3CB FE0F 200D 2640 FE0F	woman lifting weights	People & Body	person-sport	E4.0	fully-qualified
1F3CB 1F3FB 200D 2640 FE0F	woman lifting weights: light skin tone	People & Body	person-sport	E4.0	fully-qualified
1F3CB 1F3FC 200D 2640 FE0F	woman lifting weights: medium-light skin tone	People & Body	person-sport	E4.0	fully-qualified
1F3CB 1F3FD 200D 2640 FE0F	woman lifting weights: medium skin tone	People & Body	person-sport	E4.0	fully-qualified
1F3CB 1F3FE 200D 2640 FE0F	woman lifting weights: medium-dark skin tone	People & Body	person-sport	E4.0	fully-qualified
1F3CB 1F3FF 200D 2640 FE0F	woman lifting weights: dark skin tone	People & Body	person-sport	E4.0	fully-qualified
1F6B4	person biking	People & Body	person-sport	E1.0	fully-qualified
1F6B4 1F3FB	person biking: light skin tone	People & Body	person-sport	E1.0	fully-qualified
1F6B4 1F3FC	person biking: medium-light skin tone	People & Body	person-sport	E1.0	fully-qualified
1F6B4 1F3FD	person biking: medium skin tone	People & Body	person-sport	E1.0	fully-qualified
1F6B4 1F3FE	person biking: medium-dark skin tone	People & Body	person-sport	E1.0	fully-qualified
1F6B4 1F3FF	person biking: dark skin tone	People & Body	person-sport	E1.0	fully-qualified
1F6B4 200D 2642 FE0F	man biking	People & Body	person-sport	E4.0	fully-qualified
1F6B4 1F3FB 200D 2642 FE0F	man biking: light skin tone	People & Body	person-sport	E4.0	fully-qualified
1F6B4 1F3FC 200D 2642 FE0F	man biking: medium-light skin tone	People & Body	person-sport	E4.0	fully-qualified
1F6B4 1F3FD 200D 2642 FE0F	man biking: medium skin tone	People & Body	person-sport	E4.0	fully-qualified
1F6B4 1F3FE 200D 2642 FE0F	man biking: medium-dark skin tone	People & Body	person-sport	E4.0	fully-qualified
1F6B4 1F3FF 200D 2642 FE0F	man biking: dark skin tone	People & Body	person-sport	E4.0	fully-qualified
1F6B4 200D 2640 FE0F	woman biking	People & Body	person-sport	E4.0	fully-qualified
1F6B4 1F3FB 200D 2640 FE0F	woman biking: light skin tone	People & Body	person-sport	E4.0	fully-qualified
1F6B4 1F3FC 200D 2640 FE0F	woman biking: medium-light skin tone	People & Body	person-sport	E4.0	fully-qualified
1F6B4 1F3FD 200D 2640 FE0F	woman biking: medium skin tone	People & Body	person-sport	E4.0	fully-qualified
1F6B4 1F3FE 200D 2640 FE0F	woman biking: medium-dark skin tone	People & Body	person-sport	E4.0	fully-qualified
1F6B4 1F3FF 200D 2640 FE0F	woman biking: dark skin tone	People & Body	person-sport	E4.0	fully-qualified
1F6B5	person mountain biking	People & Body	person-sport	E1.0	fully-qualified
1F6B5 1F3FB	person mountain biking: light skin tone	People & Body	person-sport	E1.0	fully-qualified
1F6B5 1F3FC	person mountain biking: medium-light skin tone	People & Body	person-sport	E1.0	fully-qualified
1F6B5 1F3FD	person mountain biking: medium skin tone	People & Body	person-sport	E1.0	fully-qualified
1F6B5 1F3FE	person mountain biking: medium-dark skin tone	People & Body	person-sport	E1.0	fully-qualified
1F6B5 1F3FF	person mountain biking: dark skin tone	People & Body	person-sport	E1.0	fully-qualified
1F6B5 200D 2642 FE0F	man mountain biking	People & Body	person-sport	E4.0	fully-qualified
1F6B5 1F3FB 200D 2642 FE0F	man mountain biking: light skin tone	People & Body	person-sport	E4.0	fully-qualified
1F6B5 1F3FC 200D 2642 FE0F	man mountain biking: medium-light skin tone	People & Body	person-sport	E4.0	fully-qualified
1F6B5 1F3FD 200D 2642 FE0F	man mountain biking: medium skin tone	People & Body	person-sport	E4.0	fully-qualified
1F6B5 1F3FE 200D 2642 FE0F	man mountain biking: medium-dark skin tone	People & Body	person-sport	E4.0	fully-qualified
1F6B5 1F3FF 200D 2642 FE0F	man mountain biking: dark skin tone	People & Body	person-sport	E4.0	fully-qualified
1F6B5 200D 2640 FE0F	woman mountain biking	People & Body	person-sport	E4.0	fully-qualified
1F6B5 1F3FB 200D 2640 FE0F	woman mountain biking: light skin tone	People & Body	person-sport	E4.0	fully-qualified
1F6B5 1F3FC 200D 2640 FE0F	woman mountain biking: medium-light skin tone	People & Body	person-sport	E4.0	fully-qualified
1F6B5 1F3FD 200D 2640 FE0F	woman mountain biking: medium skin tone	People & Body	person-sport	E4.0	fully-qualified
1F6B5 1F3FE 200D 2640 FE0F	woman mountain biking: medium-dark skin tone	People & Body	person-sport	E4.0	fully-qualified
1F6B5 1F3FF 200D 2640 FE0F	woman mountain biking: dark skin tone	People & Body	person-sport	E4.0	fully-qualified
1F938	person cartwheeling	People & Body	person-sport	E3.0	fully-qualified
1F938 1F3FB	person cartwheeling: light skin tone	People & Body	person-sport	E3.0	fully-qualified
1F938 1F3FC	person cartwheeling: medium-light skin tone	People & Body	person-sport	E3.0	fully-qualified
1F938 1F3FD	person cartwheeling: medium skin tone	People & Body	person-sport	E3.0	fully-qualified
1F938 1F3FE	person cartwheeling: medium-dark skin tone	People & Body	person-sport	E3.0	fully-qualified
1F938 1F3FF	person cartwheeling: dark skin tone	People & Body	person-sport	E3.0	fully-qualified
1F938 200D 2642 FE0F	man cartwheeling	People & Body	person-sport	E4.0	fully-qualified
1F938 1F3FB 200D 2642 FE0F	man cartwheeling: light skin tone	People & Body	person-sport	E4.0	fully-qualified
1F938 1F3FC 200D 2642 FE0F	man cartwheeling: medium-light skin tone	People & Body	person-sport	E4.0	fully-qualified
1F938 1F3FD 200D 2642 FE0F	man cartwheeling: medium skin tone	People & Body	person-sport	E4.0	fully-qualified
1F938 1F3FE 200D 2642 FE0F	man cartwheeling: medium-dark skin tone	People & Body	person-sport	E4.0	fully-qualified
1F938 1F3FF 200D 2642 FE0F	man cartwheeling: dark skin tone	People & Body	person-sport	E4.0	fully-qualified
1F938 200D 2640 FE0F	woman cartwheeling	People & Body	person-sport	E4.0	fully-qualified
1F938 1F3FB 200D 2640 FE0F	woman cartwheeling: light skin tone	People & Body	person-sport	E4.0	fully-qualified
1F938 1F3FC 200D 2640 FE0F	woman cartwheeling: medium-light skin tone	People & Body	person-sport	E4.0	fully-qualified
1F938 1F3FD 200D 2640 FE0F	woman cartwheeling: medium skin tone	People & Body	person-sport	E4.0	fully-qualified
1F938 1F3FE 200D 2640 FE0F	woman cartwheeling: medium-dark skin tone	People & Body	person-sport	E4.0	fully-qualified
1F938 1F3FF 200D 2640 FE0F	woman cartwheeling: dark skin tone	People & Body	person-sport	E4.0	fully-qualified
1F93C	people wrestling	People & Body	person-sport	E3.0	fully-qualified
1F93C 1F3FB	people wrestling: light skin tone	People & Body	person-sport	E17.0	fully-qualified
1F93C 1F3FC	people wrestling: medium-light skin tone	People & Body	person-sport	E17.0	fully-qualified
1F93C 1F3FD	people wrestling: medium skin tone	People & Body	person-sport	E17.0	fully-qualified
1F93C 1F3FE	people wrestling: medium-dark skin tone	People & Body	person-sport	E17.0	fully-qualified
1F93C 1F3FF	people wrestling: dark skin tone	People & Body	person-sport	E17.0	fully-qualified
1F93C 200D 2642 FE0F	men wrestling	People & Body	person-sport	E4.0	fully-qualified
1F93C 1F3FB 200D 2642 FE0F	men wrestling: light skin tone	People & Body	person-sport	E17.0	fully-qualified
1F93C 1F3FC 200D 2642 FE0F	men wrestling: medium-light skin tone	People & Body	person-sport	E17.0	fully-qualified
1F93C 1F3FD 200D 2642 FE0F	men wrestling: medium skin tone	People & Body	person-sport	E17.0	fully-qualified
1F93C 1F3FE 200D 2642 FE0F	men wrestling: medium-dark skin tone	People & Body	person-sport	E17.0	fully-qualified
1F93C 1F3FF 200D 2642 FE0F	men wrestling: dark skin tone	People & Body	person-sport	E17.0	fully-qualified
1F93C 200D 2640 FE0F	women wrestling	People & Body	person-sport	E4.0	fully-qualified
1F93C 1F3FB 200D 2640 FE0F	women wrestling: light skin tone	People & Body	person-sport	E17.0	fully-qualified
1F93C 1F3FC 200D 2640 FE0F	women wrestling: medium-light skin tone	People & Body	person-sport	E17.0	fully-qualified
1F93C 1F3FD 200D 2640 FE0F	women wrestling: medium skin tone	People & Body	person-sport	E17.0	fully-qualified
1F93C 1F3FE 200D 2640 FE0F	women wrestling: medium-dark skin tone	People & Body	person-sport	E17.0	fully-qualified
1F93C 1F3FF 200D 2640 FE0F	women wrestling: dark skin tone	People & Body	person-sport	E17.0	fully-qualified
1F9D1 1F3FB 200D 1FAEF 200D 1F9D1 1F3FC	people wrestling: light skin tone, medium-light skin tone	People & Body	person-sport	E17.0	fully-qualified
1F9D1 1F3FB 200D 1FAEF 200D 1F9D1 1F3FD	people wrestling: light skin tone, medium skin tone	People & Body	person-sport	E17.0	fully-qualified
1F9D1 1F3FB 200D 1FAEF 200D 1F9D1 1F3FE	people wrestling: light skin tone, medium-dark skin tone	People & Body	person-sport	E17.0	fully-qualified
1F9D1 1F3FB 200D 1FAEF 200D 1F9D1 1F3FF	people wrestling: light skin tone, dark skin tone	People & Body	person-sport	E17.0	fully-qualified
1F9D1 1F3FC 200D 1FAEF 200D 1F9D1 1F3FB	people wrestling: medium-light skin tone, light skin tone	People & Body	person-sport	E17.0	fully-qualified
1F9D1 1F3FC 200D 1FAEF 200D 1F9D1 1F3FD	people wrestling: medium-light skin tone, medium skin tone	People & Body	person-sport	E17.0	fully-qualified
1F9D1 1F3FC 200D 1FAEF 200D 1F9D1 1F3FE	people wrestling: medium-light skin tone, medium-dark skin tone	People & Body	person-sport	E17.0	fully-qualified
1F9D1 1F3FC 200D 1FAEF 200D 1F9D1 1F3FF	people wrestling: medium-light skin tone, dark skin tone	People & Body	person-sport	E17.0	fully-qualified
1F9D1 1F3FD 200D 1FAEF 200D 1F9D1 1F3FB	people wrestling: medium skin tone, light skin tone	People & Body	person-sport	E17.0	fully-qualified
1F9D1 1F3FD 200D 1FAEF 200D 1F9D1 1F3FC	people wrestling: medium skin tone, medium-light skin tone	People & Body	person-sport	E17.0	fully-qualified
1F9D1 1F3FD 200D 1FAEF 200D 1F9D1 1F3FE	people wrestling: medium skin tone, medium-dark skin tone	People & Body	person-sport	E17.0	fully-qualified
1F9D1 1F3FD 200D 1FAEF 200D 1F9D1 1F3FF	people wrestling: medium skin tone, dark skin tone	People & Body	person-sport	E17.0	fully-qualified
1F9D1 1F3FE 200D 1FAEF 200D 1F9D1 1F3FB	people wrestling: medium-dark skin tone, light skin tone	People & Body	person-sport	E17.0	fully-qualified
1F9D1 1F3FE 200D 1FAEF 200D 1F9D1 1F3FC	people wrestling: medium-dark skin tone, medium-light skin tone	People & Body	person-sport	E17.0	fully-qualified
1F9D1 1F3FE 200D 1FAEF 200D 1F9D1 1F3FD	people wrestling: medium-dark skin tone, medium skin tone	People & Body	person-sport	E17.0	fully-qualified
1F9D1 1F3FE 200D 1FAEF 200D 1F9D1 1F3FF	people wrestling: medium-dark skin tone, dark skin tone	People & Body	person-sport	E17.0	fully-qualified
1F9D1 1F3FF 200D 1FAEF 200D 1F9D1 1F3FB	people wrestling: dark skin tone, light skin tone	People & Body	person-sport	E17.0	fully-qualified
1F9D1 1F3FF 200D 1FAEF 200D 1F9D1 1F3FC	people wrestling: dark skin tone, medium-light skin tone	People & Body	person-sport	E17.0	fully-qualified
1F9D1 1F3FF 200D 1FAEF 200D 1F9D1 1F3FD	people wrestling: dark skin tone, medium skin tone	People & Body	person-sport	E17.0	fully-qualified
1F9D1 1F3FF 200D 1FAEF 200D 1F9D1 1F3FE	people wrestling: dark skin tone, medium-dark skin tone	People & Body	person-sport	E17.0	fully-qualified
1F468 1F3FB 200D 1FAEF 200D 1F468 1F3FC	men wrestling: light skin tone, medium-light skin tone	People & Body	person-sport	E17.0	fully-qualified
1F468 1F3FB 200D 1FAEF 200D 1F468 1F3FD	men wrestling: light skin tone, medium skin tone	People & Body	person-sport	E17.0	fully-qualified
1F468 1F3FB 200D 1FAEF 200D 1F468 1F3FE	men wrestling: light skin tone, medium-dark skin tone	People & Body	person-sport	E17.0	fully-qualified
1F468 1F3FB 200D 1FAEF 200D 1F468 1F3FF	men wrestling: light skin tone, dark skin tone	People & Body	person-sport	E17.0	fully-qualified
1F468 1F3FC 200D 1FAEF 200D 1F468 1F3FB	men wrestling: medium-light skin tone, light skin tone	People & Body	person-sport	E17.0	fully-qualified
1F468 1F3FC 200D 1FAEF 200D 1F468 1F3FD	men wrestling: medium-light skin tone, medium skin tone	People & Body	person-sport	E17.0	fully-qualified
1F468 1F3FC 200D 1FAEF 200D 1F468 1F3FE	men wrestling: medium-light skin tone, medium-dark skin tone	People & Body	person-sport	E17.0	fully-qualified
1F468 1F3FC 200D 1FAEF 200D 1F468 1F3FF	men wrestling: medium-light skin tone, dark skin tone	People & Body	person-sport	E17.0	fully-qualified
1F468 1F3FD 200D 1FAEF 200D 1F468 1F3FB	men wrestling: medium skin tone, light skin tone	People & Body	person-sport	E17.0	fully-qualified
1F468 1F3FD 200D 1FAEF 200D 1F468 1F3FC	men wrestling: medium skin tone, medium-light skin tone	People & Body	person-sport	E17.0	fully-qualified
1F468 1F3FD 200D 1FAEF 200D 1F468 1F3FE	men wrestling: medium skin tone, medium-dark skin tone	People & Body	person-sport	E17.0	fully-qualified
1F468 1F3FD 200D 1FAEF 200D 1F468 1F3FF	men wrestling: medium skin tone, dark skin tone	People & Body	person-sport	E17.0	fully-qualified
1F468 1F3FE 200D 1FAEF 200D 1F468 1F3FB	men wrestling: medium-dark skin tone, light skin tone	People & Body	person-sport	E17.0	fully-qualified
1F468 1F3FE 200D 1FAEF 200D 1F468 1F3FC	men wrestling: medium-dark skin tone, medium-light skin tone	People & Body	person-sport	E17.0	fully-qualified
1F468 1F3FE 200D 1FAEF 200D 1F468 1F3FD	men wrestling: medium-dark skin tone, medium skin tone	People & Body	person-sport	E17.0	fully-qualified
1F468 1F3FE 200D 1FAEF 200D 1F468 1F3FF	men wrestling: medium-dark skin tone, dark skin tone	People & Body	person-sport	E17.0	fully-qualified
1F468 1F3FF 200D 1FAEF 200D 1F468 1F3FB	men wrestling: dark skin tone, light skin tone	People & Body	person-sport	E17.0	fully-qualified
1F468 1F3FF 200D 1FAEF 200D 1F468 1F3FC	men wrestling: dark skin tone, medium-light skin tone	People & Body	person-sport	E17.0	fully-qualified
1F468 1F3FF 200D 1FAEF 200D 1F468 1F3FD	men wrestling: dark skin tone, medium skin tone	People & Body	person-sport	E17.0	fully-qualified
1F468 1F3FF 200D 1FAEF 200D 1F468 1F3FE	men wrestling: dark skin tone, medium-dark skin tone	People & Body	person-sport	E17.0	fully-qualified
1F469 1F3FB 200D 1FAEF 200D 1F469 1F3FC	women wrestling: light skin tone, medium-light skin tone	People & Body	person-sport	E17.0	fully-qualified
1F469 1F3FB 200D 1FAEF 200D 1F469 1F3FD	women wrestling: light skin tone, medium skin tone	People & Body	person-sport	E17.0	fully-qualified
1F469 1F3FB 200D 1FAEF 200D 1F469 1F3FE	women wrestling: light skin tone, medium-dark skin tone	People & Body	person-sport	E17.0	fully-qualified
1F469 1F3FB 200D 1FAEF 200D 1F469 1F3FF	women wrestling: light skin tone, dark skin tone	People & Body	person-sport	E17.0	fully-qualified
1F469 1F3FC 200D 1FAEF 200D 1F469 1F3FB	women wrestling: medium-light skin tone, light skin tone	People & Body	person-sport	E17.0	fully-qualified
1F469 1F3FC 200D 1FAEF 200D 1F469 1F3FD	women wrestling: medium-light skin tone, medium skin tone	People & Body	person-sport	E17.0	fully-qualified
1F469 1F3FC 200D 1FAEF 200D 1F469 1F3FE	women wrestling: medium-light skin tone, medium-dark skin tone	People & Body	person-sport	E17.0	fully-qualified
1F469 1F3FC 200D 1FAEF 200D 1F469 1F3FF	women wrestling: medium-light skin tone, dark skin tone	People & Body	person-sport	E17.0	fully-qualified
1F469 1F3FD 200D 1FAEF 200D 1F469 1F3FB	women wrestling: medium skin tone, light skin tone	People & Body	person-sport	E17.0	fully-qualified
1F469 1F3FD 200D 1FAEF 200D 1F469 1F3FC	women wrestling: medium skin tone, medium-light skin tone	People & Body	person-sport	E17.0	fully-qualified
1F469 1F3FD 200D 1FAEF 200D 1F469 1F3FE	women wrestling: medium skin tone, medium-dark skin tone	People & Body	person-sport	E17.0	fully-qualified
1F469 1F3FD 200D 1FAEF 200D 1F469 1F3FF	women wrestling: medium skin tone, dark skin tone	People & Body	person-sport	E17.0	fully-qualified
1F469 1F3FE 200D 1FAEF 200D 1F469 1F3FB	women wrestling: medium-dark skin tone, light skin tone	People & Body	person-sport	E17.0	fully-qualified
1F469 1F3FE 200D 1FAEF 200D 1F469 1F3FC	women wrestling: medium-dark skin tone, medium-light skin tone	People & Body	person-sport	E17.0	fully-qualified
1F469 1F3FE 200D 1FAEF 200D 1F469 1F3FD	women wrestling: medium-dark skin tone, medium skin tone	People & Body	person-sport	E17.0	fully-qualified
1F469 1F3FE 200D 1FAEF 200D 1F469 1F3FF	women wrestling: medium-dark skin tone, dark skin tone	People & Body	person-sport	E17.0	fully-qualified
1F469 1F3FF 200D 1FAEF 200D 1F469 1F3FB	women wrestling: dark skin tone, light skin tone	People & Body	person-sport	E17.0	fully-qualified
1F469 1F3FF 200D 1FAEF 200D 1F469 1F3FC	women wrestling: dark skin tone, medium-light skin tone	People & Body	person-sport	E17.0	fully-qualified
1F469 1F3FF 200D 1FAEF 200D 1F469 1F3FD	women wrestling: dark skin tone, medium skin tone	People & Body	person-sport	E17.0	fully-qualified
1F469 1F3FF 200D 1FAEF 200D 1F469 1F3FE	women wrestling: dark skin tone, medium-dark skin tone	People & Body	person-sport	E17.0	fully-qualified
1F93D	person playing water polo	People & Body	person-sport	E3.0	fully-qualified
1F93D 1F3FB	person playing water polo: light skin tone	People & Body	person-sport	E3.0	fully-qualified
1F93D 1F3FC	person playing water polo: medium-light skin tone	People & Body	person-sport	E3.0	fully-qualified
1F93D 1F3FD	person playing water polo: medium skin tone	People & Body	person-sport	E3.0	fully-qualified
1F93D 1F3FE	person playing water polo: medium-dark skin tone	People & Body	person-sport	E3.0	fully-qualified
1F93D 1F3FF	person playing water polo: dark skin tone	People & Body	person-sport	E3.0	fully-qualified
1F93D 200D 2642 FE0F	man playing water polo	People & Body	person-sport	E4.0	fully-qualified
1F93D 1F3FB 200D 2642 FE0F	man playing water polo: light skin tone	People & Body	person-sport	E4.0	fully-qualified
1F93D 1F3FC 200D 2642 FE0F	man playing water polo: medium-light skin tone	People & Body	person-sport	E4.0	fully-qualified
1F93D 1F3FD 200D 2642 FE0F	man playing water polo: medium skin tone	People & Body	person-sport	E4.0	fully-qualified
1F93D 1F3FE 200D 2642 FE0F	man playing water polo: medium-dark skin tone	People & Body	person-sport	E4.0	fully-qualified
1F93D 1F3FF 200D 2642 FE0F	man playing water polo: dark skin tone	People & Body	person-sport	E4.0	fully-qualified
1F93D 200D 2640 FE0F	woman playing water polo	People & Body	person-sport	E4.0	fully-qualified
1F93D 1F3FB 200D 2640 FE0F	woman playing water polo: light skin tone	People & Body	person-sport	E4.0	fully-qualified
1F93D 1F3FC 200D 2640 FE0F	woman playing water polo: medium-light skin tone	People & Body	person-sport	E4.0	fully-qualified
1F93D 1F3FD 200D 2640 FE0F	woman playing water polo: medium skin tone	People & Body	person-sport	E4.0	fully-qualified
1F93D 1F3FE 200D 2640 FE0F	woman playing water polo: medium-dark skin tone	People & Body	person-sport	E4.0	fully-qualified
1F93D 1F3FF 200D 2640 FE0F	woman playing water polo: dark skin tone	People & Body	person-sport	E4.0	fully-qualified
1F93E	person playing handball	People & Body	person-sport	E3.0	fully-qualified
1F93E 1F3FB	person playing handball: light skin tone	People & Body	person-sport	E3.0	fully-qualified
1F93E 1F3FC	person playing handball: medium-light skin tone	People & Body	person-sport	E3.0	fully-qualified
1F93E 1F3FD	person playing handball: medium skin tone	People & Body	person-sport	E3.0	fully-qualified
1F93E 1F3FE	person playing handball: medium-dark skin tone	People & Body	person-sport	E3.0	fully-qualified
1F93E 1F3FF	person playing handball: dark skin tone	People & Body	person-sport	E3.0	fully-qualified
1F93E 200D 2642 FE0F	man playing handball	People & Body	person-sport	E4.0	fully-qualified
1F93E 1F3FB 200D 2642 FE0F	man playing handball: light skin tone	People & Body	person-sport	E4.0	fully-qualified
1F93E 1F3FC 200D 2642 FE0F	man playing handball: medium-light skin tone	People & Body	person-sport	E4.0	fully-qualified
1F93E 1F3FD 200D 2642 FE0F	man playing handball: medium skin tone	People & Body	person-sport	E4.0	fully-qualified
1F93E 1F3FE 200D 2642 FE0F	man playing handball: medium-dark skin tone	People & Body	person-sport	E4.0	fully-qualified
1F93E 1F3FF 200D 2642 FE0F	man playing handball: dark skin tone	People & Body	person-sport	E4.0	fully-qualified
1F93E 200D 2640 FE0F	woman playing handball	People & Body	person-sport	E4.0	fully-qualified
1F93E 1F3FB 200D 2640 FE0F	woman playing handball: light skin tone	People & Body	person-sport	E4.0	fully-qualified
1F93E 1F3FC 200D 2640 FE0F	woman playing handball: medium-light skin tone	People & Body	person-sport	E4.0	fully-qualified
1F93E 1F3FD 200D 2640 FE0F	woman playing handball: medium skin tone	People & Body	person-sport	E4.0	fully-qualified
1F93E 1F3FE 200D 2640 FE0F	woman playing handball: medium-dark skin tone	People & Body	person-sport	E4.0	fully-qualified
1F93E 1F3FF 200D 2640 FE0F	woman playing handball: dark skin tone	People & Body	person-sport	E4.0	fully-qualified
1F939	person juggling	People & Body	person-sport	E3.0	fully-qualified
1F939 1F3FB	person juggling: light skin tone	People & Body	person-sport	E3.0	fully-qualified
1F939 1F3FC	person juggling: medium-light skin tone	People & Body	person-sport	E3.0	fully-qualified
1F939 1F3FD	person juggling: medium skin tone	People & Body	person-sport	E3.0	fully-qualified
1F939 1F3FE	person juggling: medium-dark skin tone	People & Body	person-sport	E3.0	fully-qualified
1F939 1F3FF	person juggling: dark skin tone	People & Body	person-sport	E3.0	fully-qualified
1F939 200D 2642 FE0F	man juggling	People & Body	person-sport	E4.0	fully-qualified
1F939 1F3FB 200D 2642 FE0F	man juggling: light skin tone	People & Body	person-sport	E4.0	fully-qualified
1F939 1F3FC 200D 2642 FE0F	man juggling: medium-light skin tone	People & Body	person-sport	E4.0	fully-qualified
1F939 1F3FD 200D 2642 FE0F	man juggling: medium skin tone	People & Body	person-sport	E4.0	fully-qualified
1F939 1F3FE 200D 2642 FE0F	man juggling: medium-dark skin tone	People & Body	person-sport	E4.0	fully-qualified
1F939 1F3FF 200D 2642 FE0F	man juggling: dark skin tone	People & Body	person-sport	E4.0	fully-qualified
1F939 200D 2640 FE0F	woman juggling	People & Body	person-sport	E4.0	fully-qualified
1F939 1F3FB 200D 2640 FE0F	woman juggling: light skin tone	People & Body	person-sport	E4.0	fully-qualified
1F939 1F3FC 200D 2640 FE0F	woman juggling: medium-light skin tone	People & Body	person-sport	E4.0	fully-qualified
1F939 1F3FD 200D 2640 FE0F	woman juggling: medium skin tone	People & Body	person-sport	E4.0	fully-qualified
1F939 1F3FE 200D 2640 FE0F	woman juggling: medium-dark skin tone	People & Body	person-sport	E4.0	fully-qualified
1F939 1F3FF 200D 2640 FE0F	woman juggling: dark skin tone	People & Body	person-sport	E4.0	fully-qualified
1F9D8	person in lotus position	People & Body	person-resting	E5.0	fully-qualified
1F9D8 1F3FB	person in lotus position: light skin tone	People & Body	person-resting	E5.0	fully-qualified
1F9D8 1F3FC	person in lotus position: medium-light skin tone	People & Body	person-resting	E5.0	fully-qualified
1F9D8 1F3FD	person in lotus position: medium skin tone	People & Body	person-resting	E5.0	fully-qualified
1F9D8 1F3FE	person in lotus position: medium-dark skin tone	People & Body	person-resting	E5.0	fully-qualified
1F9D8 1F3FF	person in lotus position: dark skin tone	People & Body	person-resting	E5.0	fully-qualified
1F9D8 200D 2642 FE0F	man in lotus position	People & Body	person-resting	E5.0	fully-qualified
1F9D8 1F3FB 200D 2642 FE0F	man in lotus position: light skin tone	People & Body	person-resting	E5.0	fully-qualified
1F9D8 1F3FC 200D 2642 FE0F	man in lotus position: medium-light skin tone	People & Body	person-resting	E5.0	fully-qualified
1F9D8 1F3FD 200D 2642 FE0F	man in lotus position: medium skin tone	People & Body	person-resting	E5.0	fully-qualified
1F9D8 1F3FE 200D 2642 FE0F	man in lotus position: medium-dark skin tone	People & Body	person-resting	E5.0	fully-qualified
1F9D8 1F3FF 200D 2642 FE0F	man in lotus position: dark skin tone	People & Body	person-resting	E5.0	fully-qualified
1F9D8 200D 2640 FE0F	woman in lotus position	People & Body	person-resting	E5.0	fully-qualified
1F9D8 1F3FB 200D 2640 FE0F	woman in lotus position: light skin tone	People & Body	person-resting	E5.0	fully-qualified
1F9D8 1F3FC 200D 2640 FE0F	woman in lotus position: medium-light skin tone	People & Body	person-resting	E5.0	fully-qualified
1F9D8 1F3FD 200D 2640 FE0F	woman in lotus position: medium skin tone	People & Body	person-resting	E5.0	fully-qualified
1F9D8 1F3FE 200D 2640 FE0F	woman in lotus position: medium-dark skin tone	People & Body	person-resting	E5.0	fully-qualified
1F9D8 1F3FF 200D 2640 FE0F	woman in lotus position: dark skin tone	People & Body	person-resting	E5.0	fully-qualified
1F6C0	person taking bath	People & Body	person-resting	E0.6	fully-qualified
1F6C0 1F3FB	person taking bath: light skin tone	People & Body	person-resting	E1.0	fully-qualified
1F6C0 1F3FC	person taking bath: medium-light skin tone	People & Body	person-resting	E1.0	fully-qualified
1F6C0 1F3FD	person taking bath: medium skin tone	People & Body	person-resting	E1.0	fully-qualified
1F6C0 1F3FE	person taking bath: medium-dark skin tone	People & Body	person-resting	E1.0	fully-qualified
1F6C0 1F3FF	person taking bath: dark skin tone	People & Body	person-resting	E1.0	fully-qualified
1F6CC	person in bed	People & Body	person-resting	E1.0	fully-qualified
1F6CC 1F3FB	person in bed: light skin tone	People & Body	person-resting	E4.0	fully-qualified
1F6CC 1F3FC	person in bed: medium-light skin tone	People & Body	person-resting	E4.0	fully-qualified
1F6CC 1F3FD	person in bed: medium skin tone	People & Body	person-resting	E4.0	fully-qualified
1F6CC 1F3FE	person in bed: medium-dark skin tone	People & Body	person-resting	E4.0	fully-qualified
1F6CC 1F3FF	person in bed: dark skin tone	People & Body	person-resting	E4.0	fully-qualified
1F9D1 200D 1F91D 200D 1F9D1	people holding hands	People & Body	family	E12.0	fully-qualified
1F9D1 1F3FB 200D 1F91D 200D 1F9D1 1F3FB	people holding hands: light skin tone	People & Body	family	E12.0	fully-qualified
1F9D1 1F3FB 200D 1F91D 200D 1F9D1 1F3FC	people holding hands: light skin tone, medium-light skin tone	People & Body	family	E12.1	fully-qualified
1F9D1 1F3FB 200D 1F91D 200D 1F9D1 1F3FD	people holding hands: light skin tone, medium skin tone	People & Body	family	E12.1	fully-qualified
1F9D1 1F3FB 200D 1F91D 200D 1F9D1 1F3FE	people holding hands: light skin tone, medium-dark skin tone	People & Body	family	E12.1	fully-qualified
1F9D1 1F3FB 200D 1F91D 200D 1F9D1 1F3FF	people holding hands: light skin tone, dark skin tone	People & Body	family	E12.1	fully-qualified
1F9D1 1F3FC 200D 1F91D 200D 1F9D1 1F3FB	people holding hands: medium-light skin tone, light skin tone	People & Body	family	E12.0	fully-qualified
1F9D1 1F3FC 200D 1F91D 200D 1F9D1 1F3FC	people holding hands: medium-light skin tone	People & Body	family	E12.0	fully-qualified
1F9D1 1F3FC 200D 1F91D 200D 1F9D1 1F3FD	people holding hands: medium-light skin tone, medium skin tone	People & Body	family	E12.1	fully-qualified
1F9D1 1F3FC 200D 1F91D 200D 1F9D1 1F3FE	people holding hands: medium-light skin tone, medium-dark skin tone	People & Body	family	E12.1	fully-qualified
1F9D1 1F3FC 200D 1F91D 200D 1F9D1 1F3FF	people holding hands: medium-light skin tone, dark skin tone	People & Body	family	E12.1	fully-qualified
1F9D1 1F3FD 200D 1F91D 200D 1F9D1 1F3FB	people holding hands: medium skin tone, light skin tone	People & Body	family	E12.0	fully-qualified
1F9D1 1F3FD 200D 1F91D 200D 1F9D1 1F3FC	people holding hands: medium skin tone, medium-light skin tone	People & Body	family	E12.0	fully-qualified
1F9D1 1F3FD 200D 1F91D 200D 1F9D1 1F3FD	people holding hands: medium skin tone	People & Body	family	E12.0	fully-qualified
1F9D1 1F3FD 200D 1F91D 200D 1F9D1 1F3FE	people holding hands: medium skin tone, medium-dark skin tone	People & Body	family	E12.1	fully-qualified
1F9D1 1F3FD 200D 1F91D 200D 1F9D1 1F3FF	people holding hands: medium skin tone, dark skin tone	People & Body	family	E12.1	fully-qualified
1F9D1 1F3FE 200D 1F91D 200D 1F9D1 1F3FB	people holding hands: medium-dark skin tone, light skin tone	People & Body	family	E12.0	fully-qualified
1F9D1 1F3FE 200D 1F91D 200D 1F9D1 1F3FC	people holding hands: medium-dark skin tone, medium-light skin tone	People & Body	family	E12.0	fully-qualified
1F9D1 1F3FE 200D 1F91D 200D 1F9D1 1F3FD	people holding hands: medium-dark skin tone, medium skin tone	People & Body	family	E12.0	fully-qualified
1F9D1 1F3FE 200D 1F91D 200D 1F9D1 1F3FE	people holding hands: medium-dark skin tone	People & Body	family	E12.0	fully-qualified
1F9D1 1F3FE 200D 1F91D 200D 1F9D1 1F3FF	people holding hands: medium-dark skin tone, dark skin tone	People & Body	family	E12.1	fully-qualified
1F9D1 1F3FF 200D 1F91D 200D 1F9D1 1F3FB	people holding hands: dark skin tone, light skin tone	People & Body	family	E12.0	fully-qualified
1F9D1 1F3FF 200D 1F91D 200D 1F9D1 1F3FC	people holding hands: dark skin tone, medium-light skin tone	People & Body	family	E12.0	fully-qualified
1F9D1 1F3FF 200D 1F91D 200D 1F9D1 1F3FD	people holding hands: dark skin tone, medium skin tone	People & Body	family	E12.0	fully-qualified
1F9D1 1F3FF 200D 1F91D 200D 1F9D1 1F3FE	people holding hands: dark skin tone, medium-dark skin tone	People & Body	family	E12.0	fully-qualified
1F9D1 1F3FF 200D 1F91D 200D 1F9D1 1F3FF	people holding hands: dark skin tone	People & Body	family	E12.0	fully-qualified
1F46D	women holding hands	People & Body	family	E1.0	fully-qualified
1F46D 1F3FB	women holding hands: light skin tone	People & Body	family	E12.0	fully-qualified
1F469 1F3FB 200D 1F91D 200D 1F469 1F3FC	women holding hands: light skin tone, medium-light skin tone	People & Body	family	E12.1	fully-qualified
1F469 1F3FB 200D 1F91D 200D 1F469 1F3FD	women holding hands: light skin tone, medium skin tone	People & Body	family	E12.1	fully-qualified
1F469 1F3FB 200D 1F91D 200D 1F469 1F3FE	women holding hands: light skin tone, medium-dark skin tone	People & Body	family	E12.1	fully-qualified
1F469 1F3FB 200D 1F91D 200D 1F469 1F3FF	women holding hands: light skin tone, dark skin tone	People & Body	family	E12.1	fully-qualified
1F469 1F3FC 200D 1F91D 200D 1F469 1F3FB	women holding hands: medium-light skin tone, light skin tone	People & Body	family	E12.0	fully-qualified
1F46D 1F3FC	women holding hands: medium-light skin tone	People & Body	family	E12.0	fully-qualified
1F469 1F3FC 200D 1F91D 200D 1F469 1F3FD	women holding hands: medium-light skin tone, medium skin tone	People & Body	family	E12.1	fully-qualified
1F469 1F3FC 200D 1F91D 200D 1F469 1F3FE	women holding hands: medium-light skin tone, medium-dark skin tone	People & Body	family	E12.1	fully-qualified
1F469 1F3FC 200D 1F91D 200D 1F469 1F3FF	women holding hands: medium-light skin tone, dark skin tone	People & Body	family	E12.1	fully-qualified
1F469 1F3FD 200D 1F91D 200D 1F469 1F3FB	women holding hands: medium skin tone, light skin tone	People & Body	family	E12.0	fully-qualified
1F469 1F3FD 200D 1F91D 200D 1F469 1F3FC	women holding hands: medium skin tone, medium-light skin tone	People & Body	family	E12.0	fully-qualified
1F46D 1F3FD	women holding hands: medium skin tone	People & Body	family	E12.0	fully-qualified
1F469 1F3FD 200D 1F91D 200D 1F469 1F3FE	women holding hands: medium skin tone, medium-dark skin tone	People & Body	family	E12.1	fully-qualified
1F469 1F3FD 200D 1F91D 200D 1F469 1F3FF	women holding hands: medium skin tone, dark skin tone	People & Body	family	E12.1	fully-qualified
1F469 1F3FE 200D 1F91D 200D 1F469 1F3FB	women holding hands: medium-dark skin tone, light skin tone	People & Body	family	E12.0	fully-qualified
1F469 1F3FE 200D 1F91D 200D 1F469 1F3FC	women holding hands: medium-dark skin tone, medium-light skin tone	People & Body	family	E12.0	fully-qualified
1F469 1F3FE 200D 1F91D 200D 1F469 1F3FD	women holding hands: medium-dark skin tone, medium skin tone	People & Body	family	E12.0	fully-qualified
1F46D 1F3FE	women holding hands: medium-dark skin tone	People & Body	family	E12.0	fully-qualified
1F469 1F3FE 200D 1F91D 200D 1F469 1F3FF	women holding hands: medium-dark skin tone, dark skin tone	People & Body	family	E12.1	fully-qualified
1F469 1F3FF 200D 1F91D 200D 1F469 1F3FB	women holding hands: dark skin tone, light skin tone	People & Body	family	E12.0	fully-qualified
1F469 1F3FF 200D 1F91D 200D 1F469 1F3FC	women holding hands: dark skin tone, medium-light skin tone	People & Body	family	E12.0	fully-qualified
1F469 1F3FF 200D 1F91D 200D 1F469 1F3FD	women holding hands: dark skin tone, medium skin tone	People & Body	family	E12.0	fully-qualified
1F469 1F3FF 200D 1F91D 200D 1F469 1F3FE	women holding hands: dark skin tone, medium-dark skin tone	People & Body	family	E12.0	fully-qualified
1F46D 1F3FF	women holding hands: dark skin tone	People & Body	family	E12.0	fully-qualified
1F46B	woman and man holding hands	People & Body	family	E0.6	fully-qualified
1F46B 1F3FB	woman and man holding hands: light skin tone	People & Body	family	E12.0	fully-qualified
1F469 1F3FB 200D 1F91D 200D 1F468 1F3FC	woman and man holding hands: light skin tone, medium-light skin tone	People & Body	family	E12.0	fully-qualified
1F469 1F3FB 200D 1F91D 200D 1F468 1F3FD	woman and man holding hands: light skin tone, medium skin tone	People & Body	family	E12.0	fully-qualified
1F469 1F3FB 200D 1F91D 200D 1F468 1F3FE	woman and man holding hands: light skin tone, medium-dark skin tone	People & Body	family	E12.0	fully-qualified
1F469 1F3FB 200D 1F91D 200D 1F468 1F3FF	woman and man holding hands: light skin tone, dark skin tone	People & Body	family	E12.0	fully-qualified
1F469 1F3FC 200D 1F91D 200D 1F468 1F3FB	woman and man holding hands: medium-light skin tone, light skin tone	People & Body	family	E12.0	fully-qualified
1F46B 1F3FC	woman and man holding hands: medium-light skin tone	People & Body	family	E12.0	fully-qualified
1F469 1F3FC 200D 1F91D 200D 1F468 1F3FD	woman and man holding hands: medium-light skin tone, medium skin tone	People & Body	family	E12.0	fully-qualified
1F469 1F3FC 200D 1F91D 200D 1F468 1F3FE	woman and man holding hands: medium-light skin tone, medium-dark skin tone	People & Body	family	E12.0	fully-qualified
1F469 1F3FC 200D 1F91D 200D 1F468 1F3FF	woman and man holding hands: medium-light skin tone, dark skin tone	People & Body	family	E12.0	fully-qualified
1F469 1F3FD 200D 1F91D 200D 1F468 1F3FB	woman and man holding hands: medium skin tone, light skin tone	People & Body	family	E12.0	fully-qualified
1F469 1F3FD 200D 1F91D 200D 1F468 1F3FC	woman and man holding hands: medium skin tone, medium-light skin tone	People & Body	family	E12.0	fully-qualified
1F46B 1F3FD	woman and man holding hands: medium skin tone	People & Body	family	E12.0	fully-qualified
1F469 1F3FD 200D 1F91D 200D 1F468 1F3FE	woman and man holding hands: medium skin tone, medium-dark skin tone	People & Body	family	E12.0	fully-qualified
1F469 1F3FD 200D 1F91D 200D 1F468 1F3FF	woman and man holding hands: medium skin tone, dark skin tone	People & Body	family	E12.0	fully-qualified
1F469 1F3FE 200D 1F91D 200D 1F468 1F3FB	woman and man holding hands: medium-dark skin tone, light skin tone	People & Body	family	E12.0	fully-qualified
1F469 1F3FE 200D 1F91D 200D 1F468 1F3FC	woman and man holding hands: medium-dark skin tone, medium-light skin tone	People & Body	family	E12.0	fully-qualified
1F469 1F3FE 200D 1F91D 200D 1F468 1F3FD	woman and man holding hands: medium-dark skin tone, medium skin tone	People & Body	family	E12.0	fully-qualified
1F46B 1F3FE	woman and man holding hands: medium-dark skin tone	People & Body	family	E12.0	fully-qualified
1F469 1F3FE 200D 1F91D 200D 1F468 1F3FF	woman and man holding hands: medium-dark skin tone, dark skin tone	People & Body	family	E12.0	fully-qualified
1F469 1F3FF 200D 1F91D 200D 1F468 1F3FB	woman and man holding hands: dark skin tone, light skin tone	People & Body	family	E12.0	fully-qualified
1F469 1F3FF 200D 1F91D 200D 1F468 1F3FC	woman and man holding hands: dark skin tone, medium-light skin tone	People & Body	family	E12.0	fully-qualified
1F469 1F3FF 200D 1F91D 200D 1F468 1F3FD	woman and man holding hands: dark skin tone, medium skin tone	People & Body	family	E12.0	fully-qualified
1F469 1F3FF 200D 1F91D 200D 1F468 1F3FE	woman and man holding hands: dark skin tone, medium-dark skin tone	People & Body	family	E12.0	fully-qualified
1F46B 1F3FF	woman and man holding hands: dark skin tone	People & Body	family	E12.0	fully-qualified
1F46C	men holding hands	People & Body	family	E1.0	fully-qualified
1F46C 1F3FB	men holding hands: light skin tone	People & Body	family	E12.0	fully-qualified
1F468 1F3FB 200D 1F91D 200D 1F468 1F3FC	men holding hands: light skin tone, medium-light skin tone	People & Body	family	E12.1	fully-qualified
1F468 1F3FB 200D 1F91D 200D 1F468 1F3FD	men holding hands: light skin tone, medium skin tone	People & Body	family	E12.1	fully-qualified
1F468 1F3FB 200D 1F91D 200D 1F468 1F3FE	men holding hands: light skin tone, medium-dark skin tone	People & Body	family	E12.1	fully-qualified
1F468 1F3FB 200D 1F91D 200D 1F468 1F3FF	men holding hands: light skin tone, dark skin tone	People & Body	family	E12.1	fully-qualified
1F468 1F3FC 200D 1F91D 200D 1F468 1F3FB	men holding hands: medium-light skin tone, light skin tone	People & Body	family	E12.0	fully-qualified
1F46C 1F3FC	men holding hands: medium-light skin tone	People & Body	family	E12.0	fully-qualified
1F468 1F3FC 200D 1F91D 200D 1F468 1F3FD	men holding hands: medium-light skin tone, medium skin tone	People & Body	family	E12.1	fully-qualified
1F468 1F3FC 200D 1F91D 200D 1F468 1F3FE	men holding hands: medium-light skin tone, medium-dark skin tone	People & Body	family	E12.1	fully-qualified
1F468 1F3FC 200D 1F91D 200D 1F468 1F3FF	men holding hands: medium-light skin tone, dark skin tone	People & Body	family	E12.1	fully-qualified
1F468 1F3FD 200D 1F91D 200D 1F468 1F3FB	men holding hands: medium skin tone, light skin tone	People & Body	family	E12.0	fully-qualified
1F468 1F3FD 200D 1F91D 200D 1F468 1F3FC	men holding hands: medium skin tone, medium-light skin tone	People & Body	family	E12.0	fully-qualified
1F46C 1F3FD	men holding hands: medium skin tone	People & Body	family	E12.0	fully-qualified
1F468 1F3FD 200D 1F91D 200D 1F468 1F3FE	men holding hands: medium skin tone, medium-dark skin tone	People & Body	family	E12.1	fully-qualified
1F468 1F3FD 200D 1F91D 200D 1F468 1F3FF	men holding hands: medium skin tone, dark skin tone	People & Body	family	E12.1	fully-qualified
1F468 1F3FE 200D 1F91D 200D 1F468 1F3FB	men holding hands: medium-dark skin tone, light skin tone	People & Body	family	E12.0	fully-qualified
1F468 1F3FE 200D 1F91D 200D 1F468 1F3FC	men holding hands: medium-dark skin tone, medium-light skin tone	People & Body	family	E12.0	fully-qualified
1F468 1F3FE 200D 1F91D 200D 1F468 1F3FD	men holding hands: medium-dark skin tone, medium skin tone	People & Body	family	E12.0	fully-qualified
1F46C 1F3FE	men holding hands: medium-dark skin tone	People & Body	family	E12.0	fully-qualified
1F468 1F3FE 200D 1F91D 200D 1F468 1F3FF	men holding hands: medium-dark skin tone, dark skin tone	People & Body	family	E12.1	fully-qualified
1F468 1F3FF 200D 1F91D 200D 1F468 1F3FB	men holding hands: dark skin tone, light skin tone	People & Body	family	E12.0	fully-qualified
1F468 1F3FF 200D 1F91D 200D 1F468 1F3FC	men holding hands: dark skin tone, medium-light skin tone	People & Body	family	E12.0	fully-qualified
1F468 1F3FF 200D 1F91D 200D 1F468 1F3FD	men holding hands: dark skin tone, medium skin tone	People & Body	family	E12.0	fully-qualified
1F468 1F3FF 200D 1F91D 200D 1F468 1F3FE	men holding hands: dark skin tone, medium-dark skin tone	People & Body	family	E12.0	fully-qualified
1F46C 1F3FF	men holding hands: dark skin tone	People & Body	family	E12.0	fully-qualified
1F48F	kiss	People & Body	family	E0.6	fully-qualified
1F48F 1F3FB	kiss: light skin tone	People & Body	family	E13.1	fully-qualified
1F48F 1F3FC	kiss: medium-light skin tone	People & Body	family	E13.1	fully-qualified
1F48F 1F3FD	kiss: medium skin tone	People & Body	family	E13.1	fully-qualified
1F48F 1F3FE	kiss: medium-dark skin tone	People & Body	family	E13.1	fully-qualified
1F48F 1F3FF	kiss: dark skin tone	People & Body	family	E13.1	fully-qualified
1F9D1 1F3FB 200D 2764 FE0F 200D 1F48B 200D 1F9D1 1F3FC	kiss: person, person, light skin tone, medium-light skin tone	People & Body	family	E13.1	fully-qualified
1F9D1 1F3FB 200D 2764 FE0F 200D 1F48B 200D 1F9D1 1F3FD	kiss: person, person, light skin tone, medium skin tone	People & Body	family	E13.1	fully-qualified
1F9D1 1F3FB 200D 2764 FE0F 200D 1F48B 200D 1F9D1 1F3FE	kiss: person, person, light skin tone, medium-dark skin tone	People & Body	family	E13.1	fully-qualified
1F9D1 1F3FB 200D 2764 FE0F 200D 1F48B 200D 1F9D1 1F3FF	kiss: person, person, light skin tone, dark skin tone	People & Body	family	E13.1	fully-qualified
1F9D1 1F3FC 200D 2764 FE0F 200D 1F48B 200D 1F9D1 1F3FB	kiss: person, person, medium-light skin tone, light skin tone	People & Body	family	E13.1	fully-qualified
1F9D1 1F3FC 200D 2764 FE0F 200D 1F48B 200D 1F9D1 1F3FD	kiss: person, person, medium-light skin tone, medium skin tone	People & Body	family	E13.1	fully-qualified
1F9D1 1F3FC 200D 2764 FE0F 200D 1F48B 200D 1F9D1 1F3FE	kiss: person, person, medium-light skin tone, medium-dark skin tone	People & Body	family	E13.1	fully-qualified
1F9D1 1F3FC 200D 2764 FE0F 200D 1F48B 200D 1F9D1 1F3FF	kiss: person, person, medium-light skin tone, dark skin tone	People & Body	family	E13.1	fully-qualified
1F9D1 1F3FD 200D 2764 FE0F 200D 1F48B 200D 1F9D1 1F3FB	kiss: person, person, medium skin tone, light skin tone	People & Body	family	E13.1	fully-qualified
1F9D1 1F3FD 200D 2764 FE0F 200D 1F48B 200D 1F9D1 1F3FC	kiss: person, person, medium skin tone, medium-light skin tone	People & Body	family	E13.1	fully-qualified
1F9D1 1F3FD 200D 2764 FE0F 200D 1F48B 200D 1F9D1 1F3FE	kiss: person, person, medium skin tone, medium-dark skin tone	People & Body	family	E13.1	fully-qualified
1F9D1 1F3FD 200D 2764 FE0F 200D 1F48B 200D 1F9D1 1F3FF	kiss: person, person, medium skin tone, dark skin tone	People & Body	family	E13.1	fully-qualified
1F9D1 1F3FE 200D 2764 FE0F 200D 1F48B 200D 1F9D1 1F3FB	kiss: person, person, medium-dark skin tone, light skin tone	People & Body	family	E13.1	fully-qualified
1F9D1 1F3FE 200D 2764 FE0F 200D 1F48B 200D 1F9D1 1F3FC	kiss: person, person, medium-dark skin tone, medium-light skin tone	People & Body	family	E13.1	fully-qualified
1F9D1 1F3FE 200D 2764 FE0F 200D 1F48B 200D 1F9D1 1F3FD	kiss: person, person, medium-dark skin tone, medium skin tone	People & Body	family	E13.1	fully-qualified
1F9D1 1F3FE 200D 2764 FE0F 200D 1F48B 200D 1F9D1 1F3FF	kiss: person, person, medium-dark skin tone, dark skin tone	People & Body	family	E13.1	fully-qualified
1F9D1 1F3FF 200D 2764 FE0F 200D 1F48B 200D 1F9D1 1F3FB	kiss: person, person, dark skin tone, light skin tone	People & Body	family	E13.1	fully-qualified
1F9D1 1F3FF 200D 2764 FE0F 200D 1F48B 200D 1F9D1 1F3FC	kiss: person, person, dark skin tone, medium-light skin tone	People & Body	family	E13.1	fully-qualified
1F9D1 1F3FF 200D 2764 FE0F 200D 1F48B 200D 1F9D1 1F3FD	kiss: person, person, dark skin tone, medium skin tone	People & Body	family	E13.1	fully-qualified
1F9D1 1F3FF 200D 2764 FE0F 200D 1F48B 200D 1F9D1 1F3FE	kiss: person, person, dark skin tone, medium-dark skin tone	People & Body	family	E13.1	fully-qualified
1F469 200D 2764 FE0F 200D 1F48B 200D 1F468	kiss: woman, man	People & Body	family	E2.0	fully-qualified
1F469 1F3FB 200D 2764 FE0F 200D 1F48B 200D 1F468 1F3FB	kiss: woman, man, light skin tone	People & Body	family	E13.1	fully-qualified
1F469 1F3FB 200D 2764 FE0F 200D 1F48B 200D 1F468 1F3FC	kiss: woman, man, light skin tone, medium-light skin tone	People & Body	family	E13.1	fully-qualified
1F469 1F3FB 200D 2764 FE0F 200D 1F48B 200D 1F468 1F3FD	kiss: woman, man, light skin tone, medium skin tone	People & Body	family	E13.1	fully-qualified
1F469 1F3FB 200D 2764 FE0F 200D 1F48B 200D 1F468 1F3FE	kiss: woman, man, light skin tone, medium-dark skin tone	People & Body	family	E13.1	fully-qualified
1F469 1F3FB 200D 2764 FE0F 200D 1F48B 200D 1F468 1F3FF	kiss: woman, man, light skin tone, dark skin tone	People & Body	family	E13.1	fully-qualified
1F469 1F3FC 200D 2764 FE0F 200D 1F48B 200D 1F468 1F3FB	kiss: woman, man, medium-light skin tone, light skin tone	People & Body	family	E13.1	fully-qualified
1F469 1F3FC 200D 2764 FE0F 200D 1F48B 200D 1F468 1F3FC	kiss: woman, man, medium-light skin tone	People & Body	family	E13.1	fully-qualified
1F469 1F3FC 200D 2764 FE0F 200D 1F48B 200D 1F468 1F3FD	kiss: woman, man, medium-light skin tone, medium skin tone	People & Body	family	E13.1	fully-qualified
1F469 1F3FC 200D 2764 FE0F 200D 1F48B 200D 1F468 1F3FE	kiss: woman, man, medium-light skin tone, medium-dark skin tone	People & Body	family	E13.1	fully-qualified
1F469 1F3FC 200D 2764 FE0F 200D 1F48B 200D 1F468 1F3FF	kiss: woman, man, medium-light skin tone, dark skin tone	People & Body	family	E13.1	fully-qualified
1F469 1F3FD 200D 2764 FE0F 200D 1F48B 200D 1F468 1F3FB	kiss: woman, man, medium skin tone, light skin tone	People & Body	family	E13.1	fully-qualified
1F469 1F3FD 200D 2764 FE0F 200D 1F48B 200D 1F468 1F3FC	kiss: woman, man, medium skin tone, medium-light skin tone	People & Body	family	E13.1	fully-qualified
1F469 1F3FD 200D 2764 FE0F 200D 1F48B 200D 1F468 1F3FD	kiss: woman, man, medium skin tone	People & Body	family	E13.1	fully-qualified
1F469 1F3FD 200D 2764 FE0F 200D 1F48B 200D 1F468 1F3FE	kiss: woman, man, medium skin tone, medium-dark skin tone	People & Body	family	E13.1	fully-qualified
1F469 1F3FD 200D 2764 FE0F 200D 1F48B 200D 1F468 1F3FF	kiss: woman, man, medium skin tone, dark skin tone	People & Body	family	E13.1	fully-qualified
1F469 1F3FE 200D 2764 FE0F 200D 1F48B 200D 1F468 1F3FB	kiss: woman, man, medium-dark skin tone, light skin tone	People & Body	family	E13.1	fully-qualified
1F469 1F3FE 200D 2764 FE0F 200D 1F48B 200D 1F468 1F3FC	kiss: woman, man, medium-dark skin tone, medium-light skin tone	People & Body	family	E13.1	fully-qualified
1F469 1F3FE 200D 2764 FE0F 200D 1F48B 200D 1F468 1F3FD	kiss: woman, man, medium-dark skin tone, medium skin tone	People & Body	family	E13.1	fully-qualified
1F469 1F3FE 200D 2764 FE0F 200D 1F48B 200D 1F468 1F3FE	kiss: woman, man, medium-dark skin tone	People & Body	family	E13.1	fully-qualified
1F469 1F3FE 200D 2764 FE0F 200D 1F48B 200D 1F468 1F3FF	kiss: woman, man, medium-dark skin tone, dark skin tone	People & Body	family	E13.1	fully-qualified
1F469 1F3FF 200D 2764 FE0F 200D 1F48B 200D 1F468 1F3FB	kiss: woman, man, dark skin tone, light skin tone	People & Body	family	E13.1	fully-qualified
1F469 1F3FF 200D 2764 FE0F 200D 1F48B 200D 1F468 1F3FC	kiss: woman, man, dark skin tone, medium-light skin tone	People & Body	family	E13.1	fully-qualified
1F469 1F3FF 200D 2764 FE0F 200D 1F48B 200D 1F468 1F3FD	kiss: woman, man, dark skin tone, medium skin tone	People & Body	family	E13.1	fully-qualified
1F469 1F3FF 200D 2764 FE0F 200D 1F48B 200D 1F468 1F3FE	kiss: woman, man, dark skin tone, medium-dark skin tone	People & Body	family	E13.1	fully-qualified
1F469 1F3FF 200D 2764 FE0F 200D 1F48B 200D 1F468 1F3FF	kiss: woman, man, dark skin tone	People & Body	family	E13.1	fully-qualified
1F468 200D 2764 FE0F 200D 1F48B 200D 1F468	kiss: man, man	People & Body	family	E2.0	fully-qualified
1F468 1F3FB 200D 2764 FE0F 200D 1F48B 200D 1F468 1F3FB	kiss: man, man, light skin tone	People & Body	family	E13.1	fully-qualified
1F468 1F3FB 200D 2764 FE0F 200D 1F48B 200D 1F468 1F3FC	kiss: man, man, light skin tone, medium-light skin tone	People & Body	family	E13.1	fully-qualified
1F468 1F3FB 200D 2764 FE0F 200D 1F48B 200D 1F468 1F3FD	kiss: man, man, light skin tone, medium skin tone	People & Body	family	E13.1	fully-qualified
1F468 1F3FB 200D 2764 FE0F 200D 1F48B 200D 1F468 1F3FE	kiss: man, man, light skin tone, medium-dark skin tone	People & Body	family	E13.1	fully-qualified
1F468 1F3FB 200D 2764 FE0F 200D 1F48B 200D 1F468 1F3FF	kiss: man, man, light skin tone, dark skin tone	People & Body	family	E13.1	fully-qualified
1F468 1F3FC 200D 2764 FE0F 200D 1F48B 200D 1F468 1F3FB	kiss: man, man, medium-light skin tone, light skin tone	People & Body	family	E13.1	fully-qualified
1F468 1F3FC 200D 2764 FE0F 200D 1F48B 200D 1F468 1F3FC	kiss: man, man, medium-light skin tone	People & Body	family	E13.1	fully-qualified
1F468 1F3FC 200D 2764 FE0F 200D 1F48B 200D 1F468 1F3FD	kiss: man, man, medium-light skin tone, medium skin tone	People & Body	family	E13.1	fully-qualified
1F468 1F3FC 200D 2764 FE0F 200D 1F48B 200D 1F468 1F3FE	kiss: man, man, medium-light skin tone, medium-dark skin tone	People & Body	family	E13.1	fully-qualified
1F468 1F3FC 200D 2764 FE0F 200D 1F48B 200D 1F468 1F3FF	kiss: man, man, medium-light skin tone, dark skin tone	People & Body	family	E13.1	fully-qualified
1F468 1F3FD 200D 2764 FE0F 200D 1F48B 200D 1F468 1F3FB	kiss: man, man, medium skin tone, light skin tone	People & Body	family	E13.1	fully-qualified
1F468 1F3FD 200D 2764 FE0F 200D 1F48B 200D 1F468 1F3FC	kiss: man, man, medium skin tone, medium-light skin tone	People & Body	family	E13.1	fully-qualified
1F468 1F3FD 200D 2764 FE0F 200D 1F48B 200D 1F468 1F3FD	kiss: man, man, medium skin tone	People & Body	family	E13.1	fully-qualified
1F468 1F3FD 200D 2764 FE0F 200D 1F48B 200D 1F468 1F3FE	kiss: man, man, medium skin tone, medium-dark skin tone	People & Body	family	E13.1	fully-qualified
1F468 1F3FD 200D 2764 FE0F 200D 1F48B 200D 1F468 1F3FF	kiss: man, man, medium skin tone, dark skin tone	People & Body	family	E13.1	fully-qualified
1F468 1F3FE 200D 2764 FE0F 200D 1F48B 200D 1F468 1F3FB	kiss: man, man, medium-dark skin tone, light skin tone	People & Body	family	E13.1	fully-qualified
1F468 1F3FE 200D 2764 FE0F 200D 1F48B 200D 1F468 1F3FC	kiss: man, man, medium-dark skin tone, medium-light skin tone	People & Body	family	E13.1	fully-qualified
1F468 1F3FE 200D 2764 FE0F 200D 1F48B 200D 1F468 1F3FD	kiss: man, man, medium-dark skin tone, medium skin tone	People & Body	family	E13.1	fully-qualified
1F468 1F3FE 200D 2764 FE0F 200D 1F48B 200D 1F468 1F3FE	kiss: man, man, medium-dark skin tone	People & Body	family	E13.1	fully-qualified
1F468 1F3FE 200D 2764 FE0F 200D 1F48B 200D 1F468 1F3FF	kiss: man, man, medium-dark skin tone, dark skin tone	People & Body	family	E13.1	fully-qualified
1F468 1F3FF 200D 2764 FE0F 200D 1F48B 200D 1F468 1F3FB	kiss: man, man, dark skin tone, light skin tone	People & Body	family	E13.1	fully-qualified
1F468 1F3FF 200D 2764 FE0F 200D 1F48B 200D 1F468 1F3FC	kiss: man, man, dark skin tone, medium-light skin tone	People & Body	family	E13.1	fully-qualified
1F468 1F3FF 200D 2764 FE0F 200D 1F48B 200D 1F468 1F3FD	kiss: man, man, dark skin tone, medium skin tone	People & Body	family	E13.1	fully-qualified
1F468 1F3FF 200D 2764 FE0F 200D 1F48B 200D 1F468 1F3FE	kiss: man, man, dark skin tone, medium-dark skin tone	People & Body	family	E13.1	fully-qualified
1F468 1F3FF 200D 2764 FE0F 200D 1F48B 200D 1F468 1F3FF	kiss: man, man, dark skin tone	People & Body	family	E13.1	fully-qualified
1F469 200D 2764 FE0F 200D 1F48B 200D 1F469	kiss: woman, woman	People & Body	family	E2.0	fully-qualified
1F469 1F3FB 200D 2764 FE0F 200D 1F48B 200D 1F469 1F3FB	kiss: woman, woman, light skin tone	People & Body	family	E13.1	fully-qualified
1F469 1F3FB 200D 2764 FE0F 200D 1F48B 200D 1F469 1F3FC	kiss: woman, woman, light skin tone, medium-light skin tone	People & Body	family	E13.1	fully-qualified
1F469 1F3FB 200D 2764 FE0F 200D 1F48B 200D 1F469 1F3FD	kiss: woman, woman, light skin tone, medium skin tone	People & Body	family	E13.1	fully-qualified
1F469 1F3FB 200D 2764 FE0F 200D 1F48B 200D 1F469 1F3FE	kiss: woman, woman, light skin tone, medium-dark skin tone	People & Body	family	E13.1	fully-qualified
1F469 1F3FB 200D 2764 FE0F 200D 1F48B 200D 1F469 1F3FF	kiss: woman, woman, light skin tone, dark skin tone	People & Body	family	E13.1	fully-qualified
1F469 1F3FC 200D 2764 FE0F 200D 1F48B 200D 1F469 1F3FB	kiss: woman, woman, medium-light skin tone, light skin tone	People & Body	family	E13.1	fully-qualified
1F469 1F3FC 200D 2764 FE0F 200D 1F48B 200D 1F469 1F3FC	kiss: woman, woman, medium-light skin tone	People & Body	family	E13.1	fully-qualified
1F469 1F3FC 200D 2764 FE0F 200D 1F48B 200D 1F469 1F3FD	kiss: woman, woman, medium-light skin tone, medium skin tone	People & Body	family	E13.1	fully-qualified
1F469 1F3FC 200D 2764 FE0F 200D 1F48B 200D 1F469 1F3FE	kiss: woman, woman, medium-light skin tone, medium-dark skin tone	People & Body	family	E13.1	fully-qualified
1F469 1F3FC 200D 2764 FE0F 200D 1F48B 200D 1F469 1F3FF	kiss: woman, woman, medium-light skin tone, dark skin tone	People & Body	family	E13.1	fully-qualified
1F469 1F3FD 200D 2764 FE0F 200D 1F48B 200D 1F469 1F3FB	kiss: woman, woman, medium skin tone, light skin tone	People & Body	family	E13.1	fully-qualified
1F469 1F3FD 200D 2764 FE0F 200D 1F48B 200D 1F469 1F3FC	kiss: woman, woman, medium skin tone, medium-light skin tone	People & Body	family	E13.1	fully-qualified
1F469 1F3FD 200D 2764 FE0F 200D 1F48B 200D 1F469 1F3FD	kiss: woman, woman, medium skin tone	People & Body	family	E13.1	fully-qualified
1F469 1F3FD 200D 2764 FE0F 200D 1F48B 200D 1F469 1F3FE	kiss: woman, woman, medium skin tone, medium-dark skin tone	People & Body	family	E13.1	fully-qualified
1F469 1F3FD 200D 2764 FE0F 200D 1F48B 200D 1F469 1F3FF	kiss: woman, woman, medium skin tone, dark skin tone	People & Body	family	E13.1	fully-qualified
1F469 1F3FE 200D 2764 FE0F 200D 1F48B 200D 1F469 1F3FB	kiss: woman, woman, medium-dark skin tone, light skin tone	People & Body	family	E13.1	fully-qualified
1F469 1F3FE 200D 2764 FE0F 200D 1F48B 200D 1F469 1F3FC	kiss: woman, woman, medium-dark skin tone, medium-light skin tone	People & Body	family	E13.1	fully-qualified
1F469 1F3FE 200D 2764 FE0F 200D 1F48B 200D 1F469 1F3FD	kiss: woman, woman, medium-dark skin tone, medium skin tone	People & Body	family	E13.1	fully-qualified
1F469 1F3FE 200D 2764 FE0F 200D 1F48B 200D 1F469 1F3FE	kiss: woman, woman, medium-dark skin tone	People & Body	family	E13.1	fully-qualified
1F469 1F3FE 200D 2764 FE0F 200D 1F48B 200D 1F469 1F3FF	kiss: woman, woman, medium-dark skin tone, dark skin tone	People & Body	family	E13.1	fully-qualified
1F469 1F3FF 200D 2764 FE0F 200D 1F48B 200D 1F469 1F3FB	kiss: woman, woman, dark skin tone, light skin tone	People & Body	family	E13.1	fully-qualified
1F469 1F3FF 200D 2764 FE0F 200D 1F48B 200D 1F469 1F3FC	kiss: woman, woman, dark skin tone, medium-light skin tone	People & Body	family	E13.1	fully-qualified
1F469 1F3FF 200D 2764 FE0F 200D 1F48B 200D 1F469 1F3FD	kiss: woman, woman, dark skin tone, medium skin tone	People & Body	family	E13.1	fully-qualified
1F469 1F3FF 200D 2764 FE0F 200D 1F48B 200D 1F469 1F3FE	kiss: woman, woman, dark skin tone, medium-dark skin tone	People & Body	family	E13.1	fully-qualified
1F469 1F3FF 200D 2764 FE0F 200D 1F48B 200D 1F469 1F3FF	kiss: woman, woman, dark skin tone	People & Body	family	E13.1	fully-qualified
1F491	couple with heart	People & Body	family	E0.6	fully-qualified
1F491 1F3FB	couple with heart: light skin tone	People & Body	family	E13.1	fully-qualified
1F491 1F3FC	couple with heart: medium-light skin tone	People & Body	family	E13.1	fully-qualified
1F491 1F3FD	couple with heart: medium skin tone	People & Body	family	E13.1	fully-qualified
1F491 1F3FE	couple with heart: medium-dark skin tone	People & Body	family	E13.1	fully-qualified
1F491 1F3FF	couple with heart: dark skin tone	People & Body	family	E13.1	fully-qualified
1F9D1 1F3FB 200D 2764 FE0F 200D 1F9D1 1F3FC	couple with heart: person, person, light skin tone, medium-light skin tone	People & Body	family	E13.1	fully-qualified
1F9D1 1F3FB 200D 2764 FE0F 200D 1F9D1 1F3FD	couple with heart: person, person, light skin tone, medium skin tone	People & Body	family	E13.1	fully-qualified
1F9D1 1F3FB 200D 2764 FE0F 200D 1F9D1 1F3FE	couple with heart: person, person, light skin tone, medium-dark skin tone	People & Body	family	E13.1	fully-qualified
1F9D1 1F3FB 200D 2764 FE0F 200D 1F9D1 1F3FF	couple with heart: person, person, light skin tone, dark skin tone	People & Body	family	E13.1	fully-qualified
1F9D1 1F3FC 200D 2764 FE0F 200D 1F9D1 1F3FB	couple with heart: person, person, medium-light skin tone, light skin tone	People & Body	family	E13.1	fully-qualified
1F9D1 1F3FC 200D 2764 FE0F 200D 1F9D1 1F3FD	couple with heart: person, person, medium-light skin tone, medium skin tone	People & Body	family	E13.1	fully-qualified
1F9D1 1F3FC 200D 2764 FE0F 200D 1F9D1 1F3FE	couple with heart: person, person, medium-light skin tone, medium-dark skin tone	People & Body	family	E13.1	fully-qualified
1F9D1 1F3FC 200D 2764 FE0F 200D 1F9D1 1F3FF	couple with heart: person, person, medium-light skin tone, dark skin tone	People & Body	family	E13.1	fully-qualified
1F9D1 1F3FD 200D 2764 FE0F 200D 1F9D1 1F3FB	couple with heart: person, person, medium skin tone, light skin tone	People & Body	family	E13.1	fully-qualified
1F9D1 1F3FD 200D 2764 FE0F 200D 1F9D1 1F3FC	couple with heart: person, person, medium skin tone, medium-light skin tone	People & Body	family	E13.1	fully-qualified
1F9D1 1F3FD 200D 2764 FE0F 200D 1F9D1 1F3FE	couple with heart: person, person, medium skin tone, medium-dark skin tone	People & Body	family	E13.1	fully-qualified
1F9D1 1F3FD 200D 2764 FE0F 200D 1F9D1 1F3FF	couple with heart: person, person, medium skin tone, dark skin tone	People & Body	family	E13.1	fully-qualified
1F9D1 1F3FE 200D 2764 FE0F 200D 1F9D1 1F3FB	couple with heart: person, person, medium-dark skin tone, light skin tone	People & Body	family	E13.1	fully-qualified
1F9D1 1F3FE 200D 2764 FE0F 200D 1F9D1 1F3FC	couple with heart: person, person, medium-dark skin tone, medium-light skin tone	People & Body	family	E13.1	fully-qualified
1F9D1 1F3FE 200D 2764 FE0F 200D 1F9D1 1F3FD	couple with heart: person, person, medium-dark skin tone, medium skin tone	People & Body	family	E13.1	fully-qualified
1F9D1 1F3FE 200D 2764 FE0F 200D 1F9D1 1F3FF	couple with heart: person, person, medium-dark skin tone, dark skin tone	People & Body	family	E13.1	fully-qualified
1F9D1 1F3FF 200D 2764 FE0F 200D 1F9D1 1F3FB	couple with heart: person, person, dark skin tone, light skin tone	People & Body	family	E13.1	fully-qualified
1F9D1 1F3FF 200D 2764 FE0F 200D 1F9D1 1F3FC	couple with heart: person, person, dark skin tone, medium-light skin tone	People & Body	family	E13.1	fully-qualified
1F9D1 1F3FF 200D 2764 FE0F 200D 1F9D1 1F3FD	couple with heart: person, person, dark skin tone, medium skin tone	People & Body	family	E13.1	fully-qualified
1F9D1 1F3FF 200D 2764 FE0F 200D 1F9D1 1F3FE	couple with heart: person, person, dark skin tone, medium-dark skin tone	People & Body	family	E13.1	fully-qualified
1F469 200D 2764 FE0F 200D 1F468	couple with heart: woman, man	People & Body	family	E2.0	fully-qualified
1F469 1F3FB 200D 2764 FE0F 200D 1F468 1F3FB	couple with heart: woman, man, light skin tone	People & Body	family	E13.1	fully-qualified
1F469 1F3FB 200D 2764 FE0F 200D 1F468 1F3FC	couple with heart: woman, man, light skin tone, medium-light skin tone	People & Body	family	E13.1	fully-qualified
1F469 1F3FB 200D 2764 FE0F 200D 1F468 1F3FD	couple with heart: woman, man, light skin tone, medium skin tone	People & Body	family	E13.1	fully-qualified
1F469 1F3FB 200D 2764 FE0F 200D 1F468 1F3FE	couple with heart: woman, man, light skin tone, medium-dark skin tone	People & Body	family	E13.1	fully-qualified
1F469 1F3FB 200D 2764 FE0F 200D 1F468 1F3FF	couple with heart: woman, man, light skin tone, dark skin tone	People & Body	family	E13.1	fully-qualified
1F469 1F3FC 200D 2764 FE0F 200D 1F468 1F3FB	couple with heart: woman, man, medium-light skin tone, light skin tone	People & Body	family	E13.1	fully-qualified
1F469 1F3FC 200D 2764 FE0F 200D 1F468 1F3FC	couple with heart: woman, man, medium-light skin tone	People & Body	family	E13.1	fully-qualified
1F469 1F3FC 200D 2764 FE0F 200D 1F468 1F3FD	couple with heart: woman, man, medium-light skin tone, medium skin tone	People & Body	family	E13.1	fully-qualified
1F469 1F3FC 200D 2764 FE0F 200D 1F468 1F3FE	couple with heart: woman, man, medium-light skin tone, medium-dark skin tone	People & Body	family	E13.1	fully-qualified
1F469 1F3FC 200D 2764 FE0F 200D 1F468 1F3FF	couple with heart: woman, man, medium-light skin tone, dark skin tone	People & Body	family	E13.1	fully-qualified
1F469 1F3FD 200D 2764 FE0F 200D 1F468 1F3FB	couple with heart: woman, man, medium skin tone, light skin tone	People & Body	family	E13.1	fully-qualified
1F469 1F3FD 200D 2764 FE0F 200D 1F468 1F3FC	couple with heart: woman, man, medium skin tone, medium-light skin tone	People & Body	family	E13.1	fully-qualified
1F469 1F3FD 200D 2764 FE0F 200D 1F468 1F3FD	couple with heart: woman, man, medium skin tone	People & Body	family	E13.1	fully-qualified
1F469 1F3FD 200D 2764 FE0F 200D 1F468 1F3FE	couple with heart: woman, man, medium skin tone, medium-dark skin tone	People & Body	family	E13.1	fully-qualified
1F469 1F3FD 200D 2764 FE0F 200D 1F468 1F3FF	couple with heart: woman, man, medium skin tone, dark skin tone	People & Body	family	E13.1	fully-qualified
1F469 1F3FE 200D 2764 FE0F 200D 1F468 1F3FB	couple with heart: woman, man, medium-dark skin tone, light skin tone	People & Body	family	E13.1	fully-qualified
1F469 1F3FE 200D 2764 FE0F 200D 1F468 1F3FC	couple with heart: woman, man, medium-dark skin tone, medium-light skin tone	People & Body	family	E13.1	fully-qualified
1F469 1F3FE 200D 2764 FE0F 200D 1F468 1F3FD	couple with heart: woman, man, medium-dark skin tone, medium skin tone	People & Body	family	E13.1	fully-qualified
1F469 1F3FE 200D 2764 FE0F 200D 1F468 1F3FE	couple with heart: woman, man, medium-dark skin tone	People & Body	family	E13.1	fully-qualified
1F469 1F3FE 200D 2764 FE0F 200D 1F468 1F3FF	couple with heart: woman, man, medium-dark skin tone, dark skin tone	People & Body	family	E13.1	fully-qualified
1F469 1F3FF 200D 2764 FE0F 200D 1F468 1F3FB	couple with heart: woman, man, dark skin tone, light skin tone	People & Body	family	E13.1	fully-qualified
1F469 1F3FF 200D 2764 FE0F 200D 1F468 1F3FC	couple with heart: woman, man, dark skin tone, medium-light skin tone	People & Body	family	E13.1	fully-qualified
1F469 1F3FF 200D 2764 FE0F 200D 1F468 1F3FD	couple with heart: woman, man, dark skin tone, medium skin tone	People & Body	family	E13.1	fully-qualified
1F469 1F3FF 200D 2764 FE0F 200D 1F468 1F3FE	couple with heart: woman, man, dark skin tone, medium-dark skin tone	People & Body	family	E13.1	fully-qualified
1F469 1F3FF 200D 2764 FE0F 200D 1F468 1F3FF	couple with heart: woman, man, dark skin tone	People & Body	family	E13.1	fully-qualified
1F468 200D 2764 FE0F 200D 1F468	couple with heart: man, man	People & Body	family	E2.0	fully-qualified
1F468 1F3FB 200D 2764 FE0F 200D 1F468 1F3FB	couple with heart: man, man, light skin tone	People & Body	family	E13.1	fully-qualified
1F468 1F3FB 200D 2764 FE0F 200D 1F468 1F3FC	couple with heart: man, man, light skin tone, medium-light skin tone	People & Body	family	E13.1	fully-qualified
1F468 1F3FB 200D 2764 FE0F 200D 1F468 1F3FD	couple with heart: man, man, light skin tone, medium skin tone	People & Body	family	E13.1	fully-qualified
1F468 1F3FB 200D 2764 FE0F 200D 1F468 1F3FE	couple with heart: man, man, light skin tone, medium-dark skin tone	People & Body	family	E13.1	fully-qualified
1F468 1F3FB 200D 2764 FE0F 200D 1F468 1F3FF	couple with heart: man, man, light skin tone, dark skin tone	People & Body	family	E13.1	fully-qualified
1F468 1F3FC 200D 2764 FE0F 200D 1F468 1F3FB	couple with heart: man, man, medium-light skin tone, light skin tone	People & Body	family	E13.1	fully-qualified
1F468 1F3FC 200D 2764 FE0F 200D 1F468 1F3FC	couple with heart: man, man, medium-light skin tone	People & Body	family	E13.1	fully-qualified
1F468 1F3FC 200D 2764 FE0F 200D 1F468 1F3FD	couple with heart: man, man, medium-light skin tone, medium skin tone	People & Body	family	E13.1	fully-qualified
1F468 1F3FC 200D 2764 FE0F 200D 1F468 1F3FE	couple with heart: man, man, medium-light skin tone, medium-dark skin tone	People & Body	family	E13.1	fully-qualified
1F468 1F3FC 200D 2764 FE0F 200D 1F468 1F3FF	couple with heart: man, man, medium-light skin tone, dark skin tone	People & Body	family	E13.1	fully-qualified
1F468 1F3FD 200D 2764 FE0F 200D 1F468 1F3FB	couple with heart: man, man, medium skin tone, light skin tone	People & Body	family	E13.1	fully-qualified
1F468 1F3FD 200D 2764 FE0F 200D 1F468 1F3FC	couple with heart: man, man, medium skin tone, medium-light skin tone	People & Body	family	E13.1	fully-qualified
1F468 1F3FD 200D 2764 FE0F 200D 1F468 1F3FD	couple with heart: man, man, medium skin tone	People & Body	family	E13.1	fully-qualified
1F468 1F3FD 200D 2764 FE0F 200D 1F468 1F3FE	couple with heart: man, man, medium skin tone, medium-dark skin tone	People & Body	family	E13.1	fully-qualified
1F468 1F3FD 200D 2764 FE0F 200D 1F468 1F3FF	couple with heart: man, man, medium skin tone, dark skin tone	People & Body	family	E13.1	fully-qualified
1F468 1F3FE 200D 2764 FE0F 200D 1F468 1F3FB	couple with heart: man, man, medium-dark skin tone, light skin tone	People & Body	family	E13.1	fully-qualified
1F468 1F3FE 200D 2764 FE0F 200D 1F468 1F3FC	couple with heart: man, man, medium-dark skin tone, medium-light skin tone	People & Body	family	E13.1	fully-qualified
1F468 1F3FE 200D 2764 FE0F 200D 1F468 1F3FD	couple with heart: man, man, medium-dark skin tone, medium skin tone	People & Body	family	E13.1	fully-qualified
1F468 1F3FE 200D 2764 FE0F 200D 1F468 1F3FE	couple with heart: man, man, medium-dark skin tone	People & Body	family	E13.1	fully-qualified
1F468 1F3FE 200D 2764 FE0F 200D 1F468 1F3FF	couple with heart: man, man, medium-dark skin tone, dark skin tone	People & Body	family	E13.1	fully-qualified
1F468 1F3FF 200D 2764 FE0F 200D 1F468 1F3FB	couple with heart: man, man, dark skin tone, light skin tone	People & Body	family	E13.1	fully-qualified
1F468 1F3FF 200D 2764 FE0F 200D 1F468 1F3FC	couple with heart: man, man, dark skin tone, medium-light skin tone	People & Body	family	E13.1	fully-qualified
1F468 1F3FF 200D 2764 FE0F 200D 1F468 1F3FD	couple with heart: man, man, dark skin tone, medium skin tone	People & Body	family	E13.1	fully-qualified
1F468 1F3FF 200D 2764 FE0F 200D 1F468 1F3FE	couple with heart: man, man, dark skin tone, medium-dark skin tone	People & Body	family	E13.1	fully-qualified
1F468 1F3FF 200D 2764 FE0F 200D 1F468 1F3FF	couple with heart: man, man, dark skin tone	People & Body	family	E13.1	fully-qualified
1F469 200D 2764 FE0F 200D 1F469	couple with heart: woman, woman	People & Body	family	E2.0	fully-qualified
1F469 1F3FB 200D 2764 FE0F 200D 1F469 1F3FB	couple with heart: woman, woman, light skin tone	People & Body	family	E13.1	fully-qualified
1F469 1F3FB 200D 2764 FE0F 200D 1F469 1F3FC	couple with heart: woman, woman, light skin tone, medium-light skin tone	People & Body	family	E13.1	fully-qualified
1F469 1F3FB 200D 2764 FE0F 200D 1F469 1F3FD	couple with heart: woman, woman, light skin tone, medium skin tone	People & Body	family	E13.1	fully-qualified
1F469 1F3FB 200D 2764 FE0F 200D 1F469 1F3FE	couple with heart: woman, woman, light skin tone, medium-dark skin tone	People & Body	family	E13.1	fully-qualified
1F469 1F3FB 200D 2764 FE0F 200D 1F469 1F3FF	couple with heart: woman, woman, light skin tone, dark skin tone	People & Body	family	E13.1	fully-qualified
1F469 1F3FC 200D 2764 FE0F 200D 1F469 1F3FB	couple with heart: woman, woman, medium-light skin tone, light skin tone	People & Body	family	E13.1	fully-qualified
1F469 1F3FC 200D 2764 FE0F 200D 1F469 1F3FC	couple with heart: woman, woman, medium-light skin tone	People & Body	family	E13.1	fully-qualified
1F469 1F3FC 200D 2764 FE0F 200D 1F469 1F3FD	couple with heart: woman, woman, medium-light skin tone, medium skin tone	People & Body	family	E13.1	fully-qualified
1F469 1F3FC 200D 2764 FE0F 200D 1F469 1F3FE	couple with heart: woman, woman, medium-light skin tone, medium-dark skin tone	People & Body	family	E13.1	fully-qualified
1F469 1F3FC 200D 2764 FE0F 200D 1F469 1F3FF	couple with heart: woman, woman, medium-light skin tone, dark skin tone	People & Body	family	E13.1	fully-qualified
1F469 1F3FD 200D 2764 FE0F 200D 1F469 1F3FB	couple with heart: woman, woman, medium skin tone, light skin tone	People & Body	family	E13.1	fully-qualified
1F469 1F3FD 200D 2764 FE0F 200D 1F469 1F3FC	couple with heart: woman, woman, medium skin tone, medium-light skin tone	People & Body	family	E13.1	fully-qualified
1F469 1F3FD 200D 2764 FE0F 200D 1F469 1F3FD	couple with heart: woman, woman, medium skin tone	People & Body	family	E13.1	fully-qualified
1F469 1F3FD 200D 2764 FE0F 200D 1F469 1F3FE	couple with heart: woman, woman, medium skin tone, medium-dark skin tone	People & Body	family	E13.1	fully-qualified
1F469 1F3FD 200D 2764 FE0F 200D 1F469 1F3FF	couple with heart: woman, woman, medium skin tone, dark skin tone	People & Body	family	E13.1	fully-qualified
1F469 1F3FE 200D 2764 FE0F 200D 1F469 1F3FB	couple with heart: woman, woman, medium-dark skin tone, light skin tone	People & Body	family	E13.1	fully-qualified
1F469 1F3FE 200D 2764 FE0F 200D 1F469 1F3FC	couple with heart: woman, woman, medium-dark skin tone, medium-light skin tone	People & Body	family	E13.1	fully-qualified
1F469 1F3FE 200D 2764 FE0F 200D 1F469 1F3FD	couple with heart: woman, woman, medium-dark skin tone, medium skin tone	People & Body	family	E13.1	fully-qualified
1F469 1F3FE 200D 2764 FE0F 200D 1F469 1F3FE	couple with heart: woman, woman, medium-dark skin tone	People & Body	family	E13.1	fully-qualified
1F469 1F3FE 200D 2764 FE0F 200D 1F469 1F3FF	couple with heart: woman, woman, medium-dark skin tone, dark skin tone	People & Body	family	E13.1	fully-qualified
1F469 1F3FF 200D 2764 FE0F 200D 1F469 1F3FB	couple with heart: woman, woman, dark skin tone, light skin tone	People & Body	family	E13.1	fully-qualified
1F469 1F3FF 200D 2764 FE0F 200D 1F469 1F3FC	couple with heart: woman, woman, dark skin tone, medium-light skin tone	People & Body	family	E13.1	fully-qualified
1F469 1F3FF 200D 2764 FE0F 200D 1F469 1F3FD	couple with heart: woman, woman, dark skin tone, medium skin tone	People & Body	family	E13.1	fully-qualified
1F469 1F3FF 200D 2764 FE0F 200D 1F469 1F3FE	couple with heart: woman, woman, dark skin tone, medium-dark skin tone	People & Body	family	E13.1	fully-qualified
1F469 1F3FF 200D 2764 FE0F 200D 1F469 1F3FF	couple with heart: woman, woman, dark skin tone	People & Body	family	E13.1	fully-qualified
1F468 200D 1F469 200D 1F466	family: man, woman, boy	People & Body	family	E2.0	fully-qualified
1F468 200D 1F469 200D 1F467	family: man, woman, girl	People & Body	family	E2.0	fully-qualified
1F468 200D 1F469 200D 1F467 200D 1F466	family: man, woman, girl, boy	People & Body	family	E2.0	fully-qualified
1F468 200D 1F469 200D 1F466 200D 1F466	family: man, woman, boy, boy	People & Body	family	E2.0	fully-qualified
1F468 200D 1F469 200D 1F467 200D 1F467	family: man, woman, girl, girl	People & Body	family	E2.0	fully-qualified
1F468 200D 1F468 200D 1F466	family: man, man, boy	People & Body	family	E2.0	fully-qualified
1F468 200D 1F468 200D 1F467	family: man, man, girl	People & Body	family	E2.0	fully-qualified
1F468 200D 1F468 200D 1F467 200D 1F466	family: man, man, girl, boy	People & Body	family	E2.0	fully-qualified
1F468 200D 1F468 200D 1F466 200D 1F466	family: man, man, boy, boy	People & Body	family	E2.0	fully-qualified
1F468 200D 1F468 200D 1F467 200D 1F467	family: man, man, girl, girl	People & Body	family	E2.0	fully-qualified
1F469 200D 1F469 200D 1F466	family: woman, woman, boy	People & Body	family	E2.0	fully-qualified
1F469 200D 1F469 200D 1F467	family: woman, woman, girl	People & Body	family	E2.0	fully-qualified
1F469 200D 1F469 200D 1F467 200D 1F466	family: woman, woman, girl, boy	People & Body	family	E2.0	fully-qualified
1F469 200D 1F469 200D 1F466 200D 1F466	family: woman, woman, boy, boy	People & Body	family	E2.0	fully-qualified
1F469 200D 1F469 200D 1F467 200D 1F467	family: woman, woman, girl, girl	People & Body	family	E2.0	fully-qualified
1F468 200D 1F466	family: man, boy	People & Body	family	E4.0	fully-qualified
1F468 200D 1F466 200D 1F466	family: man, boy, boy	People & Body	family	E4.0	fully-qualified
1F468 200D 1F467	family: man, girl	People & Body	family	E4.0	fully-qualified
1F468 200D 1F467 200D 1F466	family: man, girl, boy	People & Body	family	E4.0	fully-qualified
1F468 200D 1F467 200D 1F467	family: man, girl, girl	People & Body	family	E4.0	fully-qualified
1F469 200D 1F466	family: woman, boy	People & Body	family	E4.0	fully-qualified
1F469 200D 1F466 200D 1F466	family: woman, boy, boy	People & Body	family	E4.0	fully-qualified
1F469 200D 1F467	family: woman, girl	People & Body	family	E4.0	fully-qualified
1F469 200D 1F467 200D 1F466	family: woman, girl, boy	People & Body	family	E4.0	fully-qualified
1F469 200D 1F467 200D 1F467	family: woman, girl, girl	People & Body	family	E4.0	fully-qualified
1F5E3 FE0F	speaking head	People & Body	person-symbol	E0.7	fully-qualified
1F464	bust in silhouette	People & Body	person-symbol	E0.6	fully-qualified
1F465	busts in silhouette	People & Body	person-symbol	E1.0	fully-qualified
1FAC2	people hugging	People & Body	person-symbol	E13.0	fully-qualified
1F46A	family	People & Body	person-symbol	E0.6	fully-qualified
1F9D1 200D 1F9D1 200D 1F9D2	family: adult, adult, child	People & Body	person-symbol	E15.1	fully-qualified
1F9D1 200D 1F9D1 200D 1F9D2 200D 1F9D2	family: adult, adult, child, child	People & Body	person-symbol	E15.1	fully-qualified
1F9D1 200D 1F9D2	family: adult, child	People & Body	person-symbol	E15.1	fully-qualified
1F9D1 200D 1F9D2 200D 1F9D2	family: adult, child, child	People & Body	person-symbol	E15.1	fully-qualified
1F463	footprints	People & Body	person-symbol	E0.6	fully-qualified
1FAC6	fingerprint	People & Body	person-symbol	E16.0	fully-qualified
1F3FB	light skin tone	Component	skin-tone	E1.0	component
1F3FC	medium-light skin tone	Component	skin-tone	E1.0	component
1F3FD	medium skin tone	Component	skin-tone	E1.0	component
1F3FE	medium-dark skin tone	Component	skin-tone	E1.0	component
1F3FF	dark skin tone	Component	skin-tone	E1.0	component
1F9B0	red hair	Component	hair-style	E11.0	component
1F9B1	curly hair	Component	hair-style	E11.0	component
1F9B3	white hair	Component	hair-style	E11.0	component
1F9B2	bald	Component	hair-style	E11.0	component
1F435	monkey face	Animals & Nature	animal-mammal	E0.6	fully-qualified
1F412	monkey	Animals & Nature	animal-mammal	E0.6	fully-qualified
1F98D	gorilla	Animals & Nature	animal-mammal	E3.0	fully-qualified
1F9A7	orangutan	Animals & Nature	animal-mammal	E12.0	fully-qualified
1F436	dog face	Animals & Nature	animal-mammal	E0.6	fully-qualified
1F415	dog	Animals & Nature	animal-mammal	E0.7	fully-qualified
1F9AE	guide dog	Animals & Nature	animal-mammal	E12.0	fully-qualified
1F415 200D 1F9BA	service dog	Animals & Nature	animal-mammal	E12.0	fully-qualified
1F429	poodle	Animals & Nature	animal-mammal	E0.6	fully-qualified
1F43A	wolf	Animals & Nature	animal-mammal	E0.6	fully-qualified
1F98A	fox	Animals & Nature	animal-mammal	E3.0	fully-qualified
1F99D	raccoon	Animals & Nature	animal-mammal	E11.0	fully-qualified
1F431	cat face	Animals & Nature	animal-mammal	E0.6	fully-qualified
1F408	cat	Animals & Nature	animal-mammal	E0.7	fully-qualified
1F408 200D 2B1B	black cat	Animals & Nature	animal-mammal	E13.0	fully-qualified
1F981	lion	Animals & Nature	animal-mammal	E1.0	fully-qualified
1F42F	tiger face	Animals & Nature	animal-mammal	E0.6	fully-qualified
1F405	tiger	Animals & Nature	animal-mammal	E1.0	fully-qualified
1F406	leopard	Animals & Nature	animal-mammal	E1.0	fully-qualified
1F434	horse face	Animals & Nature	animal-mammal	E0.6	fully-qualified
1FACE	moose	Animals & Nature	animal-mammal	E15.0	fully-qualified
1FACF	donkey	Animals & Nature	animal-mammal	E15.0	fully-qualified
1F40E	horse	Animals & Nature	animal-mammal	E0.6	fully-qualified
1F984	unicorn	Animals & Nature	animal-mammal	E1.0	fully-qualified
1F993	zebra	Animals & Nature	animal-mammal	E5.0	fully-qualified
1F98C	deer	Animals & Nature	animal-mammal	E3.0	fully-qualified
1F9AC	bison	Animals & Nature	animal-mammal	E13.0	fully-qualified
1F42E	cow face	Animals & Nature	animal-mammal	E0.6	fully-qualified
1F402	ox	Animals & Nature	animal-mammal	E1.0	fully-qualified
1F403	water buffalo	Animals & Nature	animal-mammal	E1.0	fully-qualified
1F404	cow	Animals & Nature	animal-mammal	E1.0	fully-qualified
1F437	pig face	Animals & Nature	animal-mammal	E0.6	fully-qualified
1F416	pig	Animals & Nature	animal-mammal	E1.0	fully-qualified
1F417	boar	Animals & Nature	animal-mammal	E0.6	fully-qualified
1F43D	pig nose	Animals & Nature	animal-mammal	E0.6	fully-qualified
1F40F	ram	Animals & Nature	animal-mammal	E1.0	fully-qualified
1F411	ewe	Animals & Nature	animal-mammal	E0.6	fully-qualified
1F410	goat	Animals & Nature	animal-mammal	E1.0	fully-qualified
1F42A	camel	Animals & Nature	animal-mammal	E1.0	fully-qualified
1F42B	two-hump camel	Animals & Nature	animal-mammal	E0.6	fully-qualified
1F999	llama	Animals & Nature	animal-mammal	E11.0	fully-qualified
1F992	giraffe	Animals & Nature	animal-mammal	E5.0	fully-qualified
1F418	elephant	Animals & Nature	animal-mammal	E0.6	fully-qualified
1F9A3	mammoth	Animals & Nature	animal-mammal	E13.0	fully-qualified
1F98F	rhinoceros	Animals & Nature	animal-mammal	E3.0	fully-qualified
1F99B	hippopotamus	Animals & Nature	animal-mammal	E11.0	fully-qualified
1F42D	mouse face	Animals & Nature	animal-mammal	E0.6	fully-qualified
1F401	mouse	Animals & Nature	animal-mammal	E1.0	fully-qualified
1F400	rat	Animals & Nature	animal-mammal	E1.0	fully-qualified
1F439	hamster	Animals & Nature	animal-mammal	E0.6	fully-qualified
1F430	rabbit face	Animals & Nature	animal-mammal	E0.6	fully-qualified
1F407	rabbit	Animals & Nature	animal-mammal	E1.0	fully-qualified
1F43F FE0F	chipmunk	Animals & Nature	animal-mammal	E0.7	fully-qualified
1F9AB	beaver	Animals & Nature	animal-mammal	E13.0	fully-qualified
1F994	hedgehog	Animals & Nature	animal-mammal	E5.0	fully-qualified
1F987	bat	Animals & Nature	animal-mammal	E3.0	fully-qualified
1F43B	bear	Animals & Nature	animal-mammal	E0.6	fully-qualified
1F43B 200D 2744 FE0F	polar bear	Animals & Nature	animal-mammal	E13.0	fully-qualified
1F428	koala	Animals & Nature	animal-mammal	E0.6	fully-qualified
1F43C	panda	Animals & Nature	animal-mammal	E0.6	fully-qualified
1F9A5	sloth	Animals & Nature	animal-mammal	E12.0	fully-qualified
1F9A6	otter	Animals & Nature	animal-mammal	E12.0	fully-qualified
1F9A8	skunk	Animals & Nature	animal-mammal	E12.0	fully-qualified
1F998	kangaroo	Animals & Nature	animal-mammal	E11.0	fully-qualified
1F9A1	badger	Animals & Nature	animal-mammal	E11.0	fully-qualified
1F43E	paw prints	Animals & Nature	animal-mammal	E0.6	fully-qualified
1F983	turkey	Animals & Nature	animal-bird	E1.0	fully-qualified
1F414	chicken	Animals & Nature	animal-bird	E0.6	fully-qualified
1F413	rooster	Animals & Nature	animal-bird	E1.0	fully-qualified
1F423	hatching chick	Animals & Nature	animal-bird	E0.6	fully-qualified
1F424	baby chick	Animals & Nature	animal-bird	E0.6	fully-qualified
1F425	front-facing baby chick	Animals & Nature	animal-bird	E0.6	fully-qualified
1F426	bird	Animals & Nature	animal-bird	E0.6	fully-qualified
1F427	penguin	Animals & Nature	animal-bird	E0.6	fully-qualified
1F54A FE0F	dove	Animals & Nature	animal-bird	E0.7	fully-qualified
1F985	eagle	Animals & Nature	animal-bird	E3.0	fully-qualified
1F986	duck	Animals & Nature	animal-bird	E3.0	fully-qualified
1F9A2	swan	Animals & Nature	animal-bird	E11.0	fully-qualified
1F989	owl	Animals & Nature	animal-bird	E3.0	fully-qualified
1F9A4	dodo	Animals & Nature	animal-bird	E13.0	fully-qualified
1FAB6	feather	Animals & Nature	animal-bird	E13.0	fully-qualified
1F9A9	flamingo	Animals & Nature	animal-bird	E12.0	fully-qualified
1F99A	peacock	Animals & Nature	animal-bird	E11.0	fully-qualified
1F99C	parrot	Animals & Nature	animal-bird	E11.0	fully-qualified
1FABD	wing	Animals & Nature	animal-bird	E15.0	fully-qualified
1F426 200D 2B1B	black bird	Animals & Nature	animal-bird	E15.0	fully-qualified
1FABF	goose	Animals & Nature	animal-bird	E15.0	fully-qualified
1F426 200D 1F525	phoenix	Animals & Nature	animal-bird	E15.1	fully-qualified
1F438	frog	Animals & Nature	animal-amphibian	E0.6	fully-qualified
1F40A	crocodile	Animals & Nature	animal-reptile	E1.0	fully-qualified
1F422	turtle	Animals & Nature	animal-reptile	E0.6	fully-qualified
1F98E	lizard	Animals & Nature	animal-reptile	E3.0	fully-qualified
1F40D	snake	Animals & Nature	animal-reptile	E0.6	fully-qualified
1F432	dragon face	Animals & Nature	animal-reptile	E0.6	fully-qualified
1F409	dragon	Animals & Nature	animal-reptile	E1.0	fully-qualified
1F995	sauropod	Animals & Nature	animal-reptile	E5.0	fully-qualified
1F996	T-Rex	Animals & Nature	animal-reptile	E5.0	fully-qualified
1F433	spouting whale	Animals & Nature	animal-marine	E0.6	fully-qualified
1F40B	whale	Animals & Nature	animal-marine	E1.0	fully-qualified
1F42C	dolphin	Animals & Nature	animal-marine	E0.6	fully-qualified
1FACD	orca	Animals & Nature	animal-marine	E17.0	fully-qualified
1F9AD	seal	Animals & Nature	animal-marine	E13.0	fully-qualified
1F41F	fish	Animals & Nature	animal-marine	E0.6	fully-qualified
1F420	tropical fish	Animals & Nature	animal-marine	E0.6	fully-qualified
1F421	blowfish	Animals & Nature	animal-marine	E0.6	fully-qualified
1F988	shark	Animals & Nature	animal-marine	E3.0	fully-qualified
1F419	octopus	Animals & Nature	animal-marine	E0.6	fully-qualified
1F41A	spiral shell	Animals & Nature	animal-marine	E0.6	fully-qualified
1FAB8	coral	Animals & Nature	animal-marine	E14.0	fully-qualified
1FABC	jellyfish	Animals & Nature	animal-marine	E15.0	fully-qualified
1F980	crab	Animals & Nature	animal-marine	E1.0	fully-qualified
1F99E	lobster	Animals & Nature	animal-marine	E11.0	fully-qualified
1F990	shrimp	Animals & Nature	animal-marine	E3.0	fully-qualified
1F991	squid	Animals & Nature	animal-marine	E3.0	fully-qualified
1F9AA	oyster	Animals & Nature	animal-marine	E12.0	fully-qualified
1F40C	snail	Animals & Nature	animal-bug	E0.6	fully-qualified
1F98B	butterfly	Animals & Nature	animal-bug	E3.0	fully-qualified
1F41B	bug	Animals & Nature	animal-bug	E0.6	fully-qualified
1F41C	ant	Animals & Nature	animal-bug	E0.6	fully-qualified
1F41D	honeybee	Animals & Nature	animal-bug	E0.6	fully-qualified
1FAB2	beetle	Animals & Nature	animal-bug	E13.0	fully-qualified
1F41E	lady beetle	Animals & Nature	animal-bug	E0.6	fully-qualified
1F997	cricket	Animals & Nature	animal-bug	E5.0	fully-qualified
1FAB3	cockroach	Animals & Nature	animal-bug	E13.0	fully-qualified
1F577 FE0F	spider	Animals & Nature	animal-bug	E0.7	fully-qualified
1F578 FE0F	spider web	Animals & Nature	animal-bug	E0.7	fully-qualified
1F982	scorpion	Animals & Nature	animal-bug	E1.0	fully-qualified
1F99F	mosquito	Animals & Nature	animal-bug	E11.0	fully-qualified
1FAB0	fly	Animals & Nature	animal-bug	E13.0	fully-qualified
1FAB1	worm	Animals & Nature	animal-bug	E13.0	fully-qualified
1F9A0	microbe	Animals & Nature	animal-bug	E11.0	fully-qualified
1F490	bouquet	Animals & Nature	plant-flower	E0.6	fully-qualified
1F338	cherry blossom	Animals & Nature	plant-flower	E0.6	fully-qualified
1F4AE	white flower	Animals & Nature	plant-flower	E0.6	fully-qualified
1FAB7	lotus	Animals & Nature	plant-flower	E14.0	fully-qualified
1F3F5 FE0F	rosette	Animals & Nature	plant-flower	E0.7	fully-qualified
1F339	rose	Animals & Nature	plant-flower	E0.6	fully-qualified
1F940	wilted flower	Animals & Nature	plant-flower	E3.0	fully-qualified
1F33A	hibiscus	Animals & Nature	plant-flower	E0.6	fully-qualified
1F33B	sunflower	Animals & Nature	plant-flower	E0.6	fully-qualified
1F33C	blossom	Animals & Nature	plant-flower	E0.6	fully-qualified
1F337	tulip	Animals & Nature	plant-flower	E0.6	fully-qualified
1FABB	hyacinth	Animals & Nature	plant-flower	E15.0	fully-qualified
1F331	seedling	Animals & Nature	plant-other	E0.6	fully-qualified
1FAB4	potted plant	Animals & Nature	plant-other	E13.0	fully-qualified
1F332	evergreen tree	Animals & Nature	plant-other	E1.0	fully-qualified
1F333	deciduous tree	Animals & Nature	plant-other	E1.0	fully-qualified
1F334	palm tree	Animals & Nature	plant-other	E0.6	fully-qualified
1F335	cactus	Animals & Nature	plant-other	E0.6	fully-qualified
1F33E	sheaf of rice	Animals & Nature	plant-other	E0.6	fully-qualified
1F33F	herb	Animals & Nature	plant-other	E0.6	fully-qualified
2618 FE0F	shamrock	Animals & Nature	plant-other	E1.0	fully-qualified
1F340	four leaf clover	Animals & Nature	plant-other	E0.6	fully-qualified
1F341	maple leaf	Animals & Nature	plant-other	E0.6	fully-qualified
1F342	fallen leaf	Animals & Nature	plant-other	E0.6	fully-qualified
1F343	leaf fluttering in wind	Animals & Nature	plant-other	E0.6	fully-qualified
1FAB9	empty nest	Animals & Nature	plant-other	E14.0	fully-qualified
1FABA	nest with eggs	Animals & Nature	plant-other	E14.0	fully-qualified
1F344	mushroom	Animals & Nature	plant-other	E0.6	fully-qualified
1FABE	leafless tree	Animals & Nature	plant-other	E16.0	fully-qualified
1F347	grapes	Food & Drink	food-fruit	E0.6	fully-qualified
1F348	melon	Food & Drink	food-fruit	E0.6	fully-qualified
1F349	watermelon	Food & Drink	food-fruit	E0.6	fully-qualified
1F34A	tangerine	Food & Drink	food-fruit	E0.6	fully-qualified
1F34B	lemon	Food & Drink	food-fruit	E1.0	fully-qualified
1F34B 200D 1F7E9	lime	Food & Drink	food-fruit	E15.1	fully-qualified
1F34C	banana	Food & Drink	food-fruit	E0.6	fully-qualified
1F34D	pineapple	Food & Drink	food-fruit	E0.6	fully-qualified
1F96D	mango	Food & Drink	food-fruit	E11.0	fully-qualified
1F34E	red apple	Food & Drink	food-fruit	E0.6	fully-qualified
1F34F	green apple	Food & Drink	food-fruit	E0.6	fully-qualified
1F350	pear	Food & Drink	food-fruit	E1.0	fully-qualified
1F351	peach	Food & Drink	food-fruit	E0.6	fully-qualified
1F352	cherries	Food & Drink	food-fruit	E0.6	fully-qualified
1F353	strawberry	Food & Drink	food-fruit	E0.6	fully-qualified
1FAD0	blueberries	Food & Drink	food-fruit	E13.0	fully-qualified
1F95D	kiwi fruit	Food & Drink	food-fruit	E3.0	fully-qualified
1F345	tomato	Food & Drink	food-fruit	E0.6	fully-qualified
1FAD2	olive	Food & Drink	food-fruit	E13.0	fully-qualified
1F965	coconut	Food & Drink	food-fruit	E5.0	fully-qualified
1F951	avocado	Food & Drink	food-vegetable	E3.0	fully-qualified
1F346	eggplant	Food & Drink	food-vegetable	E0.6	fully-qualified
1F954	potato	Food & Drink	food-vegetable	E3.0	fully-qualified
1F955	carrot	Food & Drink	food-vegetable	E3.0	fully-qualified
1F33D	ear of corn	Food & Drink	food-vegetable	E0.6	fully-qualified
1F336 FE0F	hot pepper	Food & Drink	food-vegetable	E0.7	fully-qualified
1FAD1	bell pepper	Food & Drink	food-vegetable	E13.0	fully-qualified
1F952	cucumber	Food & Drink	food-vegetable	E3.0	fully-qualified
1F96C	leafy green	Food & Drink	food-vegetable	E11.0	fully-qualified
1F966	broccoli	Food & Drink	food-vegetable	E5.0	fully-qualified
1F9C4	garlic	Food & Drink	food-vegetable	E12.0	fully-qualified
1F9C5	onion	Food & Drink	food-vegetable	E12.0	fully-qualified
1F95C	peanuts	Food & Drink	food-vegetable	E3.0	fully-qualified
1FAD8	beans	Food & Drink	food-vegetable	E14.0	fully-qualified
1F330	chestnut	Food & Drink	food-vegetable	E0.6	fully-qualified
1FADA	ginger root	Food & Drink	food-vegetable	E15.0	fully-qualified
1FADB	pea pod	Food & Drink	food-vegetable	E15.0	fully-qualified
1F344 200D 1F7EB	brown mushroom	Food & Drink	food-vegetable	E15.1	fully-qualified
1FADC	root vegetable	Food & Drink	food-vegetable	E16.0	fully-qualified
1F35E	bread	Food & Drink	food-prepared	E0.6	fully-qualified
1F950	croissant	Food & Drink	food-prepared	E3.0	fully-qualified
1F956	baguette bread	Food & Drink	food-prepared	E3.0	fully-qualified
1FAD3	flatbread	Food & Drink	food-prepared	E13.0	fully-qualified
1F968	pretzel	Food & Drink	food-prepared	E5.0	fully-qualified
1F96F	bagel	Food & Drink	food-prepared	E11.0	fully-qualified
1F95E	pancakes	Food & Drink	food-prepared	E3.0	fully-qualified
1F9C7	waffle	Food & Drink	food-prepared	E12.0	fully-qualified
1F9C0	cheese wedge	Food & Drink	food-prepared	E1.0	fully-qualified
1F356	meat on bone	Food & Drink	food-prepared	E0.6	fully-qualified
1F357	poultry leg	Food & Drink	food-prepared	E0.6	fully-qualified
1F969	cut of meat	Food & Drink	food-prepared	E5.0	fully-qualified
1F953	bacon	Food & Drink	food-prepared	E3.0	fully-qualified
1F354	hamburger	Food & Drink	food-prepared	E0.6	fully-qualified
1F35F	french fries	Food & Drink	food-prepared	E0.6	fully-qualified
1F355	pizza	Food & Drink	food-prepared	E0.6	fully-qualified
1F32D	hot dog	Food & Drink	food-prepared	E1.0	fully-qualified
1F96A	sandwich	Food & Drink	food-prepared	E5.0	fully-qualified
1F32E	taco	Food & Drink	food-prepared	E1.0	fully-qualified
1F32F	burrito	Food & Drink	food-prepared	E1.0	fully-qualified
1FAD4	tamale	Food & Drink	food-prepared	E13.0	fully-qualified
1F959	stuffed flatbread	Food & Drink	food-prepared	E3.0	fully-qualified
1F9C6	falafel	Food & Drink	food-prepared	E12.0	fully-qualified
1F95A	egg	Food & Drink	food-prepared	E3.0	fully-qualified
1F373	cooking	Food & Drink	food-prepared	E0.6	fully-qualified
1F958	shallow pan of food	Food & Drink	food-prepared	E3.0	fully-qualified
1F372	pot of food	Food & Drink	food-prepared	E0.6	fully-qualified
1FAD5	fondue	Food & Drink	food-prepared	E13.0	fully-qualified
1F963	bowl with spoon	Food & Drink	food-prepared	E5.0	fully-qualified
1F957	green salad	Food & Drink	food-prepared	E3.0	fully-qualified
1F37F	popcorn	Food & Drink	food-prepared	E1.0	fully-qualified
1F9C8	butter	Food & Drink	food-prepared	E12.0	fully-qualified
1F9C2	salt	Food & Drink	food-prepared	E11.0	fully-qualified
1F96B	canned food	Food & Drink	food-prepared	E5.0	fully-qualified
1F371	bento box	Food & Drink	food-asian	E0.6	fully-qualified
1F358	rice cracker	Food & Drink	food-asian	E0.6	fully-qualified
1F359	rice ball	Food & Drink	food-asian	E0.6	fully-qualified
1F35A	cooked rice	Food & Drink	food-asian	E0.6	fully-qualified
1F35B	curry rice	Food & Drink	food-asian	E0.6	fully-qualified
1F35C	steaming bowl	Food & Drink	food-asian	E0.6	fully-qualified
1F35D	spaghetti	Food & Drink	food-asian	E0.6	fully-qualified
1F360	roasted sweet potato	Food & Drink	food-asian	E0.6	fully-qualified
1F362	oden	Food & Drink	food-asian	E0.6	fully-qualified
1F363	sushi	Food & Drink	food-asian	E0.6	fully-qualified
1F364	fried shrimp	Food & Drink	food-asian	E0.6	fully-qualified
1F365	fish cake with swirl	Food & Drink	food-asian	E0.6	fully-qualified
1F96E	moon cake	Food & Drink	food-asian	E11.0	fully-qualified
1F361	dango	Food & Drink	food-asian	E0.6	fully-qualified
1F95F	dumpling	Food & Drink	food-asian	E5.0	fully-qualified
1F960	fortune cookie	Food & Drink	food-asian	E5.0	fully-qualified
1F961	takeout box	Food & Drink	food-asian	E5.0	fully-qualified
1F366	soft ice cream	Food & Drink	food-sweet	E0.6	fully-qualified
1F367	shaved ice	Food & Drink	food-sweet	E0.6	fully-qualified
1F368	ice cream	Food & Drink	food-sweet	E0.6	fully-qualified
1F369	doughnut	Food & Drink	food-sweet	E0.6	fully-qualified
1F36A	cookie	Food & Drink	food-sweet	E0.6	fully-qualified
1F382	birthday cake	Food & Drink	food-sweet	E0.6	fully-qualified
1F370	shortcake	Food & Drink	food-sweet	E0.6	fully-qualified
1F9C1	cupcake	Food & Drink	food-sweet	E11.0	fully-qualified
1F967	pie	Food & Drink	food-sweet	E5.0	fully-qualified
1F36B	chocolate bar	Food & Drink	food-sweet	E0.6	fully-qualified
1F36C	candy	Food & Drink	food-sweet	E0.6	fully-qualified
1F36D	lollipop	Food & Drink	food-sweet	E0.6	fully-qualified
1F36E	custard	Food & Drink	food-sweet	E0.6	fully-qualified
1F36F	honey pot	Food & Drink	food-sweet	E0.6	fully-qualified
1F37C	baby bottle	Food & Drink	drink	E1.0	fully-qualified
1F95B	glass of milk	Food & Drink	drink	E3.0	fully-qualified
2615	hot beverage	Food & Drink	drink	E0.6	fully-qualified
1FAD6	teapot	Food & Drink	drink	E13.0	fully-qualified
1F375	teacup without handle	Food & Drink	drink	E0.6	fully-qualified
1F376	sake	Food & Drink	drink	E0.6	fully-qualified
1F37E	bottle with popping cork	Food & Drink	drink	E1.0	fully-qualified
1F377	wine glass	Food & Drink	drink	E0.6	fully-qualified
1F378	cocktail glass	Food & Drink	drink	E0.6	fully-qualified
1F379	tropical drink	Food & Drink	drink	E0.6	fully-qualified
1F37A	beer mug	Food & Drink	drink	E0.6	fully-qualified
1F37B	clinking beer mugs	Food & Drink	drink	E0.6	fully-qualified
1F942	clinking glasses	Food & Drink	drink	E3.0	fully-qualified
1F943	tumbler glass	Food & Drink	drink	E3.0	fully-qualified
1FAD7	pouring liquid	Food & Drink	drink	E14.0	fully-qualified
1F964	cup with straw	Food & Drink	drink	E5.0	fully-qualified
1F9CB	bubble tea	Food & Drink	drink	E13.0	fully-qualified
1F9C3	beverage box	Food & Drink	drink	E12.0	fully-qualified
1F9C9	mate	Food & Drink	drink	E12.0	fully-qualified
1F9CA	ice	Food & Drink	drink	E12.0	fully-qualified
1F962	chopsticks	Food & Drink	dishware	E5.0	fully-qualified
1F37D FE0F	fork and knife with plate	Food & Drink	dishware	E0.7	fully-qualified
1F374	fork and knife	Food & Drink	dishware	E0.6	fully-qualified
1F944	spoon	Food & Drink	dishware	E3.0	fully-qualified
1F52A	kitchen knife	Food & Drink	dishware	E0.6	fully-qualified
1FAD9	jar	Food & Drink	dishware	E14.0	fully-qualified
1F3FA	amphora	Food & Drink	dishware	E1.0	fully-qualified
1F30D	globe showing Europe-Africa	Travel & Places	place-map	E0.7	fully-qualified
1F30E	globe showing Americas	Travel & Places	place-map	E0.7	fully-qualified
1F30F	globe showing Asia-Australia	Travel & Places	place-map	E0.6	fully-qualified
1F310	globe with meridians	Travel & Places	place-map	E1.0	fully-qualified
1F5FA FE0F	world map	Travel & Places	place-map	E0.7	fully-qualified
1F5FE	map of Japan	Travel & Places	place-map	E0.6	fully-qualified
1F9ED	compass	Travel & Places	place-map	E11.0	fully-qualified
1F3D4 FE0F	snow-capped mountain	Travel & Places	place-geographic	E0.7	fully-qualified
26F0 FE0F	mountain	Travel & Places	place-geographic	E0.7	fully-qualified
1F6D8	landslide	Travel & Places	place-geographic	E17.0	fully-qualified
1F30B	volcano	Travel & Places	place-geographic	E0.6	fully-qualified
1F5FB	mount fuji	Travel & Places	place-geographic	E0.6	fully-qualified
1F3D5 FE0F	camping	Travel & Places	place-geographic	E0.7	fully-qualified
1F3D6 FE0F	beach with umbrella	Travel & Places	place-geographic	E0.7	fully-qualified
1F3DC FE0F	desert	Travel & Places	place-geographic	E0.7	fully-qualified
1F3DD FE0F	desert island	Travel & Places	place-geographic	E0.7	fully-qualified
1F3DE FE0F	national park	Travel & Places	place-geographic	E0.7	fully-qualified
1F3DF FE0F	stadium	Travel & Places	place-building	E0.7	fully-qualified
1F3DB FE0F	classical building	Travel & Places	place-building	E0.7	fully-qualified
1F3D7 FE0F	building construction	Travel & Places	place-building	E0.7	fully-qualified
1F9F1	brick	Travel & Places	place-building	E11.0	fully-qualified
1FAA8	rock	Travel & Places	place-building	E13.0	fully-qualified
1FAB5	wood	Travel & Places	place-building	E13.0	fully-qualified
1F6D6	hut	Travel & Places	place-building	E13.0	fully-qualified
1F3D8 FE0F	houses	Travel & Places	place-building	E0.7	fully-qualified
1F3DA FE0F	derelict house	Travel & Places	place-building	E0.7	fully-qualified
1F3E0	house	Travel & Places	place-building	E0.6	fully-qualified
1F3E1	house with garden	Travel & Places	place-building	E0.6	fully-qualified
1F3E2	office building	Travel & Places	place-building	E0.6	fully-qualified
1F3E3	Japanese post office	Travel & Places	place-building	E0.6	fully-qualified
1F3E4	post office	Travel & Places	place-building	E1.0	fully-qualified
1F3E5	hospital	Travel & Places	place-building	E0.6	fully-qualified
1F3E6	bank	Travel & Places	place-building	E0.6	fully-qualified
1F3E8	hotel	Travel & Places	place-building	E0.6	fully-qualified
1F3E9	love hotel	Travel & Places	place-building	E0.6	fully-qualified
1F3EA	convenience store	Travel & Places	place-building	E0.6	fully-qualified
1F3EB	school	Travel & Places	place-building	E0.6	fully-qualified
1F3EC	department store	Travel & Places	place-building	E0.6	fully-qualified
1F3ED	factory	Travel & Places	place-building	E0.6	fully-qualified
1F3EF	Japanese castle	Travel & Places	place-building	E0.6	fully-qualified
1F3F0	castle	Travel & Places	place-building	E0.6	fully-qualified
1F492	wedding	Travel & Places	place-building	E0.6	fully-qualified
1F5FC	Tokyo tower	Travel & Places	place-building	E0.6	fully-qualified
1F5FD	Statue of Liberty	Travel & Places	place-building	E0.6	fully-qualified
26EA	church	Travel & Places	place-religious	E0.6	fully-qualified
1F54C	mosque	Travel & Places	place-religious	E1.0	fully-qualified
1F6D5	hindu temple	Travel & Places	place-religious	E12.0	fully-qualified
1F54D	synagogue	Travel & Places	place-religious	E1.0	fully-qualified
26E9 FE0F	shinto shrine	Travel & Places	place-religious	E0.7	fully-qualified
1F54B	kaaba	Travel & Places	place-religious	E1.0	fully-qualified
26F2	fountain	Travel & Places	place-other	E0.6	fully-qualified
26FA	tent	Travel & Places	place-other	E0.6	fully-qualified
1F301	foggy	Travel & Places	place-other	E0.6	fully-qualified
1F303	night with stars	Travel & Places	place-other	E0.6	fully-qualified
1F3D9 FE0F	cityscape	Travel & Places	place-other	E0.7	fully-qualified
1F304	sunrise over mountains	Travel & Places	place-other	E0.6	fully-qualified
1F305	sunrise	Travel & Places	place-other	E0.6	fully-qualified
1F306	cityscape at dusk	Travel & Places	place-other	E0.6	fully-qualified
1F307	sunset	Travel & Places	place-other	E0.6	fully-qualified
1F309	bridge at night	Travel & Places	place-other	E0.6	fully-qualified
2668 FE0F	hot springs	Travel & Places	place-other	E0.6	fully-qualified
1F3A0	carousel horse	Travel & Places	place-other	E0.6	fully-qualified
1F6DD	playground slide	Travel & Places	place-other	E14.0	fully-qualified
1F3A1	ferris wheel	Travel & Places	place-other	E0.6	fully-qualified
1F3A2	roller coaster	Travel & Places	place-other	E0.6	fully-qualified
1F488	barber pole	Travel & Places	place-other	E0.6	fully-qualified
1F3AA	circus tent	Travel & Places	place-other	E0.6	fully-qualified
1F682	locomotive	Travel & Places	transport-ground	E1.0	fully-qualified
1F683	railway car	Travel & Places	transport-ground	E0.6	fully-qualified
1F684	high-speed train	Travel & Places	transport-ground	E0.6	fully-qualified
1F685	bullet train	Travel & Places	transport-ground	E0.6	fully-qualified
1F686	train	Travel & Places	transport-ground	E1.0	fully-qualified
1F687	metro	Travel & Places	transport-ground	E0.6	fully-qualified
1F688	light rail	Travel & Places	transport-ground	E1.0	fully-qualified
1F689	station	Travel & Places	transport-ground	E0.6	fully-qualified
1F68A	tram	Travel & Places	transport-ground	E1.0	fully-qualified
1F69D	monorail	Travel & Places	transport-ground	E1.0	fully-qualified
1F69E	mountain railway	Travel & Places	transport-ground	E1.0	fully-qualified
1F68B	tram car	Travel & Places	transport-ground	E1.0	fully-qualified
1F68C	bus	Travel & Places	transport-ground	E0.6	fully-qualified
1F68D	oncoming bus	Travel & Places	transport-ground	E0.7	fully-qualified
1F68E	trolleybus	Travel & Places	transport-ground	E1.0	fully-qualified
1F690	minibus	Travel & Places	transport-ground	E1.0	fully-qualified
1F691	ambulance	Travel & Places	transport-ground	E0.6	fully-qualified
1F692	fire engine	Travel & Places	transport-ground	E0.6	fully-qualified
1F693	police car	Travel & Places	transport-ground	E0.6	fully-qualified
1F694	oncoming police car	Travel & Places	transport-ground	E0.7	fully-qualified
1F695	taxi	Travel & Places	transport-ground	E0.6	fully-qualified
1F696	oncoming taxi	Travel & Places	transport-ground	E1.0	fully-qualified
1F697	automobile	Travel & Places	transport-ground	E0.6	fully-qualified
1F698	oncoming automobile	Travel & Places	transport-ground	E0.7	fully-qualified
1F699	sport utility vehicle	Travel & Places	transport-ground	E0.6	fully-qualified
1F6FB	pickup truck	Travel & Places	transport-ground	E13.0	fully-qualified
1F69A	delivery truck	Travel & Places	transport-ground	E0.6	fully-qualified
1F69B	articulated lorry	Travel & Places	transport-ground	E1.0	fully-qualified
1F69C	tractor	Travel & Places	transport-ground	E1.0	fully-qualified
1F3CE FE0F	racing car	Travel & Places	transport-ground	E0.7	fully-qualified
1F3CD FE0F	motorcycle	Travel & Places	transport-ground	E0.7	fully-qualified
1F6F5	motor scooter	Travel & Places	transport-ground	E3.0	fully-qualified
1F9BD	manual wheelchair	Travel & Places	transport-ground	E12.0	fully-qualified
1F9BC	motorized wheelchair	Travel & Places	transport-ground	E12.0	fully-qualified
1F6FA	auto rickshaw	Travel & Places	transport-ground	E12.0	fully-qualified
1F6B2	bicycle	Travel & Places	transport-ground	E0.6	fully-qualified
1F6F4	kick scooter	Travel & Places	transport-ground	E3.0	fully-qualified
1F6F9	skateboard	Travel & Places	transport-ground	E11.0	fully-qualified
1F6FC	roller skate	Travel & Places	transport-ground	E13.0	fully-qualified
1F68F	bus stop	Travel & Places	transport-ground	E0.6	fully-qualified
1F6E3 FE0F	motorway	Travel & Places	transport-ground	E0.7	fully-qualified
1F6E4 FE0F	railway track	Travel & Places	transport-ground	E0.7	fully-qualified
1F6E2 FE0F	oil drum	Travel & Places	transport-ground	E0.7	fully-qualified
26FD	fuel pump	Travel & Places	transport-ground	E0.6	fully-qualified
1F6DE	wheel	Travel & Places	transport-ground	E14.0	fully-qualified
1F6A8	police car light	Travel & Places	transport-ground	E0.6	fully-qualified
1F6A5	horizontal traffic light	Travel & Places	transport-ground	E0.6	fully-qualified
1F6A6	vertical traffic light	Travel & Places	transport-ground	E1.0	fully-qualified
1F6D1	stop sign	Travel & Places	transport-ground	E3.0	fully-qualified
1F6A7	construction	Travel & Places	transport-ground	E0.6	fully-qualified
2693	anchor	Travel & Places	transport-water	E0.6	fully-qualified
1F6DF	ring buoy	Travel & Places	transport-water	E14.0	fully-qualified
26F5	sailboat	Travel & Places	transport-water	E0.6	fully-qualified
1F6F6	canoe	Travel & Places	transport-water	E3.0	fully-qualified
1F6A4	speedboat	Travel & Places	transport-water	E0.6	fully-qualified
1F6F3 FE0F	passenger ship	Travel & Places	transport-water	E0.7	fully-qualified
26F4 FE0F	ferry	Travel & Places	transport-water	E0.7	fully-qualified
1F6E5 FE0F	motor boat	Travel & Places	transport-water	E0.7	fully-qualified
1F6A2	ship	Travel & Places	transport-water	E0.6	fully-qualified
2708 FE0F	airplane	Travel & Places	transport-air	E0.6	fully-qualified
1F6E9 FE0F	small airplane	Travel & Places	transport-air	E0.7	fully-qualified
1F6EB	airplane departure	Travel & Places	transport-air	E1.0	fully-qualified
1F6EC	airplane arrival	Travel & Places	transport-air	E1.0	fully-qualified
1FA82	parachute	Travel & Places	transport-air	E12.0	fully-qualified
1F4BA	seat	Travel & Places	transport-air	E0.6	fully-qualified
1F681	helicopter	Travel & Places	transport-air	E1.0	fully-qualified
1F69F	suspension railway	Travel & Places	transport-air	E1.0	fully-qualified
1F6A0	mountain cableway	Travel & Places	transport-air	E1.0	fully-qualified
1F6A1	aerial tramway	Travel & Places	transport-air	E1.0	fully-qualified
1F6F0 FE0F	satellite	Travel & Places	transport-air	E0.7	fully-qualified
1F680	rocket	Travel & Places	transport-air	E0.6	fully-qualified
1F6F8	flying saucer	Travel & Places	transport-air	E5.0	fully-qualified
1F6CE FE0F	bellhop bell	Travel & Places	hotel	E0.7	fully-qualified
1F9F3	luggage	Travel & Places	hotel	E11.0	fully-qualified
231B	hourglass done	Travel & Places	time	E0.6	fully-qualified
23F3	hourglass not done	Travel & Places	time	E0.6	fully-qualified
231A	watch	Travel & Places	time	E0.6	fully-qualified
23F0	alarm clock	Travel & Places	time	E0.6	fully-qualified
23F1 FE0F	stopwatch	Travel & Places	time	E1.0	fully-qualified
23F2 FE0F	timer clock	Travel & Places	time	E1.0	fully-qualified
1F570 FE0F	mantelpiece clock	Travel & Places	time	E0.7	fully-qualified
1F55B	twelve o’clock	Travel & Places	time	E0.6	fully-qualified
1F567	twelve-thirty	Travel & Places	time	E0.7	fully-qualified
1F550	one o’clock	Travel & Places	time	E0.6	fully-qualified
1F55C	one-thirty	Travel & Places	time	E0.7	fully-qualified
1F551	two o’clock	Travel & Places	time	E0.6	fully-qualified
1F55D	two-thirty	Travel & Places	time	E0.7	fully-qualified
1F552	three o’clock	Travel & Places	time	E0.6	fully-qualified
1F55E	three-thirty	Travel & Places	time	E0.7	fully-qualified
1F553	four o’clock	Travel & Places	time	E0.6	fully-qualified
1F55F	four-thirty	Travel & Places	time	E0.7	fully-qualified
1F554	five o’clock	Travel & Places	time	E0.6	fully-qualified
1F560	five-thirty	Travel & Places	time	E0.7	fully-qualified
1F555	six o’clock	Travel & Places	time	E0.6	fully-qualified
1F561	six-thirty	Travel & Places	time	E0.7	fully-qualified
1F556	seven o’clock	Travel & Places	time	E0.6	fully-qualified
1F562	seven-thirty	Travel & Places	time	E0.7	fully-qualified
1F557	eight o’clock	Travel & Places	time	E0.6	fully-qualified
1F563	eight-thirty	Travel & Places	time	E0.7	fully-qualified
1F558	nine o’clock	Travel & Places	time	E0.6	fully-qualified
1F564	nine-thirty	Travel & Places	time	E0.7	fully-qualified
1F559	ten o’clock	Travel & Places	time	E0.6	fully-qualified
1F565	ten-thirty	Travel & Places	time	E0.7	fully-qualified
1F55A	eleven o’clock	Travel & Places	time	E0.6	fully-qualified
1F566	eleven-thirty	Travel & Places	time	E0.7	fully-qualified
1F311	new moon	Travel & Places	sky & weather	E0.6	fully-qualified
1F312	waxing crescent moon	Travel & Places	sky & weather	E1.0	fully-qualified
1F313	first quarter moon	Travel & Places	sky & weather	E0.6	fully-qualified
1F314	waxing gibbous moon	Travel & Places	sky & weather	E0.6	fully-qualified
1F315	full moon	Travel & Places	sky & weather	E0.6	fully-qualified
1F316	waning gibbous moon	Travel & Places	sky & weather	E1.0	fully-qualified
1F317	last quarter moon	Travel & Places	sky & weather	E1.0	fully-qualified
1F318	waning crescent moon	Travel & Places	sky & weather	E1.0	fully-qualified
1F319	crescent moon	Travel & Places	sky & weather	E0.6	fully-qualified
1F31A	new moon face	Travel & Places	sky & weather	E1.0	fully-qualified
1F31B	first quarter moon face	Travel & Places	sky & weather	E0.6	fully-qualified
1F31C	last quarter moon face	Travel & Places	sky & weather	E0.7	fully-qualified
1F321 FE0F	thermometer	Travel & Places	sky & weather	E0.7	fully-qualified
2600 FE0F	sun	Travel & Places	sky & weather	E0.6	fully-qualified
1F31D	full moon face	Travel & Places	sky & weather	E1.0	fully-qualified
1F31E	sun with face	Travel & Places	sky & weather	E1.0	fully-qualified
1FA90	ringed planet	Travel & Places	sky & weather	E12.0	fully-qualified
2B50	star	Travel & Places	sky & weather	E0.6	fully-qualified
1F31F	glowing star	Travel & Places	sky & weather	E0.6	fully-qualified
1F320	shooting star	Travel & Places	sky & weather	E0.6	fully-qualified
1F30C	milky way	Travel & Places	sky & weather	E0.6	fully-qualified
2601 FE0F	cloud	Travel & Places	sky & weather	E0.6	fully-qualified
26C5	sun behind cloud	Travel & Places	sky & weather	E0.6	fully-qualified
26C8 FE0F	cloud with lightning and rain	Travel & Places	sky & weather	E0.7	fully-qualified
1F324 FE0F	sun behind small cloud	Travel & Places	sky & weather	E0.7	fully-qualified
1F325 FE0F	sun behind large cloud	Travel & Places	sky & weather	E0.7	fully-qualified
1F326 FE0F	sun behind rain cloud	Travel & Places	sky & weather	E0.7	fully-qualified
1F327 FE0F	cloud with rain	Travel & Places	sky & weather	E0.7	fully-qualified
1F328 FE0F	cloud with snow	Travel & Places	sky & weather	E0.7	fully-qualified
1F329 FE0F	cloud with lightning	Travel & Places	sky & weather	E0.7	fully-qualified
1F32A FE0F	tornado	Travel & Places	sky & weather	E0.7	fully-qualified
1F32B FE0F	fog	Travel & Places	sky & weather	E0.7	fully-qualified
1F32C FE0F	wind face	Travel & Places	sky & weather	E0.7	fully-qualified
1F300	cyclone	Travel & Places	sky & weather	E0.6	fully-qualified
1F308	rainbow	Travel & Places	sky & weather	E0.6	fully-qualified
1F302	closed umbrella	Travel & Places	sky & weather	E0.6	fully-qualified
2602 FE0F	umbrella	Travel & Places	sky & weather	E0.7	fully-qualified
2614	umbrella with rain drops	Travel & Places	sky & weather	E0.6	fully-qualified
26F1 FE0F	umbrella on ground	Travel & Places	sky & weather	E0.7	fully-qualified
26A1	high voltage	Travel & Places	sky & weather	E0.6	fully-qualified
2744 FE0F	snowflake	Travel & Places	sky & weather	E0.6	fully-qualified
2603 FE0F	snowman	Travel & Places	sky & weather	E0.7	fully-qualified
26C4	snowman without snow	Travel & Places	sky & weather	E0.6	fully-qualified
2604 FE0F	comet	Travel & Places	sky & weather	E1.0	fully-qualified
1F525	fire	Travel & Places	sky & weather	E0.6	fully-qualified
1F4A7	droplet	Travel & Places	sky & weather	E0.6	fully-qualified
1F30A	water wave	Travel & Places	sky & weather	E0.6	fully-qualified
1F383	jack-o-lantern	Activities	event	E0.6	fully-qualified
1F384	Christmas tree	Activities	event	E0.6	fully-qualified
1F386	fireworks	Activities	event	E0.6	fully-qualified
1F387	sparkler	Activities	event	E0.6	fully-qualified
1F9E8	firecracker	Activities	event	E11.0	fully-qualified
2728	sparkles	Activities	event	E0.6	fully-qualified
1F388	balloon	Activities	event	E0.6	fully-qualified
1F389	party popper	Activities	event	E0.6	fully-qualified
1F38A	confetti ball	Activities	event	E0.6	fully-qualified
1F38B	tanabata tree	Activities	event	E0.6	fully-qualified
1F38D	pine decoration	Activities	event	E0.6	fully-qualified
1F38E	Japanese dolls	Activities	event	E0.6	fully-qualified
1F38F	carp streamer	Activities	event	E0.6	fully-qualified
1F390	wind chime	Activities	event	E0.6	fully-qualified
1F391	moon viewing ceremony	Activities	event	E0.6	fully-qualified
1F9E7	red envelope	Activities	event	E11.0	fully-qualified
1F380	ribbon	Activities	event	E0.6	fully-qualified
1F381	wrapped gift	Activities	event	E0.6	fully-qualified
1F397 FE0F	reminder ribbon	Activities	event	E0.7	fully-qualified
1F39F FE0F	admission tickets	Activities	event	E0.7	fully-qualified
1F3AB	ticket	Activities	event	E0.6	fully-qualified
1F396 FE0F	military medal	Activities	award-medal	E0.7	fully-qualified
1F3C6	trophy	Activities	award-medal	E0.6	fully-qualified
1F3C5	sports medal	Activities	award-medal	E1.0	fully-qualified
1F947	1st place medal	Activities	award-medal	E3.0	fully-qualified
1F948	2nd place medal	Activities	award-medal	E3.0	fully-qualified
1F949	3rd place medal	Activities	award-medal	E3.0	fully-qualified
26BD	soccer ball	Activities	sport	E0.6	fully-qualified
26BE	baseball	Activities	sport	E0.6	fully-qualified
1F94E	softball	Activities	sport	E11.0	fully-qualified
1F3C0	basketball	Activities	sport	E0.6	fully-qualified
1F3D0	volleyball	Activities	sport	E1.0	fully-qualified
1F3C8	american football	Activities	sport	E0.6	fully-qualified
1F3C9	rugby football	Activities	sport	E1.0	fully-qualified
1F3BE	tennis	Activities	sport	E0.6	fully-qualified
1F94F	flying disc	Activities	sport	E11.0	fully-qualified
1F3B3	bowling	Activities	sport	E0.6	fully-qualified
1F3CF	cricket game	Activities	sport	E1.0	fully-qualified
1F3D1	field hockey	Activities	sport	E1.0	fully-qualified
1F3D2	ice hockey	Activities	sport	E1.0	fully-qualified
1F94D	lacrosse	Activities	sport	E11.0	fully-qualified
1F3D3	ping pong	Activities	sport	E1.0	fully-qualified
1F3F8	badminton	Activities	sport	E1.0	fully-qualified
1F94A	boxing glove	Activities	sport	E3.0	fully-qualified
1F94B	martial arts uniform	Activities	sport	E3.0	fully-qualified
1F945	goal net	Activities	sport	E3.0	fully-qualified
26F3	flag in hole	Activities	sport	E0.6	fully-qualified
26F8 FE0F	ice skate	Activities	sport	E0.7	fully-qualified
1F3A3	fishing pole	Activities	sport	E0.6	fully-qualified
1F93F	diving mask	Activities	sport	E12.0	fully-qualified
1F3BD	running shirt	Activities	sport	E0.6	fully-qualified
1F3BF	skis	Activities	sport	E0.6	fully-qualified
1F6F7	sled	Activities	sport	E5.0	fully-qualified
1F94C	curling stone	Activities	sport	E5.0	fully-qualified
1F3AF	bullseye	Activities	game	E0.6	fully-qualified
1FA80	yo-yo	Activities	game	E12.0	fully-qualified
1FA81	kite	Activities	game	E12.0	fully-qualified
1F52B	water pistol	Activities	game	E0.6	fully-qualified
1F3B1	pool 8 ball	Activities	game	E0.6	fully-qualified
1F52E	crystal ball	Activities	game	E0.6	fully-qualified
1FA84	magic wand	Activities	game	E13.0	fully-qualified
1F3AE	video game	Activities	game	E0.6	fully-qualified
1F579 FE0F	joystick	Activities	game	E0.7	fully-qualified
1F3B0	slot machine	Activities	game	E0.6	fully-qualified
1F3B2	game die	Activities	game	E0.6	fully-qualified
1F9E9	puzzle piece	Activities	game	E11.0	fully-qualified
1F9F8	teddy bear	Activities	game	E11.0	fully-qualified
1FA85	piñata	Activities	game	E13.0	fully-qualified
1FAA9	mirror ball	Activities	game	E14.0	fully-qualified
1FA86	nesting dolls	Activities	game	E13.0	fully-qualified
2660 FE0F	spade suit	Activities	game	E0.6	fully-qualified
2665 FE0F	heart suit	Activities	game	E0.6	fully-qualified
2666 FE0F	diamond suit	Activities	game	E0.6	fully-qualified
2663 FE0F	club suit	Activities	game	E0.6	fully-qualified
265F FE0F	chess pawn	Activities	game	E11.0	fully-qualified
1F0CF	joker	Activities	game	E0.6	fully-qualified
1F004	mahjong red dragon	Activities	game	E0.6	fully-qualified
1F3B4	flower playing cards	Activities	game	E0.6	fully-qualified
1F3AD	performing arts	Activities	arts & crafts	E0.6	fully-qualified
1F5BC FE0F	framed picture	Activities	arts & crafts	E0.7	fully-qualified
1F3A8	artist palette	Activities	arts & crafts	E0.6	fully-qualified
1F9F5	thread	Activities	arts & crafts	E11.0	fully-qualified
1FAA1	sewing needle	Activities	arts & crafts	E13.0	fully-qualified
1F9F6	yarn	Activities	arts & crafts	E11.0	fully-qualified
1FAA2	knot	Activities	arts & crafts	E13.0	fully-qualified
1F453	glasses	Objects	clothing	E0.6	fully-qualified
1F576 FE0F	sunglasses	Objects	clothing	E0.7	fully-qualified
1F97D	goggles	Objects	clothing	E11.0	fully-qualified
1F97C	lab coat	Objects	clothing	E11.0	fully-qualified
1F9BA	safety vest	Objects	clothing	E12.0	fully-qualified
1F454	necktie	Objects	clothing	E0.6	fully-qualified
1F455	t-shirt	Objects	clothing	E0.6	fully-qualified
1F456	jeans	Objects	clothing	E0.6	fully-qualified
1F9E3	scarf	Objects	clothing	E5.0	fully-qualified
1F9E4	gloves	Objects	clothing	E5.0	fully-qualified
1F9E5	coat	Objects	clothing	E5.0	fully-qualified
1F9E6	socks	Objects	clothing	E5.0	fully-qualified
1F457	dress	Objects	clothing	E0.6	fully-qualified
1F458	kimono	Objects	clothing	E0.6	fully-qualified
1F97B	sari	Objects	clothing	E12.0	fully-qualified
1FA71	one-piece swimsuit	Objects	clothing	E12.0	fully-qualified
1FA72	briefs	Objects	clothing	E12.0	fully-qualified
1FA73	shorts	Objects	clothing	E12.0	fully-qualified
1F459	bikini	Objects	clothing	E0.6	fully-qualified
1F45A	woman’s clothes	Objects	clothing	E0.6	fully-qualified
1FAAD	folding hand fan	Objects	clothing	E15.0	fully-qualified
1F45B	purse	Objects	clothing	E0.6	fully-qualified
1F45C	handbag	Objects	clothing	E0.6	fully-qualified
1F45D	clutch bag	Objects	clothing	E0.6	fully-qualified
1F6CD FE0F	shopping bags	Objects	clothing	E0.7	fully-qualified
1F392	backpack	Objects	clothing	E0.6	fully-qualified
1FA74	thong sandal	Objects	clothing	E13.0	fully-qualified
1F45E	man’s shoe	Objects	clothing	E0.6	fully-qualified
1F45F	running shoe	Objects	clothing	E0.6	fully-qualified
1F97E	hiking boot	Objects	clothing	E11.0	fully-qualified
1F97F	flat shoe	Objects	clothing	E11.0	fully-qualified
1F460	high-heeled shoe	Objects	clothing	E0.6	fully-qualified
1F461	woman’s sandal	Objects	clothing	E0.6	fully-qualified
1FA70	ballet shoes	Objects	clothing	E12.0	fully-qualified
1F462	woman’s boot	Objects	clothing	E0.6	fully-qualified
1FAAE	hair pick	Objects	clothing	E15.0	fully-qualified
1F451	crown	Objects	clothing	E0.6	fully-qualified
1F452	woman’s hat	Objects	clothing	E0.6	fully-qualified
1F3A9	top hat	Objects	clothing	E0.6	fully-qualified
1F393	graduation cap	Objects	clothing	E0.6	fully-qualified
1F9E2	billed cap	Objects	clothing	E5.0	fully-qualified
1FA96	military helmet	Objects	clothing	E13.0	fully-qualified
26D1 FE0F	rescue worker’s helmet	Objects	clothing	E0.7	fully-qualified
1F4FF	prayer beads	Objects	clothing	E1.0	fully-qualified
1F484	lipstick	Objects	clothing	E0.6	fully-qualified
1F48D	ring	Objects	clothing	E0.6	fully-qualified
1F48E	gem stone	Objects	clothing	E0.6	fully-qualified
1F507	muted speaker	Objects	sound	E1.0	fully-qualified
1F508	speaker low volume	Objects	sound	E0.7	fully-qualified
1F509	speaker medium volume	Objects	sound	E1.0	fully-qualified
1F50A	speaker high volume	Objects	sound	E0.6	fully-qualified
1F4E2	loudspeaker	Objects	sound	E0.6	fully-qualified
1F4E3	megaphone	Objects	sound	E0.6	fully-qualified
1F4EF	postal horn	Objects	sound	E1.0	fully-qualified
1F514	bell	Objects	sound	E0.6	fully-qualified
1F515	bell with slash	Objects	sound	E1.0	fully-qualified
1F3BC	musical score	Objects	music	E0.6	fully-qualified
1F3B5	musical note	Objects	music	E0.6	fully-qualified
1F3B6	musical notes	Objects	music	E0.6	fully-qualified
1F399 FE0F	studio microphone	Objects	music	E0.7	fully-qualified
1F39A FE0F	level slider	Objects	music	E0.7	fully-qualified
1F39B FE0F	control knobs	Objects	music	E0.7	fully-qualified
1F3A4	microphone	Objects	music	E0.6	fully-qualified
1F3A7	headphone	Objects	music	E0.6	fully-qualified
1F4FB	radio	Objects	music	E0.6	fully-qualified
1F3B7	saxophone	Objects	musical-instrument	E0.6	fully-qualified
1F3BA	trumpet	Objects	musical-instrument	E0.6	fully-qualified
1FA8A	trombone	Objects	musical-instrument	E17.0	fully-qualified
1FA97	accordion	Objects	musical-instrument	E13.0	fully-qualified
1F3B8	guitar	Objects	musical-instrument	E0.6	fully-qualified
1F3B9	musical keyboard	Objects	musical-instrument	E0.6	fully-qualified
1F3BB	violin	Objects	musical-instrument	E0.6	fully-qualified
1FA95	banjo	Objects	musical-instrument	E12.0	fully-qualified
1F941	drum	Objects	musical-instrument	E3.0	fully-qualified
1FA98	long drum	Objects	musical-instrument	E13.0	fully-qualified
1FA87	maracas	Objects	musical-instrument	E15.0	fully-qualified
1FA88	flute	Objects	musical-instrument	E15.0	fully-qualified
1FA89	harp	Objects	musical-instrument	E16.0	fully-qualified
1F4F1	mobile phone	Objects	phone	E0.6	fully-qualified
1F4F2	mobile phone with arrow	Objects	phone	E0.6	fully-qualified
260E FE0F	telephone	Objects	phone	E0.6	fully-qualified
1F4DE	telephone receiver	Objects	phone	E0.6	fully-qualified
1F4DF	pager	Objects	phone	E0.6	fully-qualified
1F4E0	fax machine	Objects	phone	E0.6	fully-qualified
1F50B	battery	Objects	computer	E0.6	fully-qualified
1FAAB	low battery	Objects	computer	E14.0	fully-qualified
1F50C	electric plug	Objects	computer	E0.6	fully-qualified
1F4BB	laptop	Objects	computer	E0.6	fully-qualified
1F5A5 FE0F	desktop computer	Objects	computer	E0.7	fully-qualified
1F5A8 FE0F	printer	Objects	computer	E0.7	fully-qualified
2328 FE0F	keyboard	Objects	computer	E1.0	fully-qualified
1F5B1 FE0F	computer mouse	Objects	computer	E0.7	fully-qualified
1F5B2 FE0F	trackball	Objects	computer	E0.7	fully-qualified
1F4BD	computer disk	Objects	computer	E0.6	fully-qualified
1F4BE	floppy disk	Objects	computer	E0.6	fully-qualified
1F4BF	optical disk	Objects	computer	E0.6	fully-qualified
1F4C0	dvd	Objects	computer	E0.6	fully-qualified
1F9EE	abacus	Objects	computer	E11.0	fully-qualified
1F3A5	movie camera	Objects	light & video	E0.6	fully-qualified
1F39E FE0F	film frames	Objects	light & video	E0.7	fully-qualified
1F4FD FE0F	film projector	Objects	light & video	E0.7	fully-qualified
1F3AC	clapper board	Objects	light & video	E0.6	fully-qualified
1F4FA	television	Objects	light & video	E0.6	fully-qualified
1F4F7	camera	Objects	light & video	E0.6	fully-qualified
1F4F8	camera with flash	Objects	light & video	E1.0	fully-qualified
1F4F9	video camera	Objects	light & video	E0.6	fully-qualified
1F4FC	videocassette	Objects	light & video	E0.6	fully-qualified
1F50D	magnifying glass tilted left	Objects	light & video	E0.6	fully-qualified
1F50E	magnifying glass tilted right	Objects	light & video	E0.6	fully-qualified
1F56F FE0F	candle	Objects	light & video	E0.7	fully-qualified
1F4A1	light bulb	Objects	light & video	E0.6	fully-qualified
1F526	flashlight	Objects	light & video	E0.6	fully-qualified
1F3EE	red paper lantern	Objects	light & video	E0.6	fully-qualified
1FA94	diya lamp	Objects	light & video	E12.0	fully-qualified
1F4D4	notebook with decorative cover	Objects	book-paper	E0.6	fully-qualified
1F4D5	closed book	Objects	book-paper	E0.6	fully-qualified
1F4D6	open book	Objects	book-paper	E0.6	fully-qualified
1F4D7	green book	Objects	book-paper	E0.6	fully-qualified
1F4D8	blue book	Objects	book-paper	E0.6	fully-qualified
1F4D9	orange book	Objects	book-paper	E0.6	fully-qualified
1F4DA	books	Objects	book-paper	E0.6	fully-qualified
1F4D3	notebook	Objects	book-paper	E0.6	fully-qualified
1F4D2	ledger	Objects	book-paper	E0.6	fully-qualified
1F4C3	page with curl	Objects	book-paper	E0.6	fully-qualified
1F4DC	scroll	Objects	book-paper	E0.6	fully-qualified
1F4C4	page facing up	Objects	book-paper	E0.6	fully-qualified
1F4F0	newspaper	Objects	book-paper	E0.6	fully-qualified
1F5DE FE0F	rolled-up newspaper	Objects	book-paper	E0.7	fully-qualified
1F4D1	bookmark tabs	Objects	book-paper	E0.6	fully-qualified
1F516	bookmark	Objects	book-paper	E0.6	fully-qualified
1F3F7 FE0F	label	Objects	book-paper	E0.7	fully-qualified
1FA99	coin	Objects	money	E13.0	fully-qualified
1F4B0	money bag	Objects	money	E0.6	fully-qualified
1FA8E	treasure chest	Objects	money	E17.0	fully-qualified
1F4B4	yen banknote	Objects	money	E0.6	fully-qualified
1F4B5	dollar banknote	Objects	money	E0.6	fully-qualified
1F4B6	euro banknote	Objects	money	E1.0	fully-qualified
1F4B7	pound banknote	Objects	money	E1.0	fully-qualified
1F4B8	money with wings	Objects	money	E0.6	fully-qualified
1F4B3	credit card	Objects	money	E0.6	fully-qualified
1F9FE	receipt	Objects	money	E11.0	fully-qualified
1F4B9	chart increasing with yen	Objects	money	E0.6	fully-qualified
2709 FE0F	envelope	Objects	mail	E0.6	fully-qualified
1F4E7	e-mail	Objects	mail	E0.6	fully-qualified
1F4E8	incoming envelope	Objects	mail	E0.6	fully-qualified
1F4E9	envelope with arrow	Objects	mail	E0.6	fully-qualified
1F4E4	outbox tray	Objects	mail	E0.6	fully-qualified
1F4E5	inbox tray	Objects	mail	E0.6	fully-qualified
1F4E6	package	Objects	mail	E0.6	fully-qualified
1F4EB	closed mailbox with raised flag	Objects	mail	E0.6	fully-qualified
1F4EA	closed mailbox with lowered flag	Objects	mail	E0.6	fully-qualified
1F4EC	open mailbox with raised flag	Objects	mail	E0.7	fully-qualified
1F4ED	open mailbox with lowered flag	Objects	mail	E0.7	fully-qualified
1F4EE	postbox	Objects	mail	E0.6	fully-qualified
1F5F3 FE0F	ballot box with ballot	Objects	mail	E0.7	fully-qualified
270F FE0F	pencil	Objects	writing	E0.6	fully-qualified
2712 FE0F	black nib	Objects	writing	E0.6	fully-qualified
1F58B FE0F	fountain pen	Objects	writing	E0.7	fully-qualified
1F58A FE0F	pen	Objects	writing	E0.7	fully-qualified
1F58C FE0F	paintbrush	Objects	writing	E0.7	fully-qualified
1F58D FE0F	crayon	Objects	writing	E0.7	fully-qualified
1F4DD	memo	Objects	writing	E0.6	fully-qualified
1F4BC	briefcase	Objects	office	E0.6	fully-qualified
1F4C1	file folder	Objects	office	E0.6	fully-qualified
1F4C2	open file folder	Objects	office	E0.6	fully-qualified
1F5C2 FE0F	card index dividers	Objects	office	E0.7	fully-qualified
1F4C5	calendar	Objects	office	E0.6	fully-qualified
1F4C6	tear-off calendar	Objects	office	E0.6	fully-qualified
1F5D2 FE0F	spiral notepad	Objects	office	E0.7	fully-qualified
1F5D3 FE0F	spiral calendar	Objects	office	E0.7	fully-qualified
1F4C7	card index	Objects	office	E0.6	fully-qualified
1F4C8	chart increasing	Objects	office	E0.6	fully-qualified
1F4C9	chart decreasing	Objects	office	E0.6	fully-qualified
1F4CA	bar chart	Objects	office	E0.6	fully-qualified
1F4CB	clipboard	Objects	office	E0.6	fully-qualified
1F4CC	pushpin	Objects	office	E0.6	fully-qualified
1F4CD	round pushpin	Objects	office	E0.6	fully-qualified
1F4CE	paperclip	Objects	office	E0.6	fully-qualified
1F587 FE0F	linked paperclips	Objects	office	E0.7	fully-qualified
1F4CF	straight ruler	Objects	office	E0.6	fully-qualified
1F4D0	triangular ruler	Objects	office	E0.6	fully-qualified
2702 FE0F	scissors	Objects	office	E0.6	fully-qualified
1F5C3 FE0F	card file box	Objects	office	E0.7	fully-qualified
1F5C4 FE0F	file cabinet	Objects	office	E0.7	fully-qualified
1F5D1 FE0F	wastebasket	Objects	office	E0.7	fully-qualified
1F512	locked	Objects	lock	E0.6	fully-qualified
1F513	unlocked	Objects	lock	E0.6	fully-qualified
1F50F	locked with pen	Objects	lock	E0.6	fully-qualified
1F510	locked with key	Objects	lock	E0.6	fully-qualified
1F511	key	Objects	lock	E0.6	fully-qualified
1F5DD FE0F	old key	Objects	lock	E0.7	fully-qualified
1F528	hammer	Objects	tool	E0.6	fully-qualified
1FA93	axe	Objects	tool	E12.0	fully-qualified
26CF FE0F	pick	Objects	tool	E0.7	fully-qualified
2692 FE0F	hammer and pick	Objects	tool	E1.0	fully-qualified
1F6E0 FE0F	hammer and wrench	Objects	tool	E0.7	fully-qualified
1F5E1 FE0F	dagger	Objects	tool	E0.7	fully-qualified
2694 FE0F	crossed swords	Objects	tool	E1.0	fully-qualified
1F4A3	bomb	Objects	tool	E0.6	fully-qualified
1FA83	boomerang	Objects	tool	E13.0	fully-qualified
1F3F9	bow and arrow	Objects	tool	E1.0	fully-qualified
1F6E1 FE0F	shield	Objects	tool	E0.7	fully-qualified
1FA9A	carpentry saw	Objects	tool	E13.0	fully-qualified
1F527	wrench	Objects	tool	E0.6	fully-qualified
1FA9B	screwdriver	Objects	tool	E13.0	fully-qualified
1F529	nut and bolt	Objects	tool	E0.6	fully-qualified
2699 FE0F	gear	Objects	tool	E1.0	fully-qualified
1F5DC FE0F	clamp	Objects	tool	E0.7	fully-qualified
2696 FE0F	balance scale	Objects	tool	E1.0	fully-qualified
1F9AF	white cane	Objects	tool	E12.0	fully-qualified
1F517	link	Objects	tool	E0.6	fully-qualified
26D3 FE0F 200D 1F4A5	broken chain	Objects	tool	E15.1	fully-qualified
26D3 FE0F	chains	Objects	tool	E0.7	fully-qualified
1FA9D	hook	Objects	tool	E13.0	fully-qualified
1F9F0	toolbox	Objects	tool	E11.0	fully-qualified
1F9F2	magnet	Objects	tool	E11.0	fully-qualified
1FA9C	ladder	Objects	tool	E13.0	fully-qualified
1FA8F	shovel	Objects	tool	E16.0	fully-qualified
2697 FE0F	alembic	Objects	science	E1.0	fully-qualified
1F9EA	test tube	Objects	science	E11.0	fully-qualified
1F9EB	petri dish	Objects	science	E11.0	fully-qualified
1F9EC	dna	Objects	science	E11.0	fully-qualified
1F52C	microscope	Objects	science	E1.0	fully-qualified
1F52D	telescope	Objects	science	E1.0	fully-qualified
1F4E1	satellite antenna	Objects	science	E0.6	fully-qualified
1F489	syringe	Objects	medical	E0.6	fully-qualified
1FA78	drop of blood	Objects	medical	E12.0	fully-qualified
1F48A	pill	Objects	medical	E0.6	fully-qualified
1FA79	adhesive bandage	Objects	medical	E12.0	fully-qualified
1FA7C	crutch	Objects	medical	E14.0	fully-qualified
1FA7A	stethoscope	Objects	medical	E12.0	fully-qualified
1FA7B	x-ray	Objects	medical	E14.0	fully-qualified
1F6AA	door	Objects	household	E0.6	fully-qualified
1F6D7	elevator	Objects	household	E13.0	fully-qualified
1FA9E	mirror	Objects	household	E13.0	fully-qualified
1FA9F	window	Objects	household	E13.0	fully-qualified
1F6CF FE0F	bed	Objects	household	E0.7	fully-qualified
1F6CB FE0F	couch and lamp	Objects	household	E0.7	fully-qualified
1FA91	chair	Objects	household	E12.0	fully-qualified
1F6BD	toilet	Objects	household	E0.6	fully-qualified
1FAA0	plunger	Objects	household	E13.0	fully-qualified
1F6BF	shower	Objects	household	E1.0	fully-qualified
1F6C1	bathtub	Objects	household	E1.0	fully-qualified
1FAA4	mouse trap	Objects	household	E13.0	fully-qualified
1FA92	razor	Objects	household	E12.0	fully-qualified
1F9F4	lotion bottle	Objects	household	E11.0	fully-qualified
1F9F7	safety pin	Objects	household	E11.0	fully-qualified
1F9F9	broom	Objects	household	E11.0	fully-qualified
1F9FA	basket	Objects	household	E11.0	fully-qualified
1F9FB	roll of paper	Objects	household	E11.0	fully-qualified
1FAA3	bucket	Objects	household	E13.0	fully-qualified
1F9FC	soap	Objects	household	E11.0	fully-qualified
1FAE7	bubbles	Objects	household	E14.0	fully-qualified
1FAA5	toothbrush	Objects	household	E13.0	fully-qualified
1F9FD	sponge	Objects	household	E11.0	fully-qualified
1F9EF	fire extinguisher	Objects	household	E11.0	fully-qualified
1F6D2	shopping cart	Objects	household	E3.0	fully-qualified
1F6AC	cigarette	Objects	other-object	E0.6	fully-qualified
26B0 FE0F	coffin	Objects	other-object	E1.0	fully-qualified
1FAA6	headstone	Objects	other-object	E13.0	fully-qualified
26B1 FE0F	funeral urn	Objects	other-object	E1.0	fully-qualified
1F9FF	nazar amulet	Objects	other-object	E11.0	fully-qualified
1FAAC	hamsa	Objects	other-object	E14.0	fully-qualified
1F5FF	moai	Objects	other-object	E0.6	fully-qualified
1FAA7	placard	Objects	other-object	E13.0	fully-qualified
1FAAA	identification card	Objects	other-object	E14.0	fully-qualified
1F3E7	ATM sign	Symbols	transport-sign	E0.6	fully-qualified
1F6AE	litter in bin sign	Symbols	transport-sign	E1.0	fully-qualified
1F6B0	potable water	Symbols	transport-sign	E1.0	fully-qualified
267F	wheelchair symbol	Symbols	transport-sign	E0.6	fully-qualified
1F6B9	men’s room	Symbols	transport-sign	E0.6	fully-qualified
1F6BA	women’s room	Symbols	transport-sign	E0.6	fully-qualified
1F6BB	restroom	Symbols	transport-sign	E0.6	fully-qualified
1F6BC	baby symbol	Symbols	transport-sign	E0.6	fully-qualified
1F6BE	water closet	Symbols	transport-sign	E0.6	fully-qualified
1F6C2	passport control	Symbols	transport-sign	E1.0	fully-qualified
1F6C3	customs	Symbols	transport-sign	E1.0	fully-qualified
1F6C4	baggage claim	Symbols	transport-sign	E1.0	fully-qualified
1F6C5	left luggage	Symbols	transport-sign	E1.0	fully-qualified
26A0 FE0F	warning	Symbols	warning	E0.6	fully-qualified
1F6B8	children crossing	Symbols	warning	E1.0	fully-qualified
26D4	no entry	Symbols	warning	E0.6	fully-qualified
1F6AB	prohibited	Symbols	warning	E0.6	fully-qualified
1F6B3	no bicycles	Symbols	warning	E1.0	fully-qualified
1F6AD	no smoking	Symbols	warning	E0.6	fully-qualified
1F6AF	no littering	Symbols	warning	E1.0	fully-qualified
1F6B1	non-potable water	Symbols	warning	E1.0	fully-qualified
1F6B7	no pedestrians	Symbols	warning	E1.0	fully-qualified
1F4F5	no mobile phones	Symbols	warning	E1.0	fully-qualified
1F51E	no one under eighteen	Symbols	warning	E0.6	fully-qualified
2622 FE0F	radioactive	Symbols	warning	E1.0	fully-qualified
2623 FE0F	biohazard	Symbols	warning	E1.0	fully-qualified
2B06 FE0F	up arrow	Symbols	arrow	E0.6	fully-qualified
2197 FE0F	up-right arrow	Symbols	arrow	E0.6	fully-qualified
27A1 FE0F	right arrow	Symbols	arrow	E0.6	fully-qualified
2198 FE0F	down-right arrow	Symbols	arrow	E0.6	fully-qualified
2B07 FE0F	down arrow	Symbols	arrow	E0.6	fully-qualified
2199 FE0F	down-left arrow	Symbols	arrow	E0.6	fully-qualified
2B05 FE0F	left arrow	Symbols	arrow	E0.6	fully-qualified
2196 FE0F	up-left arrow	Symbols	arrow	E0.6	fully-qualified
2195 FE0F	up-down arrow	Symbols	arrow	E0.6	fully-qualified
2194 FE0F	left-right arrow	Symbols	arrow	E0.6	fully-qualified
21A9 FE0F	right arrow curving left	Symbols	arrow	E0.6	fully-qualified
21AA FE0F	left arrow curving right	Symbols	arrow	E0.6	fully-qualified
2934 FE0F	right arrow curving up	Symbols	arrow	E0.6	fully-qualified
2935 FE0F	right arrow curving down	Symbols	arrow	E0.6	fully-qualified
1F503	clockwise vertical arrows	Symbols	arrow	E0.6	fully-qualified
1F504	counterclockwise arrows button	Symbols	arrow	E1.0	fully-qualified
1F519	BACK arrow	Symbols	arrow	E0.6	fully-qualified
1F51A	END arrow	Symbols	arrow	E0.6	fully-qualified
1F51B	ON! arrow	Symbols	arrow	E0.6	fully-qualified
1F51C	SOON arrow	Symbols	arrow	E0.6	fully-qualified
1F51D	TOP arrow	Symbols	arrow	E0.6	fully-qualified
1F6D0	place of worship	Symbols	religion	E1.0	fully-qualified
269B FE0F	atom symbol	Symbols	religion	E1.0	fully-qualified
1F549 FE0F	om	Symbols	religion	E0.7	fully-qualified
2721 FE0F	star of David	Symbols	religion	E0.7	fully-qualified
2638 FE0F	wheel of dharma	Symbols	religion	E0.7	fully-qualified
262F FE0F	yin yang	Symbols	religion	E0.7	fully-qualified
271D FE0F	latin cross	Symbols	religion	E0.7	fully-qualified
2626 FE0F	orthodox cross	Symbols	religion	E1.0	fully-qualified
262A FE0F	star and crescent	Symbols	religion	E0.7	fully-qualified
262E FE0F	peace symbol	Symbols	religion	E1.0	fully-qualified
1F54E	menorah	Symbols	religion	E1.0	fully-qualified
1F52F	dotted six-pointed star	Symbols	religion	E0.6	fully-qualified
1FAAF	khanda	Symbols	religion	E15.0	fully-qualified
2648	Aries	Symbols	zodiac	E0.6	fully-qualified
2649	Taurus	Symbols	zodiac	E0.6	fully-qualified
264A	Gemini	Symbols	zodiac	E0.6	fully-qualified
264B	Cancer	Symbols	zodiac	E0.6	fully-qualified
264C	Leo	Symbols	zodiac	E0.6	fully-qualified
264D	Virgo	Symbols	zodiac	E0.6	fully-qualified
264E	Libra	Symbols	zodiac	E0.6	fully-qualified
264F	Scorpio	Symbols	zodiac	E0.6	fully-qualified
2650	Sagittarius	Symbols	zodiac	E0.6	fully-qualified
2651	Capricorn	Symbols	zodiac	E0.6	fully-qualified
2652	Aquarius	Symbols	zodiac	E0.6	fully-qualified
2653	Pisces	Symbols	zodiac	E0.6	fully-qualified
26CE	Ophiuchus	Symbols	zodiac	E0.6	fully-qualified
1F500	shuffle tracks button	Symbols	av-symbol	E1.0	fully-qualified
1F501	repeat button	Symbols	av-symbol	E1.0	fully-qualified
1F502	repeat single button	Symbols	av-symbol	E1.0	fully-qualified
25B6 FE0F	play button	Symbols	av-symbol	E0.6	fully-qualified
23E9	fast-forward button	Symbols	av-symbol	E0.6	fully-qualified
23ED FE0F	next track button	Symbols	av-symbol	E0.7	fully-qualified
23EF FE0F	play or pause button	Symbols	av-symbol	E1.0	fully-qualified
25C0 FE0F	reverse button	Symbols	av-symbol	E0.6	fully-qualified
23EA	fast reverse button	Symbols	av-symbol	E0.6	fully-qualified
23EE FE0F	last track button	Symbols	av-symbol	E0.7	fully-qualified
1F53C	upwards button	Symbols	av-symbol	E0.6	fully-qualified
23EB	fast up button	Symbols	av-symbol	E0.6	fully-qualified
1F53D	downwards button	Symbols	av-symbol	E0.6	fully-qualified
23EC	fast down button	Symbols	av-symbol	E0.6	fully-qualified
23F8 FE0F	pause button	Symbols	av-symbol	E0.7	fully-qualified
23F9 FE0F	stop button	Symbols	av-symbol	E0.7	fully-qualified
23FA FE0F	record button	Symbols	av-symbol	E0.7	fully-qualified
23CF FE0F	eject button	Symbols	av-symbol	E1.0	fully-qualified
1F3A6	cinema	Symbols	av-symbol	E0.6	fully-qualified
1F505	dim button	Symbols	av-symbol	E1.0	fully-qualified
1F506	bright button	Symbols	av-symbol	E1.0	fully-qualified
1F4F6	antenna bars	Symbols	av-symbol	E0.6	fully-qualified
1F6DC	wireless	Symbols	av-symbol	E15.0	fully-qualified
1F4F3	vibration mode	Symbols	av-symbol	E0.6	fully-qualified
1F4F4	mobile phone off	Symbols	av-symbol	E0.6	fully-qualified
2640 FE0F	female sign	Symbols	gender	E4.0	fully-qualified
2642 FE0F	male sign	Symbols	gender	E4.0	fully-qualified
26A7 FE0F	transgender symbol	Symbols	gender	E13.0	fully-qualified
2716 FE0F	multiply	Symbols	math	E0.6	fully-qualified
2795	plus	Symbols	math	E0.6	fully-qualified
2796	minus	Symbols	math	E0.6	fully-qualified
2797	divide	Symbols	math	E0.6	fully-qualified
1F7F0	heavy equals sign	Symbols	math	E14.0	fully-qualified
267E FE0F	infinity	Symbols	math	E11.0	fully-qualified
203C FE0F	double exclamation mark	Symbols	punctuation	E0.6	fully-qualified
2049 FE0F	exclamation question mark	Symbols	punctuation	E0.6	fully-qualified
2753	red question mark	Symbols	punctuation	E0.6	fully-qualified
2754	white question mark	Symbols	punctuation	E0.6	fully-qualified
2755	white exclamation mark	Symbols	punctuation	E0.6	fully-qualified
2757	red exclamation mark	Symbols	punctuation	E0.6	fully-qualified
3030 FE0F	wavy dash	Symbols	punctuation	E0.6	fully-qualified
1F4B1	currency exchange	Symbols	currency	E0.6	fully-qualified
1F4B2	heavy dollar sign	Symbols	currency	E0.6	fully-qualified
2695 FE0F	medical symbol	Symbols	other-symbol	E4.0	fully-qualified
267B FE0F	recycling symbol	Symbols	other-symbol	E0.6	fully-qualified
269C FE0F	fleur-de-lis	Symbols	other-symbol	E1.0	fully-qualified
1F531	trident emblem	Symbols	other-symbol	E0.6	fully-qualified
1F4DB	name badge	Symbols	other-symbol	E0.6	fully-qualified
1F530	Japanese symbol for beginner	Symbols	other-symbol	E0.6	fully-qualified
2B55	hollow red circle	Symbols	other-symbol	E0.6	fully-qualified
2705	check mark button	Symbols	other-symbol	E0.6	fully-qualified
2611 FE0F	check box with check	Symbols	other-symbol	E0.6	fully-qualified
2714 FE0F	check mark	Symbols	other-symbol	E0.6	fully-qualified
274C	cross mark	Symbols	other-symbol	E0.6	fully-qualified
274E	cross mark button	Symbols	other-symbol	E0.6	fully-qualified
27B0	curly loop	Symbols	other-symbol	E0.6	fully-qualified
27BF	double curly loop	Symbols	other-symbol	E1.0	fully-qualified
303D FE0F	part alternation mark	Symbols	other-symbol	E0.6	fully-qualified
2733 FE0F	eight-spoked asterisk	Symbols	other-symbol	E0.6	fully-qualified
2734 FE0F	eight-pointed star	Symbols	other-symbol	E0.6	fully-qualified
2747 FE0F	sparkle	Symbols	other-symbol	E0.6	fully-qualified
00A9 FE0F	copyright	Symbols	other-symbol	E0.6	fully-qualified
00AE FE0F	registered	Symbols	other-symbol	E0.6	fully-qualified
2122 FE0F	trade mark	Symbols	other-symbol	E0.6	fully-qualified
1FADF	splatter	Symbols	other-symbol	E16.0	fully-qualified
0023 FE0F 20E3	keycap: #	Symbols	keycap	E0.6	fully-qualified
002A FE0F 20E3	keycap: *	Symbols	keycap	E2.0	fully-qualified
0030 FE0F 20E3	keycap: 0	Symbols	keycap	E0.6	fully-qualified
0031 FE0F 20E3	keycap: 1	Symbols	keycap	E0.6	fully-qualified
0032 FE0F 20E3	keycap: 2	Symbols	keycap	E0.6	fully-qualified
0033 FE0F 20E3	keycap: 3	Symbols	keycap	E0.6	fully-qualified
0034 FE0F 20E3	keycap: 4	Symbols	keycap	E0.6	fully-qualified
0035 FE0F 20E3	keycap: 5	Symbols	keycap	E0.6	fully-qualified
0036 FE0F 20E3	keycap: 6	Symbols	keycap	E0.6	fully-qualified
0037 FE0F 20E3	keycap: 7	Symbols	keycap	E0.6	fully-qualified
0038 FE0F 20E3	keycap: 8	Symbols	keycap	E0.6	fully-qualified
0039 FE0F 20E3	keycap: 9	Symbols	keycap	E0.6	fully-qualified
1F51F	keycap: 10	Symbols	keycap	E0.6	fully-qualified
1F520	input latin uppercase	Symbols	alphanum	E0.6	fully-qualified
1F521	input latin lowercase	Symbols	alphanum	E0.6	fully-qualified
1F522	input numbers	Symbols	alphanum	E0.6	fully-qualified
1F523	input symbols	Symbols	alphanum	E0.6	fully-qualified
1F524	input latin letters	Symbols	alphanum	E0.6	fully-qualified
1F170 FE0F	A button (blood type)	Symbols	alphanum	E0.6	fully-qualified
1F18E	AB button (blood type)	Symbols	alphanum	E0.6	fully-qualified
1F171 FE0F	B button (blood type)	Symbols	alphanum	E0.6	fully-qualified
1F191	CL button	Symbols	alphanum	E0.6	fully-qualified
1F192	COOL button	Symbols	alphanum	E0.6	fully-qualified
1F193	FREE button	Symbols	alphanum	E0.6	fully-qualified
2139 FE0F	information	Symbols	alphanum	E0.6	fully-qualified
1F194	ID button	Symbols	alphanum	E0.6	fully-qualified
24C2 FE0F	circled M	Symbols	alphanum	E0.6	fully-qualified
1F195	NEW button	Symbols	alphanum	E0.6	fully-qualified
1F196	NG button	Symbols	alphanum	E0.6	fully-qualified
1F17E FE0F	O button (blood type)	Symbols	alphanum	E0.6	fully-qualified
1F197	OK button	Symbols	alphanum	E0.6	fully-qualified
1F17F FE0F	P button	Symbols	alphanum	E0.6	fully-qualified
1F198	SOS button	Symbols	alphanum	E0.6	fully-qualified
1F199	UP! button	Symbols	alphanum	E0.6	fully-qualified
1F19A	VS button	Symbols	alphanum	E0.6	fully-qualified
1F201	Japanese “here” button	Symbols	alphanum	E0.6	fully-qualified
1F202 FE0F	Japanese “service charge” button	Symbols	alphanum	E0.6	fully-qualified
1F237 FE0F	Japanese “monthly amount” button	Symbols	alphanum	E0.6	fully-qualified
1F236	Japanese “not free of charge” button	Symbols	alphanum	E0.6	fully-qualified
1F22F	Japanese “reserved” button	Symbols	alphanum	E0.6	fully-qualified
1F250	Japanese “bargain” button	Symbols	alphanum	E0.6	fully-qualified
1F239	Japanese “discount” button	Symbols	alphanum	E0.6	fully-qualified
1F21A	Japanese “free of charge” button	Symbols	alphanum	E0.6	fully-qualified
1F232	Japanese “prohibited” button	Symbols	alphanum	E0.6	fully-qualified
1F251	Japanese “acceptable” button	Symbols	alphanum	E0.6	fully-qualified
1F238	Japanese “application” button	Symbols	alphanum	E0.6	fully-qualified
1F234	Japanese “passing grade” button	Symbols	alphanum	E0.6	fully-qualified
1F233	Japanese “vacancy” button	Symbols	alphanum	E0.6	fully-qualified
3297 FE0F	Japanese “congratulations” button	Symbols	alphanum	E0.6	fully-qualified
3299 FE0F	Japanese “secret” button	Symbols	alphanum	E0.6	fully-qualified
1F23A	Japanese “open for business” button	Symbols	alphanum	E0.6	fully-qualified
1F235	Japanese “no vacancy” button	Symbols	alphanum	E0.6	fully-qualified
1F534	red circle	Symbols	geometric	E0.6	fully-qualified
1F7E0	orange circle	Symbols	geometric	E12.0	fully-qualified
1F7E1	yellow circle	Symbols	geometric	E12.0	fully-qualified
1F7E2	green circle	Symbols	geometric	E12.0	fully-qualified
1F535	blue circle	Symbols	geometric	E0.6	fully-qualified
1F7E3	purple circle	Symbols	geometric	E12.0	fully-qualified
1F7E4	brown circle	Symbols	geometric	E12.0	fully-qualified
26AB	black circle	Symbols	geometric	E0.6	fully-qualified
26AA	white circle	Symbols	geometric	E0.6	fully-qualified
1F7E5	red square	Symbols	geometric	E12.0	fully-qualified
1F7E7	orange square	Symbols	geometric	E12.0	fully-qualified
1F7E8	yellow square	Symbols	geometric	E12.0	fully-qualified
1F7E9	green square	Symbols	geometric	E12.0	fully-qualified
1F7E6	blue square	Symbols	geometric	E12.0	fully-qualified
1F7EA	purple square	Symbols	geometric	E12.0	fully-qualified
1F7EB	brown square	Symbols	geometric	E12.0	fully-qualified
2B1B	black large square	Symbols	geometric	E0.6	fully-qualified
2B1C	white large square	Symbols	geometric	E0.6	fully-qualified
25FC FE0F	black medium square	Symbols	geometric	E0.6	fully-qualified
25FB FE0F	white medium square	Symbols	geometric	E0.6	fully-qualified
25FE	black medium-small square	Symbols	geometric	E0.6	fully-qualified
25FD	white medium-small square	Symbols	geometric	E0.6	fully-qualified
25AA FE0F	black small square	Symbols	geometric	E0.6	fully-qualified
25AB FE0F	white small square	Symbols	geometric	E0.6	fully-qualified
1F536	large orange diamond	Symbols	geometric	E0.6	fully-qualified
1F537	large blue diamond	Symbols	geometric	E0.6	fully-qualified
1F538	small orange diamond	Symbols	geometric	E0.6	fully-qualified
1F539	small blue diamond	Symbols	geometric	E0.6	fully-qualified
1F53A	red triangle pointed up	Symbols	geometric	E0.6	fully-qualified
1F53B	red triangle pointed down	Symbols	geometric	E0.6	fully-qualified
1F4A0	diamond with a dot	Symbols	geometric	E0.6	fully-qualified
1F518	radio button	Symbols	geometric	E0.6	fully-qualified
1F533	white square button	Symbols	geometric	E0.6	fully-qualified
1F532	black square button	Symbols	geometric	E0.6	fully-qualified
1F3C1	chequered flag	Flags	flag	E0.6	fully-qualified
1F6A9	triangular flag	Flags	flag	E0.6	fully-qualified
1F38C	crossed flags	Flags	flag	E0.6	fully-qualified
1F3F4	black flag	Flags	flag	E1.0	fully-qualified
1F3F3 FE0F	white flag	Flags	flag	E0.7	fully-qualified
1F3F3 FE0F 200D 1F308	rainbow flag	Flags	flag	E4.0	fully-qualified
1F3F3 FE0F 200D 26A7 FE0F	transgender flag	Flags	flag	E13.0	fully-qualified
1F3F4 200D 2620 FE0F	pirate flag	Flags	flag	E11.0	fully-qualified
1F1E6 1F1E8	flag: Ascension Island	Flags	country-flag	E2.0	fully-qualified
1F1E6 1F1E9	flag: Andorra	Flags	country-flag	E2.0	fully-qualified
1F1E6 1F1EA	flag: United Arab Emirates	Flags	country-flag	E2.0	fully-qualified
1F1E6 1F1EB	flag: Afghanistan	Flags	country-flag	E2.0	fully-qualified
1F1E6 1F1EC	flag: Antigua & Barbuda	Flags	country-flag	E2.0	fully-qualified
1F1E6 1F1EE	flag: Anguilla	Flags	country-flag	E2.0	fully-qualified
1F1E6 1F1F1	flag: Albania	Flags	country-flag	E2.0	fully-qualified
1F1E6 1F1F2	flag: Armenia	Flags	country-flag	E2.0	fully-qualified
1F1E6 1F1F4	flag: Angola	Flags	country-flag	E2.0	fully-qualified
1F1E6 1F1F6	flag: Antarctica	Flags	country-flag	E2.0	fully-qualified
1F1E6 1F1F7	flag: Argentina	Flags	country-flag	E2.0	fully-qualified
1F1E6 1F1F8	flag: American Samoa	Flags	country-flag	E2.0	fully-qualified
1F1E6 1F1F9	flag: Austria	Flags	country-flag	E2.0	fully-qualified
1F1E6 1F1FA	flag: Australia	Flags	country-flag	E2.0	fully-qualified
1F1E6 1F1FC	flag: Aruba	Flags	country-flag	E2.0	fully-qualified
1F1E6 1F1FD	flag: Åland Islands	Flags	country-flag	E2.0	fully-qualified
1F1E6 1F1FF	flag: Azerbaijan	Flags	country-flag	E2.0	fully-qualified
1F1E7 1F1E6	flag: Bosnia & Herzegovina	Flags	country-flag	E2.0	fully-qualified
1F1E7 1F1E7	flag: Barbados	Flags	country-flag	E2.0	fully-qualified
1F1E7 1F1E9	flag: Bangladesh	Flags	country-flag	E2.0	fully-qualified
1F1E7 1F1EA	flag: Belgium	Flags	country-flag	E2.0	fully-qualified
1F1E7 1F1EB	flag: Burkina Faso	Flags	country-flag	E2.0	fully-qualified
1F1E7 1F1EC	flag: Bulgaria	Flags	country-flag	E2.0	fully-qualified
1F1E7 1F1ED	flag: Bahrain	Flags	country-flag	E2.0	fully-qualified
1F1E7 1F1EE	flag: Burundi	Flags	country-flag	E2.0	fully-qualified
1F1E7 1F1EF	flag: Benin	Flags	country-flag	E2.0	fully-qualified
1F1E7 1F1F1	flag: St. Barthélemy	Flags	country-flag	E2.0	fully-qualified
1F1E7 1F1F2	flag: Bermuda	Flags	country-flag	E2.0	fully-qualified
1F1E7 1F1F3	flag: Brunei	Flags	country-flag	E2.0	fully-qualified
1F1E7 1F1F4	flag: Bolivia	Flags	country-flag	E2.0	fully-qualified
1F1E7 1F1F6	flag: Caribbean Netherlands	Flags	country-flag	E2.0	fully-qualified
1F1E7 1F1F7	flag: Brazil	Flags	country-flag	E2.0	fully-qualified
1F1E7 1F1F8	flag: Bahamas	Flags	country-flag	E2.0	fully-qualified
1F1E7 1F1F9	flag: Bhutan	Flags	country-flag	E2.0	fully-qualified
1F1E7 1F1FB	flag: Bouvet Island	Flags	country-flag	E2.0	fully-qualified
1F1E7 1F1FC	flag: Botswana	Flags	country-flag	E2.0	fully-qualified
1F1E7 1F1FE	flag: Belarus	Flags	country-flag	E2.0	fully-qualified
1F1E7 1F1FF	flag: Belize	Flags	country-flag	E2.0	fully-qualified
1F1E8 1F1E6	flag: Canada	Flags	country-flag	E2.0	fully-qualified
1F1E8 1F1E8	flag: Cocos (Keeling) Islands	Flags	country-flag	E2.0	fully-qualified
1F1E8 1F1E9	flag: Congo - Kinshasa	Flags	country-flag	E2.0	fully-qualified
1F1E8 1F1EB	flag: Central African Republic	Flags	country-flag	E2.0	fully-qualified
1F1E8 1F1EC	flag: Congo - Brazzaville	Flags	country-flag	E2.0	fully-qualified
1F1E8 1F1ED	flag: Switzerland	Flags	country-flag	E2.0	fully-qualified
1F1E8 1F1EE	flag: Côte d’Ivoire	Flags	country-flag	E2.0	fully-qualified
1F1E8 1F1F0	flag: Cook Islands	Flags	country-flag	E2.0	fully-qualified
1F1E8 1F1F1	flag: Chile	Flags	country-flag	E2.0	fully-qualified
1F1E8 1F1F2	flag: Cameroon	Flags	country-flag	E2.0	fully-qualified
1F1E8 1F1F3	flag: China	Flags	country-flag	E0.6	fully-qualified
1F1E8 1F1F4	flag: Colombia	Flags	country-flag	E2.0	fully-qualified
1F1E8 1F1F5	flag: Clipperton Island	Flags	country-flag	E2.0	fully-qualified
1F1E8 1F1F6	flag: Sark	Flags	country-flag	E16.0	fully-qualified
1F1E8 1F1F7	flag: Costa Rica	Flags	country-flag	E2.0	fully-qualified
1F1E8 1F1FA	flag: Cuba	Flags	country-flag	E2.0	fully-qualified
1F1E8 1F1FB	flag: Cape Verde	Flags	country-flag	E2.0	fully-qualified
1F1E8 1F1FC	flag: Curaçao	Flags	country-flag	E2.0	fully-qualified
1F1E8 1F1FD	flag: Christmas Island	Flags	country-flag	E2.0	fully-qualified
1F1E8 1F1FE	flag: Cyprus	Flags	country-flag	E2.0	fully-qualified
1F1E8 1F1FF	flag: Czechia	Flags	country-flag	E2.0	fully-qualified
1F1E9 1F1EA	flag: Germany	Flags	country-flag	E0.6	fully-qualified
1F1E9 1F1EC	flag: Diego Garcia	Flags	country-flag	E2.0	fully-qualified
1F1E9 1F1EF	flag: Djibouti	Flags	country-flag	E2.0	fully-qualified
1F1E9 1F1F0	flag: Denmark	Flags	country-flag	E2.0	fully-qualified
1F1E9 1F1F2	flag: Dominica	Flags	country-flag	E2.0	fully-qualified
1F1E9 1F1F4	flag: Dominican Republic	Flags	country-flag	E2.0	fully-qualified
1F1E9 1F1FF	flag: Algeria	Flags	country-flag	E2.0	fully-qualified
1F1EA 1F1E6	flag: Ceuta & Melilla	Flags	country-flag	E2.0	fully-qualified
1F1EA 1F1E8	flag: Ecuador	Flags	country-flag	E2.0	fully-qualified
1F1EA 1F1EA	flag: Estonia	Flags	country-flag	E2.0	fully-qualified
1F1EA 1F1EC	flag: Egypt	Flags	country-flag	E2.0	fully-qualified
1F1EA 1F1ED	flag: Western Sahara	Flags	country-flag	E2.0	fully-qualified
1F1EA 1F1F7	flag: Eritrea	Flags	country-flag	E2.0	fully-qualified
1F1EA 1F1F8	flag: Spain	Flags	country-flag	E0.6	fully-qualified
1F1EA 1F1F9	flag: Ethiopia	Flags	country-flag	E2.0	fully-qualified
1F1EA 1F1FA	flag: European Union	Flags	country-flag	E2.0	fully-qualified
1F1EB 1F1EE	flag: Finland	Flags	country-flag	E2.0	fully-qualified
1F1EB 1F1EF	flag: Fiji	Flags	country-flag	E2.0	fully-qualified
1F1EB 1F1F0	flag: Falkland Islands	Flags	country-flag	E2.0	fully-qualified
1F1EB 1F1F2	flag: Micronesia	Flags	country-flag	E2.0	fully-qualified
1F1EB 1F1F4	flag: Faroe Islands	Flags	country-flag	E2.0	fully-qualified
1F1EB 1F1F7	flag: France	Flags	country-flag	E0.6	fully-qualified
1F1EC 1F1E6	flag: Gabon	Flags	country-flag	E2.0	fully-qualified
1F1EC 1F1E7	flag: United Kingdom	Flags	country-flag	E0.6	fully-qualified
1F1EC 1F1E9	flag: Grenada	Flags	country-flag	E2.0	fully-qualified
1F1EC 1F1EA	flag: Georgia	Flags	country-flag	E2.0	fully-qualified
1F1EC 1F1EB	flag: French Guiana	Flags	country-flag	E2.0	fully-qualified
1F1EC 1F1EC	flag: Guernsey	Flags	country-flag	E2.0	fully-qualified
1F1EC 1F1ED	flag: Ghana	Flags	country-flag	E2.0	fully-qualified
1F1EC 1F1EE	flag: Gibraltar	Flags	country-flag	E2.0	fully-qualified
1F1EC 1F1F1	flag: Greenland	Flags	country-flag	E2.0	fully-qualified
1F1EC 1F1F2	flag: Gambia	Flags	country-flag	E2.0	fully-qualified
1F1EC 1F1F3	flag: Guinea	Flags	country-flag	E2.0	fully-qualified
1F1EC 1F1F5	flag: Guadeloupe	Flags	country-flag	E2.0	fully-qualified
1F1EC 1F1F6	flag: Equatorial Guinea	Flags	country-flag	E2.0	fully-qualified
1F1EC 1F1F7	flag: Greece	Flags	country-flag	E2.0	fully-qualified
1F1EC 1F1F8	flag: South Georgia & South Sandwich Islands	Flags	country-flag	E2.0	fully-qualified
1F1EC 1F1F9	flag: Guatemala	Flags	country-flag	E2.0	fully-qualified
1F1EC 1F1FA	flag: Guam	Flags	country-flag	E2.0	fully-qualified
1F1EC 1F1FC	flag: Guinea-Bissau	Flags	country-flag	E2.0	fully-qualified
1F1EC 1F1FE	flag: Guyana	Flags	country-flag	E2.0	fully-qualified
1F1ED 1F1F0	flag: Hong Kong SAR China	Flags	country-flag	E2.0	fully-qualified
1F1ED 1F1F2	flag: Heard & McDonald Islands	Flags	country-flag	E2.0	fully-qualified
1F1ED 1F1F3	flag: Honduras	Flags	country-flag	E2.0	fully-qualified
1F1ED 1F1F7	flag: Croatia	Flags	country-flag	E2.0	fully-qualified
1F1ED 1F1F9	flag: Haiti	Flags	country-flag	E2.0	fully-qualified
1F1ED 1F1FA	flag: Hungary	Flags	country-flag	E2.0	fully-qualified
1F1EE 1F1E8	flag: Canary Islands	Flags	country-flag	E2.0	fully-qualified
1F1EE 1F1E9	flag: Indonesia	Flags	country-flag	E2.0	fully-qualified
1F1EE 1F1EA	flag: Ireland	Flags	country-flag	E2.0	fully-qualified
1F1EE 1F1F1	flag: Israel	Flags	country-flag	E2.0	fully-qualified
1F1EE 1F1F2	flag: Isle of Man	Flags	country-flag	E2.0	fully-qualified
1F1EE 1F1F3	flag: India	Flags	country-flag	E2.0	fully-qualified
1F1EE 1F1F4	flag: British Indian Ocean Territory	Flags	country-flag	E2.0	fully-qualified
1F1EE 1F1F6	flag: Iraq	Flags	country-flag	E2.0	fully-qualified
1F1EE 1F1F7	flag: Iran	Flags	country-flag	E2.0	fully-qualified
1F1EE 1F1F8	flag: Iceland	Flags	country-flag	E2.0	fully-qualified
1F1EE 1F1F9	flag: Italy	Flags	country-flag	E0.6	fully-qualified
1F1EF 1F1EA	flag: Jersey	Flags	country-flag	E2.0	fully-qualified
1F1EF 1F1F2	flag: Jamaica	Flags	country-flag	E2.0	fully-qualified
1F1EF 1F1F4	flag: Jordan	Flags	country-flag	E2.0	fully-qualified
1F1EF 1F1F5	flag: Japan	Flags	country-flag	E0.6	fully-qualified
1F1F0 1F1EA	flag: Kenya	Flags	country-flag	E2.0	fully-qualified
1F1F0 1F1EC	flag: Kyrgyzstan	Flags	country-flag	E2.0	fully-qualified
1F1F0 1F1ED	flag: Cambodia	Flags	country-flag	E2.0	fully-qualified
1F1F0 1F1EE	flag: Kiribati	Flags	country-flag	E2.0	fully-qualified
1F1F0 1F1F2	flag: Comoros	Flags	country-flag	E2.0	fully-qualified
1F1F0 1F1F3	flag: St. Kitts & Nevis	Flags	country-flag	E2.0	fully-qualified
1F1F0 1F1F5	flag: North Korea	Flags	country-flag	E2.0	fully-qualified
1F1F0 1F1F7	flag: South Korea	Flags	country-flag	E0.6	fully-qualified
1F1F0 1F1FC	flag: Kuwait	Flags	country-flag	E2.0	fully-qualified
1F1F0 1F1FE	flag: Cayman Islands	Flags	country-flag	E2.0	fully-qualified
1F1F0 1F1FF	flag: Kazakhstan	Flags	country-flag	E2.0	fully-qualified
1F1F1 1F1E6	flag: Laos	Flags	country-flag	E2.0	fully-qualified
1F1F1 1F1E7	flag: Lebanon	Flags	country-flag	E2.0	fully-qualified
1F1F1 1F1E8	flag: St. Lucia	Flags	country-flag	E2.0	fully-qualified
1F1F1 1F1EE	flag: Liechtenstein	Flags	country-flag	E2.0	fully-qualified
1F1F1 1F1F0	flag: Sri Lanka	Flags	country-flag	E2.0	fully-qualified
1F1F1 1F1F7	flag: Liberia	Flags	country-flag	E2.0	fully-qualified
1F1F1 1F1F8	flag: Lesotho	Flags	country-flag	E2.0	fully-qualified
1F1F1 1F1F9	flag: Lithuania	Flags	country-flag	E2.0	fully-qualified
1F1F1 1F1FA	flag: Luxembourg	Flags	country-flag	E2.0	fully-qualified
1F1F1 1F1FB	flag: Latvia	Flags	country-flag	E2.0	fully-qualified
1F1F1 1F1FE	flag: Libya	Flags	country-flag	E2.0	fully-qualified
1F1F2 1F1E6	flag: Morocco	Flags	country-flag	E2.0	fully-qualified
1F1F2 1F1E8	flag: Monaco	Flags	country-flag	E2.0	fully-qualified
1F1F2 1F1E9	flag: Moldova	Flags	country-flag	E2.0	fully-qualified
1F1F2 1F1EA	flag: Montenegro	Flags	country-flag	E2.0	fully-qualified
1F1F2 1F1EB	flag: St. Martin	Flags	country-flag	E2.0	fully-qualified
1F1F2 1F1EC	flag: Madagascar	Flags	country-flag	E2.0	fully-qualified
1F1F2 1F1ED	flag: Marshall Islands	Flags	country-flag	E2.0	fully-qualified
1F1F2 1F1F0	flag: North Macedonia	Flags	country-flag	E2.0	fully-qualified
1F1F2 1F1F1	flag: Mali	Flags	country-flag	E2.0	fully-qualified
1F1F2 1F1F2	flag: Myanmar (Burma)	Flags	country-flag	E2.0	fully-qualified
1F1F2 1F1F3	flag: Mongolia	Flags	country-flag	E2.0	fully-qualified
1F1F2 1F1F4	flag: Macao SAR China	Flags	country-flag	E2.0	fully-qualified
1F1F2 1F1F5	flag: Northern Mariana Islands	Flags	country-flag	E2.0	fully-qualified
1F1F2 1F1F6	flag: Martinique	Flags	country-flag	E2.0	fully-qualified
1F1F2 1F1F7	flag: Mauritania	Flags	country-flag	E2.0	fully-qualified
1F1F2 1F1F8	flag: Montserrat	Flags	country-flag	E2.0	fully-qualified
1F1F2 1F1F9	flag: Malta	Flags	country-flag	E2.0	fully-qualified
1F1F2 1F1FA	flag: Mauritius	Flags	country-flag	E2.0	fully-qualified
1F1F2 1F1FB	flag: Maldives	Flags	country-flag	E2.0	fully-qualified
1F1F2 1F1FC	flag: Malawi	Flags	country-flag	E2.0	fully-qualified
1F1F2 1F1FD	flag: Mexico	Flags	country-flag	E2.0	fully-qualified
1F1F2 1F1FE	flag: Malaysia	Flags	country-flag	E2.0	fully-qualified
1F1F2 1F1FF	flag: Mozambique	Flags	country-flag	E2.0	fully-qualified
1F1F3 1F1E6	flag: Namibia	Flags	country-flag	E2.0	fully-qualified
1F1F3 1F1E8	flag: New Caledonia	Flags	country-flag	E2.0	fully-qualified
1F1F3 1F1EA	flag: Niger	Flags	country-flag	E2.0	fully-qualified
1F1F3 1F1EB	flag: Norfolk Island	Flags	country-flag	E2.0	fully-qualified
1F1F3 1F1EC	flag: Nigeria	Flags	country-flag	E2.0	fully-qualified
1F1F3 1F1EE	flag: Nicaragua	Flags	country-flag	E2.0	fully-qualified
1F1F3 1F1F1	flag: Netherlands	Flags	country-flag	E2.0	fully-qualified
1F1F3 1F1F4	flag: Norway	Flags	country-flag	E2.0	fully-qualified
1F1F3 1F1F5	flag: Nepal	Flags	country-flag	E2.0	fully-qualified
1F1F3 1F1F7	flag: Nauru	Flags	country-flag	E2.0	fully-qualified
1F1F3 1F1FA	flag: Niue	Flags	country-flag	E2.0	fully-qualified
1F1F3 1F1FF	flag: New Zealand	Flags	country-flag	E2.0	fully-qualified
1F1F4 1F1F2	flag: Oman	Flags	country-flag	E2.0	fully-qualified
1F1F5 1F1E6	flag: Panama	Flags	country-flag	E2.0	fully-qualified
1F1F5 1F1EA	flag: Peru	Flags	country-flag	E2.0	fully-qualified
1F1F5 1F1EB	flag: French Polynesia	Flags	country-flag	E2.0	fully-qualified
1F1F5 1F1EC	flag: Papua New Guinea	Flags	country-flag	E2.0	fully-qualified
1F1F5 1F1ED	flag: Philippines	Flags	country-flag	E2.0	fully-qualified
1F1F5 1F1F0	flag: Pakistan	Flags	country-flag	E2.0	fully-qualified
1F1F5 1F1F1	flag: Poland	Flags	country-flag	E2.0	fully-qualified
1F1F5 1F1F2	flag: St. Pierre & Miquelon	Flags	country-flag	E2.0	fully-qualified
1F1F5 1F1F3	flag: Pitcairn Islands	Flags	country-flag	E2.0	fully-qualified
1F1F5 1F1F7	flag: Puerto Rico	Flags	country-flag	E2.0	fully-qualified
1F1F5 1F1F8	flag: Palestinian Territories	Flags	country-flag	E2.0	fully-qualified
1F1F5 1F1F9	flag: Portugal	Flags	country-flag	E2.0	fully-qualified
1F1F5 1F1FC	flag: Palau	Flags	country-flag	E2.0	fully-qualified
1F1F5 1F1FE	flag: Paraguay	Flags	country-flag	E2.0	fully-qualified
1F1F6 1F1E6	flag: Qatar	Flags	country-flag	E2.0	fully-qualified
1F1F7 1F1EA	flag: Réunion	Flags	country-flag	E2.0	fully-qualified
1F1F7 1F1F4	flag: Romania	Flags	country-flag	E2.0	fully-qualified
1F1F7 1F1F8	flag: Serbia	Flags	country-flag	E2.0	fully-qualified
1F1F7 1F1FA	flag: Russia	Flags	country-flag	E0.6	fully-qualified
1F1F7 1F1FC	flag: Rwanda	Flags	country-flag	E2.0	fully-qualified
1F1F8 1F1E6	flag: Saudi Arabia	Flags	country-flag	E2.0	fully-qualified
1F1F8 1F1E7	flag: Solomon Islands	Flags	country-flag	E2.0	fully-qualified
1F1F8 1F1E8	flag: Seychelles	Flags	country-flag	E2.0	fully-qualified
1F1F8 1F1E9	flag: Sudan	Flags	country-flag	E2.0	fully-qualified
1F1F8 1F1EA	flag: Sweden	Flags	country-flag	E2.0	fully-qualified
1F1F8 1F1EC	flag: Singapore	Flags	country-flag	E2.0	fully-qualified
1F1F8 1F1ED	flag: St. Helena	Flags	country-flag	E2.0	fully-qualified
1F1F8 1F1EE	flag: Slovenia	Flags	country-flag	E2.0	fully-qualified
1F1F8 1F1EF	flag: Svalbard & Jan Mayen	Flags	country-flag	E2.0	fully-qualified
1F1F8 1F1F0	flag: Slovakia	Flags	country-flag	E2.0	fully-qualified
1F1F8 1F1F1	flag: Sierra Leone	Flags	country-flag	E2.0	fully-qualified
1F1F8 1F1F2	flag: San Marino	Flags	country-flag	E2.0	fully-qualified
1F1F8 1F1F3	flag: Senegal	Flags	country-flag	E2.0	fully-qualified
1F1F8 1F1F4	flag: Somalia	Flags	country-flag	E2.0	fully-qualified
1F1F8 1F1F7	flag: Suriname	Flags	country-flag	E2.0	fully-qualified
1F1F8 1F1F8	flag: South Sudan	Flags	country-flag	E2.0	fully-qualified
1F1F8 1F1F9	flag: São Tomé & Príncipe	Flags	country-flag	E2.0	fully-qualified
1F1F8 1F1FB	flag: El Salvador	Flags	country-flag	E2.0	fully-qualified
1F1F8 1F1FD	flag: Sint Maarten	Flags	country-flag	E2.0	fully-qualified
1F1F8 1F1FE	flag: Syria	Flags	country-flag	E2.0	fully-qualified
1F1F8 1F1FF	flag: Eswatini	Flags	country-flag	E2.0	fully-qualified
1F1F9 1F1E6	flag: Tristan da Cunha	Flags	country-flag	E2.0	fully-qualified
1F1F9 1F1E8	flag: Turks & Caicos Islands	Flags	country-flag	E2.0	fully-qualified
1F1F9 1F1E9	flag: Chad	Flags	country-flag	E2.0	fully-qualified
1F1F9 1F1EB	flag: French Southern Territories	Flags	country-flag	E2.0	fully-qualified
1F1F9 1F1EC	flag: Togo	Flags	country-flag	E2.0	fully-qualified
1F1F9 1F1ED	flag: Thailand	Flags	country-flag	E2.0	fully-qualified
1F1F9 1F1EF	flag: Tajikistan	Flags	country-flag	E2.0	fully-qualified
1F1F9 1F1F0	flag: Tokelau	Flags	country-flag	E2.0	fully-qualified
1F1F9 1F1F1	flag: Timor-Leste	Flags	country-flag	E2.0	fully-qualified
1F1F9 1F1F2	flag: Turkmenistan	Flags	country-flag	E2.0	fully-qualified
1F1F9 1F1F3	flag: Tunisia	Flags	country-flag	E2.0	fully-qualified
1F1F9 1F1F4	flag: Tonga	Flags	country-flag	E2.0	fully-qualified
1F1F9 1F1F7	flag: Türkiye	Flags	country-flag	E2.0	fully-qualified
1F1F9 1F1F9	flag: Trinidad & Tobago	Flags	country-flag	E2.0	fully-qualified
1F1F9 1F1FB	flag: Tuvalu	Flags	country-flag	E2.0	fully-qualified
1F1F9 1F1FC	flag: Taiwan	Flags	country-flag	E2.0	fully-qualified
1F1F9 1F1FF	flag: Tanzania	Flags	country-flag	E2.0	fully-qualified
1F1FA 1F1E6	flag: Ukraine	Flags	country-flag	E2.0	fully-qualified
1F1FA 1F1EC	flag: Uganda	Flags	country-flag	E2.0	fully-qualified
1F1FA 1F1F2	flag: U.S. Outlying Islands	Flags	country-flag	E2.0	fully-qualified
1F1FA 1F1F3	flag: United Nations	Flags	country-flag	E4.0	fully-qualified
1F1FA 1F1F8	flag: United States	Flags	country-flag	E0.6	fully-qualified
1F1FA 1F1FE	flag: Uruguay	Flags	country-flag	E2.0	fully-qualified
1F1FA 1F1FF	flag: Uzbekistan	Flags	country-flag	E2.0	fully-qualified
1F1FB 1F1E6	flag: Vatican City	Flags	country-flag	E2.0	fully-qualified
1F1FB 1F1E8	flag: St. Vincent & Grenadines	Flags	country-flag	E2.0	fully-qualified
1F1FB 1F1EA	flag: Venezuela	Flags	country-flag	E2.0	fully-qualified
1F1FB 1F1EC	flag: British Virgin Islands	Flags	country-flag	E2.0	fully-qualified
1F1FB 1F1EE	flag: U.S. Virgin Islands	Flags	country-flag	E2.0	fully-qualified
1F1FB 1F1F3	flag: Vietnam	Flags	country-flag	E2.0	fully-qualified
1F1FB 1F1FA	flag: Vanuatu	Flags	country-flag	E2.0	fully-qualified
1F1FC 1F1EB	flag: Wallis & Futuna	Flags	country-flag	E2.0	fully-qualified
1F1FC 1F1F8	flag: Samoa	Flags	country-flag	E2.0	fully-qualified
1F1FD 1F1F0	flag: Kosovo	Flags	country-flag	E2.0	fully-qualified
1F1FE 1F1EA	flag: Yemen	Flags	country-flag	E2.0	fully-qualified
1F1FE 1F1F9	flag: Mayotte	Flags	country-flag	E2.0	fully-qualified
1F1FF 1F1E6	flag: South Africa	Flags	country-flag	E2.0	fully-qualified
1F1FF 1F1F2	flag: Zambia	Flags	country-flag	E2.0	fully-qualified
1F1FF 1F1FC	flag: Zimbabwe	Flags	country-flag	E2.0	fully-qualified
1F3F4 E0067 E0062 E0065 E006E E0067 E007F	flag: England	Flags	subdivision-flag	E5.0	fully-qualified
1F3F4 E0067 E0062 E0073 E0063 E0074 E007F	flag: Scotland	Flags	subdivision-flag	E5.0	fully-qualified
1F3F4 E0067 E0062 E0077 E006C E0073 E007F	flag: Wales	Flags	subdivision-flag	E5.0	fully-qualified
